image,class_id,class_name,x_center,y_center,width,height,confidence,severity,priority_score,latitude,longitude,highway,road_segment,timestamp,data_source,priority_level
India_000005_jpg.rf.b25bff8f235e2ce5ff8a883f2d8706c0,5,D40,0.288663,0.721246,0.515209,0.156519,0.19776,2,0.39552,20.293832967768953,85.81322919387692,NH-16 (DEMO),SEG-001,2026-09-28,SYNTHETIC DEMO - NOT REAL GPS,Low
India_000005_jpg.rf.b25bff8f235e2ce5ff8a883f2d8706c0,4,D20,0.465403,0.792052,0.896058,0.255097,0.116451,2,0.232902,20.240220550360327,85.76564991897587,NH-16 (DEMO),SEG-001,2026-09-28,SYNTHETIC DEMO - NOT REAL GPS,Low
India_000005_jpg.rf.b25bff8f235e2ce5ff8a883f2d8706c0,5,D40,0.464227,0.710844,0.13245,0.070161,0.0865636,2,0.1731272,20.30737566718582,85.83826757150827,NH-16 (DEMO),SEG-001,2026-09-28,SYNTHETIC DEMO - NOT REAL GPS,Low
India_000005_jpg.rf.b25bff8f235e2ce5ff8a883f2d8706c0,5,D40,0.426082,0.71155,0.216216,0.113257,0.081282,2,0.162564,20.281578884649498,85.75820565269738,NH-16 (DEMO),SEG-001,2026-09-28,SYNTHETIC DEMO - NOT REAL GPS,Low
India_000005_jpg.rf.b25bff8f235e2ce5ff8a883f2d8706c0,5,D40,0.454151,0.705592,0.154018,0.0909265,0.0575286,2,0.1150572,20.185068375662023,85.82742456386768,NH-16 (DEMO),SEG-001,2026-09-28,SYNTHETIC DEMO - NOT REAL GPS,Low
India_000005_jpg.rf.b25bff8f235e2ce5ff8a883f2d8706c0,5,D40,0.398906,0.710883,0.327665,0.140584,0.0522759,2,0.1045518,20.326099576261882,85.76081994496921,NH-16 (DEMO),SEG-001,2026-09-28,SYNTHETIC DEMO - NOT REAL GPS,Low
India_000054_jpg.rf.e98e4d1c86ed8619b61a01ae74721d53,5,D40,0.366461,0.814164,0.0849739,0.048642,0.129714,2,0.259428,20.291782352318457,85.80178300214878,NH-16 (DEMO),SEG-001,2026-09-28,SYNTHETIC DEMO - NOT REAL GPS,Low
India_000054_jpg.rf.e98e4d1c86ed8619b61a01ae74721d53,4,D20,0.563293,0.89495,0.862474,0.207829,0.0838742,2,0.1677484,20.295770288844313,85.87178343486659,NH-16 (DEMO),SEG-001,2026-09-28,SYNTHETIC DEMO - NOT REAL GPS,Low
India_000054_jpg.rf.e98e4d1c86ed8619b61a01ae74721d53,5,D40,0.320452,0.813303,0.182829,0.0739691,0.0603604,2,0.1207208,20.190498181228087,85.78100920615303,NH-16 (DEMO),SEG-001,2026-09-28,SYNTHETIC DEMO - NOT REAL GPS,Low
India_000078_jpg.rf.60689553877dd3e754859573c43a4289,4,D20,0.453155,0.840382,0.842177,0.291182,0.599814,2,1.199628,20.24206175006329,85.86011815775412,NH-16 (DEMO),SEG-001,2026-09-28,SYNTHETIC DEMO - NOT REAL GPS,Medium
India_000078_jpg.rf.60689553877dd3e754859573c43a4289,4,D20,0.659045,0.8445,0.31058,0.258406,0.143925,2,0.28785,20.229327683877212,85.87791113299262,NH-16 (DEMO),SEG-001,2026-09-28,SYNTHETIC DEMO - NOT REAL GPS,Low
India_000078_jpg.rf.60689553877dd3e754859573c43a4289,4,D20,0.40824,0.847939,0.22702,0.239019,0.104148,2,0.208296,20.318282398215775,85.85997613580882,NH-16 (DEMO),SEG-001,2026-09-28,SYNTHETIC DEMO - NOT REAL GPS,Low
India_000078_jpg.rf.60689553877dd3e754859573c43a4289,4,D20,0.586433,0.850139,0.762933,0.284622,0.099598,2,0.199196,20.273018419212907,85.74653856475574,NH-16 (DEMO),SEG-001,2026-09-28,SYNTHETIC DEMO - NOT REAL GPS,Low
India_000078_jpg.rf.60689553877dd3e754859573c43a4289,4,D20,0.374022,0.844427,0.25535,0.262478,0.0935855,2,0.187171,20.301641858123332,85.85114531512562,NH-16 (DEMO),SEG-001,2026-09-28,SYNTHETIC DEMO - NOT REAL GPS,Low
India_000078_jpg.rf.60689553877dd3e754859573c43a4289,4,D20,0.656099,0.844882,0.442463,0.26494,0.0906076,2,0.1812152,20.240946271812373,85.7251439032161,NH-16 (DEMO),SEG-001,2026-09-28,SYNTHETIC DEMO - NOT REAL GPS,Low
India_000078_jpg.rf.60689553877dd3e754859573c43a4289,4,D20,0.556135,0.840631,0.555281,0.248743,0.0815912,2,0.1631824,20.206358195485564,85.78292830139189,NH-16 (DEMO),SEG-001,2026-09-28,SYNTHETIC DEMO - NOT REAL GPS,Low
India_000078_jpg.rf.60689553877dd3e754859573c43a4289,4,D20,0.698445,0.843117,0.280571,0.293024,0.0752377,2,0.1504754,20.258733565922533,85.85931733973085,NH-16 (DEMO),SEG-001,2026-09-28,SYNTHETIC DEMO - NOT REAL GPS,Low
India_000078_jpg.rf.60689553877dd3e754859573c43a4289,5,D40,0.242052,0.82353,0.46648,0.322813,0.0679879,2,0.1359758,20.180210760976667,85.83020035404158,NH-16 (DEMO),SEG-001,2026-09-28,SYNTHETIC DEMO - NOT REAL GPS,Low
India_000078_jpg.rf.60689553877dd3e754859573c43a4289,4,D20,0.43322,0.842238,0.312296,0.249824,0.0594557,2,0.1189114,20.302420987518815,85.80523846837406,NH-16 (DEMO),SEG-001,2026-09-28,SYNTHETIC DEMO - NOT REAL GPS,Low
India_000078_jpg.rf.60689553877dd3e754859573c43a4289,5,D40,0.223551,0.762928,0.435135,0.240042,0.0541594,2,0.1083188,20.27106630385953,85.78205824401321,NH-16 (DEMO),SEG-001,2026-09-28,SYNTHETIC DEMO - NOT REAL GPS,Low
India_000078_jpg.rf.60689553877dd3e754859573c43a4289,0,D00,0.663782,0.827659,0.175602,0.250938,0.05241,3,0.1572299999999999,20.29129403841366,85.84996751143524,NH-16 (DEMO),SEG-001,2026-09-28,SYNTHETIC DEMO - NOT REAL GPS,Low
India_000080_jpg.rf.4e548656443c67c7ccec4f601e02de1b,4,D20,0.211038,0.879936,0.415339,0.222871,0.117468,2,0.234936,20.22672415490078,85.83352934463171,NH-16 (DEMO),SEG-001,2026-09-28,SYNTHETIC DEMO - NOT REAL GPS,Low
India_000080_jpg.rf.4e548656443c67c7ccec4f601e02de1b,5,D40,0.234583,0.872567,0.448244,0.205806,0.0840681,2,0.1681362,20.325311683903184,85.79494485113851,NH-16 (DEMO),SEG-001,2026-09-28,SYNTHETIC DEMO - NOT REAL GPS,Low
India_000080_jpg.rf.4e548656443c67c7ccec4f601e02de1b,4,D20,0.613797,0.797035,0.769365,0.251948,0.077384,2,0.154768,20.31289937941155,85.86279749395354,NH-16 (DEMO),SEG-001,2026-09-28,SYNTHETIC DEMO - NOT REAL GPS,Low
India_000113_jpg.rf.73270e6380cbb4f22fa25ae78f4f957d,5,D40,0.427434,0.78662,0.145097,0.0635508,0.0725894,2,0.1451788,20.294541359531802,85.75679168285097,NH-16 (DEMO),SEG-001,2026-09-28,SYNTHETIC DEMO - NOT REAL GPS,Low
India_000113_jpg.rf.73270e6380cbb4f22fa25ae78f4f957d,5,D40,0.43844,0.792824,0.119655,0.0560059,0.0660617,2,0.1321234,20.201142193256313,85.74726264146538,NH-16 (DEMO),SEG-001,2026-09-28,SYNTHETIC DEMO - NOT REAL GPS,Low
India_000126_jpg.rf.3495c23e0ac9ab8666d03ab545d85f5f,4,D20,0.658589,0.806587,0.234073,0.298536,0.974387,2,1.948774,20.244675360596325,85.82284860229338,NH-16 (DEMO),SEG-001,2026-09-28,SYNTHETIC DEMO - NOT REAL GPS,High
India_000126_jpg.rf.3495c23e0ac9ab8666d03ab545d85f5f,4,D20,0.720314,0.804986,0.427392,0.31132,0.725911,2,1.451822,20.177008602525955,85.87551909483228,NH-16 (DEMO),SEG-001,2026-09-28,SYNTHETIC DEMO - NOT REAL GPS,Medium
India_000126_jpg.rf.3495c23e0ac9ab8666d03ab545d85f5f,4,D20,0.646831,0.84443,0.211728,0.209805,0.671754,2,1.343508,20.194686318730806,85.75956105172908,NH-16 (DEMO),SEG-001,2026-09-28,SYNTHETIC DEMO - NOT REAL GPS,Medium
India_000126_jpg.rf.3495c23e0ac9ab8666d03ab545d85f5f,4,D20,0.580143,0.815926,0.803719,0.302068,0.521693,2,1.043386,20.279287832518794,85.7599472606294,NH-16 (DEMO),SEG-001,2026-09-28,SYNTHETIC DEMO - NOT REAL GPS,Medium
India_000126_jpg.rf.3495c23e0ac9ab8666d03ab545d85f5f,4,D20,0.645596,0.815344,0.184054,0.263318,0.400325,2,0.80065,20.28916194494525,85.74231981567395,NH-16 (DEMO),SEG-001,2026-09-28,SYNTHETIC DEMO - NOT REAL GPS,Medium
India_000126_jpg.rf.3495c23e0ac9ab8666d03ab545d85f5f,4,D20,0.76844,0.839363,0.44617,0.262183,0.277809,2,0.555618,20.324801557189474,85.85769016884377,NH-16 (DEMO),SEG-001,2026-09-28,SYNTHETIC DEMO - NOT REAL GPS,Medium
India_000126_jpg.rf.3495c23e0ac9ab8666d03ab545d85f5f,4,D20,0.683733,0.813317,0.632534,0.269971,0.26003,2,0.52006,20.222132057302105,85.75622360646581,NH-16 (DEMO),SEG-001,2026-09-28,SYNTHETIC DEMO - NOT REAL GPS,Medium
India_000126_jpg.rf.3495c23e0ac9ab8666d03ab545d85f5f,4,D20,0.437521,0.828838,0.797641,0.284539,0.15918,2,0.31836,20.22927355296558,85.80050856427597,NH-16 (DEMO),SEG-001,2026-09-28,SYNTHETIC DEMO - NOT REAL GPS,Low
India_000126_jpg.rf.3495c23e0ac9ab8666d03ab545d85f5f,4,D20,0.527117,0.794099,0.57208,0.31937,0.138802,2,0.277604,20.245128929804128,85.87853959648035,NH-16 (DEMO),SEG-001,2026-09-28,SYNTHETIC DEMO - NOT REAL GPS,Low
India_000126_jpg.rf.3495c23e0ac9ab8666d03ab545d85f5f,4,D20,0.658536,0.860347,0.166221,0.172313,0.106229,2,0.212458,20.200315417453485,85.72194254414752,NH-16 (DEMO),SEG-001,2026-09-28,SYNTHETIC DEMO - NOT REAL GPS,Low
India_000126_jpg.rf.3495c23e0ac9ab8666d03ab545d85f5f,4,D20,0.363003,0.813714,0.398934,0.308554,0.105867,2,0.211734,20.190787440853676,85.80903777448172,NH-16 (DEMO),SEG-001,2026-09-28,SYNTHETIC DEMO - NOT REAL GPS,Low
India_000126_jpg.rf.3495c23e0ac9ab8666d03ab545d85f5f,4,D20,0.878004,0.848342,0.243993,0.263869,0.100798,2,0.201596,20.24611278819615,85.80196624683279,NH-16 (DEMO),SEG-001,2026-09-28,SYNTHETIC DEMO - NOT REAL GPS,Low
India_000146_jpg.rf.d8fbc816b7c5c45f22ac973e534c698d,7,D44,0.752964,0.740406,0.0947391,0.111024,0.144799,3,0.434397,20.20630549584814,85.84919158022562,NH-16 (DEMO),SEG-001,2026-09-28,SYNTHETIC DEMO - NOT REAL GPS,Low
India_000156_jpg.rf.cd6439f93684cdc43789991223e9994f,4,D20,0.456363,0.738387,0.841313,0.265857,0.443908,2,0.887816,20.2771702391492,85.77684504632845,NH-16 (DEMO),SEG-001,2026-09-28,SYNTHETIC DEMO - NOT REAL GPS,Medium
India_000164_jpg.rf.63d478e8abf51ba9fa3390e60b036d83,4,D20,0.456873,0.756243,0.858029,0.263374,0.926136,2,1.852272,20.239944307019574,85.78565461742384,NH-16 (DEMO),SEG-001,2026-09-28,SYNTHETIC DEMO - NOT REAL GPS,High
India_000164_jpg.rf.63d478e8abf51ba9fa3390e60b036d83,4,D20,0.529834,0.764731,0.395236,0.219609,0.657484,2,1.314968,20.303228511369255,85.74687007689582,NH-16 (DEMO),SEG-001,2026-09-28,SYNTHETIC DEMO - NOT REAL GPS,Medium
India_000164_jpg.rf.63d478e8abf51ba9fa3390e60b036d83,4,D20,0.591,0.769223,0.424692,0.203048,0.363863,2,0.727726,20.28204241632036,85.83853043706172,NH-16 (DEMO),SEG-001,2026-09-28,SYNTHETIC DEMO - NOT REAL GPS,Medium
India_000164_jpg.rf.63d478e8abf51ba9fa3390e60b036d83,4,D20,0.637656,0.775009,0.591818,0.194765,0.227441,2,0.454882,20.219978662621127,85.8455534254701,NH-16 (DEMO),SEG-001,2026-09-28,SYNTHETIC DEMO - NOT REAL GPS,Low
India_000164_jpg.rf.63d478e8abf51ba9fa3390e60b036d83,4,D20,0.425772,0.759987,0.225036,0.234644,0.165467,2,0.330934,20.30316156822323,85.74186613132461,NH-16 (DEMO),SEG-001,2026-09-28,SYNTHETIC DEMO - NOT REAL GPS,Low
India_000164_jpg.rf.63d478e8abf51ba9fa3390e60b036d83,4,D20,0.592724,0.787616,0.172654,0.16135,0.163611,2,0.327222,20.298762297199488,85.78295313183813,NH-16 (DEMO),SEG-001,2026-09-28,SYNTHETIC DEMO - NOT REAL GPS,Low
India_000164_jpg.rf.63d478e8abf51ba9fa3390e60b036d83,4,D20,0.663233,0.775146,0.41107,0.190515,0.129136,2,0.258272,20.23199654064483,85.86286479925802,NH-16 (DEMO),SEG-001,2026-09-28,SYNTHETIC DEMO - NOT REAL GPS,Low
India_000164_jpg.rf.63d478e8abf51ba9fa3390e60b036d83,4,D20,0.598963,0.766536,0.605824,0.249291,0.121935,2,0.24387,20.216132496628838,85.72043316378813,NH-16 (DEMO),SEG-001,2026-09-28,SYNTHETIC DEMO - NOT REAL GPS,Low
India_000164_jpg.rf.63d478e8abf51ba9fa3390e60b036d83,4,D20,0.713674,0.772342,0.272674,0.196117,0.112228,2,0.224456,20.279199280635996,85.76780145129962,NH-16 (DEMO),SEG-001,2026-09-28,SYNTHETIC DEMO - NOT REAL GPS,Low
India_000164_jpg.rf.63d478e8abf51ba9fa3390e60b036d83,4,D20,0.444848,0.775248,0.552345,0.23216,0.0987471,2,0.1974942,20.192360397377488,85.80880676560841,NH-16 (DEMO),SEG-001,2026-09-28,SYNTHETIC DEMO - NOT REAL GPS,Low
India_000164_jpg.rf.63d478e8abf51ba9fa3390e60b036d83,5,D40,0.599094,0.786913,0.135143,0.140606,0.0830398,2,0.1660796,20.20198531239602,85.77345501754559,NH-16 (DEMO),SEG-002,2026-09-28,SYNTHETIC DEMO - NOT REAL GPS,Low
India_000164_jpg.rf.63d478e8abf51ba9fa3390e60b036d83,0,D00,0.628383,0.798111,0.0969689,0.133386,0.0827396,3,0.2482188,20.17117796316016,85.76352723026842,NH-16 (DEMO),SEG-002,2026-09-28,SYNTHETIC DEMO - NOT REAL GPS,Low
India_000164_jpg.rf.63d478e8abf51ba9fa3390e60b036d83,7,D44,0.620417,0.78864,0.113991,0.15894,0.0669448,3,0.2008344,20.29590790040034,85.7936059975845,NH-16 (DEMO),SEG-002,2026-09-28,SYNTHETIC DEMO - NOT REAL GPS,Low
India_000164_jpg.rf.63d478e8abf51ba9fa3390e60b036d83,7,D44,0.726685,0.790905,0.124168,0.149858,0.0567966,3,0.1703898,20.276376137054726,85.74904369729755,NH-16 (DEMO),SEG-002,2026-09-28,SYNTHETIC DEMO - NOT REAL GPS,Low
India_000164_jpg.rf.63d478e8abf51ba9fa3390e60b036d83,7,D44,0.637786,0.800163,0.0803092,0.134942,0.0544047,3,0.1632141,20.282826460580214,85.80474003855352,NH-16 (DEMO),SEG-002,2026-09-28,SYNTHETIC DEMO - NOT REAL GPS,Low
India_000164_jpg.rf.63d478e8abf51ba9fa3390e60b036d83,4,D20,0.505451,0.750044,0.484793,0.275965,0.0533636,2,0.1067272,20.294916644963514,85.83307134741011,NH-16 (DEMO),SEG-002,2026-09-28,SYNTHETIC DEMO - NOT REAL GPS,Low
India_000166_jpg.rf.db9cf2b9192b292c361b9d031e6d6e6a,5,D40,0.472394,0.492467,0.073307,0.0421459,0.0884502,2,0.1769004,20.243426524086136,85.81204719242056,NH-16 (DEMO),SEG-002,2026-09-28,SYNTHETIC DEMO - NOT REAL GPS,Low
India_000168_jpg.rf.54912dd0b9aecd5eef4e6fcf3adf38da,4,D20,0.405367,0.821807,0.80426,0.286767,0.868871,2,1.737742,20.260998591352465,85.73489749293736,NH-16 (DEMO),SEG-002,2026-09-28,SYNTHETIC DEMO - NOT REAL GPS,High
India_000168_jpg.rf.54912dd0b9aecd5eef4e6fcf3adf38da,5,D40,0.355471,0.783858,0.556911,0.225354,0.212885,2,0.42577,20.192367519700426,85.85510537826649,NH-16 (DEMO),SEG-002,2026-09-28,SYNTHETIC DEMO - NOT REAL GPS,Low
India_000168_jpg.rf.54912dd0b9aecd5eef4e6fcf3adf38da,5,D40,0.423444,0.805914,0.564839,0.229964,0.131648,2,0.263296,20.188324811765757,85.747996453998,NH-16 (DEMO),SEG-002,2026-09-28,SYNTHETIC DEMO - NOT REAL GPS,Low
India_000168_jpg.rf.54912dd0b9aecd5eef4e6fcf3adf38da,5,D40,0.427164,0.76916,0.302962,0.167356,0.104858,2,0.209716,20.276944473886477,85.84236992009778,NH-16 (DEMO),SEG-002,2026-09-28,SYNTHETIC DEMO - NOT REAL GPS,Low
India_000168_jpg.rf.54912dd0b9aecd5eef4e6fcf3adf38da,5,D40,0.414706,0.755194,0.19863,0.104791,0.101477,2,0.202954,20.2453753929829,85.77769041772413,NH-16 (DEMO),SEG-002,2026-09-28,SYNTHETIC DEMO - NOT REAL GPS,Low
India_000168_jpg.rf.54912dd0b9aecd5eef4e6fcf3adf38da,4,D20,0.330901,0.815612,0.661802,0.343567,0.0845521,2,0.1691042,20.26043777703699,85.84524181568898,NH-16 (DEMO),SEG-002,2026-09-28,SYNTHETIC DEMO - NOT REAL GPS,Low
India_000168_jpg.rf.54912dd0b9aecd5eef4e6fcf3adf38da,5,D40,0.28134,0.785222,0.56268,0.26047,0.07738,2,0.15476,20.292399817186563,85.75300366454485,NH-16 (DEMO),SEG-002,2026-09-28,SYNTHETIC DEMO - NOT REAL GPS,Low
India_000168_jpg.rf.54912dd0b9aecd5eef4e6fcf3adf38da,5,D40,0.290504,0.741039,0.557725,0.211409,0.0651399,2,0.1302798,20.271554931200093,85.74986593659126,NH-16 (DEMO),SEG-002,2026-09-28,SYNTHETIC DEMO - NOT REAL GPS,Low
India_000168_jpg.rf.54912dd0b9aecd5eef4e6fcf3adf38da,4,D20,0.426838,0.866574,0.853676,0.247153,0.0623366,2,0.1246732,20.25857270410528,85.79952413539479,NH-16 (DEMO),SEG-002,2026-09-28,SYNTHETIC DEMO - NOT REAL GPS,Low
India_000174_jpg.rf.a37242608ed92f6d411b909350c1451e,4,D20,0.484135,0.780482,0.909674,0.262811,0.880811,2,1.761622,20.259473145719266,85.72526976235173,NH-16 (DEMO),SEG-002,2026-09-28,SYNTHETIC DEMO - NOT REAL GPS,High
India_000174_jpg.rf.a37242608ed92f6d411b909350c1451e,4,D20,0.435725,0.828148,0.871449,0.299568,0.867676,2,1.735352,20.21863201569002,85.75604757420517,NH-16 (DEMO),SEG-002,2026-09-28,SYNTHETIC DEMO - NOT REAL GPS,High
India_000174_jpg.rf.a37242608ed92f6d411b909350c1451e,5,D40,0.437158,0.766895,0.56677,0.21954,0.630296,2,1.260592,20.17493085353087,85.8358419603495,NH-16 (DEMO),SEG-002,2026-09-28,SYNTHETIC DEMO - NOT REAL GPS,Medium
India_000174_jpg.rf.a37242608ed92f6d411b909350c1451e,5,D40,0.327398,0.751175,0.154631,0.0705059,0.609895,2,1.21979,20.239874782277177,85.85398135652886,NH-16 (DEMO),SEG-002,2026-09-28,SYNTHETIC DEMO - NOT REAL GPS,Medium
India_000174_jpg.rf.a37242608ed92f6d411b909350c1451e,5,D40,0.310813,0.754896,0.203451,0.109793,0.59637,2,1.19274,20.204333547651125,85.73292565823004,NH-16 (DEMO),SEG-002,2026-09-28,SYNTHETIC DEMO - NOT REAL GPS,Medium
India_000174_jpg.rf.a37242608ed92f6d411b909350c1451e,5,D40,0.31925,0.754307,0.25295,0.128316,0.507112,2,1.014224,20.235364582995942,85.8611324335101,NH-16 (DEMO),SEG-002,2026-09-28,SYNTHETIC DEMO - NOT REAL GPS,Medium
India_000174_jpg.rf.a37242608ed92f6d411b909350c1451e,5,D40,0.309586,0.752131,0.18489,0.0827599,0.502316,2,1.004632,20.306544491722907,85.84760275264851,NH-16 (DEMO),SEG-002,2026-09-28,SYNTHETIC DEMO - NOT REAL GPS,Medium
India_000174_jpg.rf.a37242608ed92f6d411b909350c1451e,5,D40,0.322551,0.767305,0.612439,0.20943,0.45141,2,0.90282,20.207430317738453,85.85914948731312,NH-16 (DEMO),SEG-002,2026-09-28,SYNTHETIC DEMO - NOT REAL GPS,Medium
India_000174_jpg.rf.a37242608ed92f6d411b909350c1451e,5,D40,0.526604,0.763705,0.595602,0.234575,0.381437,2,0.762874,20.17932843867025,85.8317485687326,NH-16 (DEMO),SEG-002,2026-09-28,SYNTHETIC DEMO - NOT REAL GPS,Medium
India_000174_jpg.rf.a37242608ed92f6d411b909350c1451e,5,D40,0.295539,0.82585,0.591077,0.329611,0.357011,2,0.714022,20.21502142272352,85.82786449076703,NH-16 (DEMO),SEG-002,2026-09-28,SYNTHETIC DEMO - NOT REAL GPS,Medium
India_000174_jpg.rf.a37242608ed92f6d411b909350c1451e,5,D40,0.373825,0.734211,0.5859,0.245412,0.336657,2,0.673314,20.21697500124267,85.80401491733518,NH-16 (DEMO),SEG-002,2026-09-28,SYNTHETIC DEMO - NOT REAL GPS,Medium
India_000174_jpg.rf.a37242608ed92f6d411b909350c1451e,5,D40,0.265801,0.768933,0.52422,0.295866,0.242154,2,0.484308,20.275906642356304,85.8244459559186,NH-16 (DEMO),SEG-002,2026-09-28,SYNTHETIC DEMO - NOT REAL GPS,Low
India_000174_jpg.rf.a37242608ed92f6d411b909350c1451e,5,D40,0.287404,0.788997,0.267949,0.162483,0.231716,2,0.463432,20.259125144374604,85.86705754633066,NH-16 (DEMO),SEG-002,2026-09-28,SYNTHETIC DEMO - NOT REAL GPS,Low
India_000174_jpg.rf.a37242608ed92f6d411b909350c1451e,5,D40,0.317384,0.782267,0.219248,0.142694,0.227361,2,0.454722,20.295423713457026,85.73608352022667,NH-16 (DEMO),SEG-002,2026-09-28,SYNTHETIC DEMO - NOT REAL GPS,Low
India_000174_jpg.rf.a37242608ed92f6d411b909350c1451e,5,D40,0.606985,0.750942,0.543691,0.253737,0.213614,2,0.427228,20.27629016645238,85.77052231645537,NH-16 (DEMO),SEG-002,2026-09-28,SYNTHETIC DEMO - NOT REAL GPS,Low
India_000174_jpg.rf.a37242608ed92f6d411b909350c1451e,5,D40,0.410157,0.67393,0.112637,0.0495125,0.16987,2,0.33974,20.23502189783041,85.73159279577534,NH-16 (DEMO),SEG-002,2026-09-28,SYNTHETIC DEMO - NOT REAL GPS,Low
India_000174_jpg.rf.a37242608ed92f6d411b909350c1451e,4,D20,0.318115,0.811438,0.636229,0.369078,0.155895,2,0.31179,20.300243261546566,85.87116882751104,NH-16 (DEMO),SEG-002,2026-09-28,SYNTHETIC DEMO - NOT REAL GPS,Low
India_000174_jpg.rf.a37242608ed92f6d411b909350c1451e,5,D40,0.429379,0.667734,0.162359,0.0695813,0.13304,2,0.26608,20.196715667185234,85.7912424745599,NH-16 (DEMO),SEG-002,2026-09-28,SYNTHETIC DEMO - NOT REAL GPS,Low
India_000174_jpg.rf.a37242608ed92f6d411b909350c1451e,5,D40,0.285166,0.666614,0.128916,0.059,0.132457,2,0.264914,20.173633931701417,85.82805511530819,NH-16 (DEMO),SEG-002,2026-09-28,SYNTHETIC DEMO - NOT REAL GPS,Low
India_000174_jpg.rf.a37242608ed92f6d411b909350c1451e,5,D40,0.333119,0.740253,0.296312,0.151987,0.111894,2,0.223788,20.1844076577241,85.8545792103207,NH-16 (DEMO),SEG-002,2026-09-28,SYNTHETIC DEMO - NOT REAL GPS,Low
India_000174_jpg.rf.a37242608ed92f6d411b909350c1451e,5,D40,0.284029,0.664142,0.15919,0.0714272,0.0946358,2,0.1892716,20.28557749609543,85.87856003969223,NH-16 (DEMO),SEG-002,2026-09-28,SYNTHETIC DEMO - NOT REAL GPS,Low
India_000174_jpg.rf.a37242608ed92f6d411b909350c1451e,4,D20,0.226405,0.8307,0.452811,0.338599,0.0935772,2,0.1871544,20.24390035684022,85.74588519324676,NH-16 (DEMO),SEG-002,2026-09-28,SYNTHETIC DEMO - NOT REAL GPS,Low
India_000174_jpg.rf.a37242608ed92f6d411b909350c1451e,5,D40,0.371216,0.744962,0.258156,0.131814,0.0924201,2,0.1848402,20.195803484645378,85.84792201691491,NH-16 (DEMO),SEG-002,2026-09-28,SYNTHETIC DEMO - NOT REAL GPS,Low
India_000174_jpg.rf.a37242608ed92f6d411b909350c1451e,5,D40,0.354469,0.784326,0.281924,0.160142,0.0915201,2,0.1830402,20.25016716401654,85.86198766370188,NH-16 (DEMO),SEG-002,2026-09-28,SYNTHETIC DEMO - NOT REAL GPS,Low
India_000174_jpg.rf.a37242608ed92f6d411b909350c1451e,5,D40,0.409702,0.66478,0.143157,0.0783268,0.0889707,2,0.1779414,20.194369936434107,85.72782006029614,NH-16 (DEMO),SEG-002,2026-09-28,SYNTHETIC DEMO - NOT REAL GPS,Low
India_000174_jpg.rf.a37242608ed92f6d411b909350c1451e,5,D40,0.439575,0.706068,0.551169,0.221681,0.0877027,2,0.1754054,20.281411260012437,85.84065448962969,NH-16 (DEMO),SEG-002,2026-09-28,SYNTHETIC DEMO - NOT REAL GPS,Low
India_000174_jpg.rf.a37242608ed92f6d411b909350c1451e,5,D40,0.155172,0.703259,0.310344,0.137125,0.0846743,2,0.1693486,20.241385004091846,85.77675605139144,NH-16 (DEMO),SEG-002,2026-09-28,SYNTHETIC DEMO - NOT REAL GPS,Low
India_000174_jpg.rf.a37242608ed92f6d411b909350c1451e,5,D40,0.166264,0.705861,0.163195,0.0919788,0.0827071,2,0.1654142,20.230963396175436,85.82377548663527,NH-16 (DEMO),SEG-002,2026-09-28,SYNTHETIC DEMO - NOT REAL GPS,Low
India_000174_jpg.rf.a37242608ed92f6d411b909350c1451e,5,D40,0.295507,0.69698,0.574028,0.211901,0.0802627,2,0.1605254,20.21824193426366,85.80224771136622,NH-16 (DEMO),SEG-002,2026-09-28,SYNTHETIC DEMO - NOT REAL GPS,Low
India_000174_jpg.rf.a37242608ed92f6d411b909350c1451e,5,D40,0.356458,0.664378,0.341217,0.0898382,0.0718835,2,0.143767,20.270845214899023,85.76155876033386,NH-16 (DEMO),SEG-002,2026-09-28,SYNTHETIC DEMO - NOT REAL GPS,Low
India_000174_jpg.rf.a37242608ed92f6d411b909350c1451e,5,D40,0.544344,0.702205,0.561345,0.212031,0.0718751,2,0.1437502,20.22789001768854,85.74163541792063,NH-16 (DEMO),SEG-002,2026-09-28,SYNTHETIC DEMO - NOT REAL GPS,Low
India_000174_jpg.rf.a37242608ed92f6d411b909350c1451e,5,D40,0.144335,0.697744,0.254583,0.11476,0.0699443,2,0.1398886,20.184023987090576,85.73871155729427,NH-16 (DEMO),SEG-002,2026-09-28,SYNTHETIC DEMO - NOT REAL GPS,Low
India_000174_jpg.rf.a37242608ed92f6d411b909350c1451e,5,D40,0.123731,0.72006,0.203479,0.0715093,0.0692596,2,0.1385192,20.18888094433928,85.73653165723336,NH-16 (DEMO),SEG-002,2026-09-28,SYNTHETIC DEMO - NOT REAL GPS,Low
India_000174_jpg.rf.a37242608ed92f6d411b909350c1451e,4,D20,0.375778,0.866344,0.751557,0.267312,0.0690771,2,0.1381542,20.323903626327922,85.82204640642153,NH-16 (DEMO),SEG-002,2026-09-28,SYNTHETIC DEMO - NOT REAL GPS,Low
India_000174_jpg.rf.a37242608ed92f6d411b909350c1451e,5,D40,0.44464,0.663771,0.207223,0.0805158,0.0661374,2,0.1322748,20.31537291051322,85.77622573622392,NH-16 (DEMO),SEG-003,2026-09-28,SYNTHETIC DEMO - NOT REAL GPS,Low
India_000174_jpg.rf.a37242608ed92f6d411b909350c1451e,5,D40,0.422217,0.752074,0.359927,0.124437,0.065875,2,0.13175,20.28195314140972,85.75466135011294,NH-16 (DEMO),SEG-003,2026-09-28,SYNTHETIC DEMO - NOT REAL GPS,Low
India_000174_jpg.rf.a37242608ed92f6d411b909350c1451e,5,D40,0.165496,0.722036,0.134935,0.0517435,0.0645461,2,0.1290922,20.212539193833525,85.83070161483295,NH-16 (DEMO),SEG-003,2026-09-28,SYNTHETIC DEMO - NOT REAL GPS,Low
India_000174_jpg.rf.a37242608ed92f6d411b909350c1451e,5,D40,0.291137,0.762856,0.243555,0.151418,0.0635726,2,0.1271452,20.325068220375634,85.82989593052262,NH-16 (DEMO),SEG-003,2026-09-28,SYNTHETIC DEMO - NOT REAL GPS,Low
India_000174_jpg.rf.a37242608ed92f6d411b909350c1451e,5,D40,0.123498,0.711645,0.24069,0.108924,0.0599597,2,0.1199194,20.294600144634526,85.80626692677711,NH-16 (DEMO),SEG-003,2026-09-28,SYNTHETIC DEMO - NOT REAL GPS,Low
India_000174_jpg.rf.a37242608ed92f6d411b909350c1451e,5,D40,0.284582,0.774299,0.206793,0.122525,0.0552344,2,0.1104688,20.28470243026544,85.86959325069853,NH-16 (DEMO),SEG-003,2026-09-28,SYNTHETIC DEMO - NOT REAL GPS,Low
India_000194_jpg.rf.50a5cfc1188001d2a7707663f8ba0906,7,D44,0.715313,0.841234,0.0938041,0.114072,0.0710553,3,0.2131659,20.241897840343007,85.78166627703062,NH-16 (DEMO),SEG-003,2026-09-28,SYNTHETIC DEMO - NOT REAL GPS,Low
India_000200_jpg.rf.f53e813d2c5ff01c296b6d941ab1bf79,4,D20,0.394898,0.852436,0.776247,0.268365,0.892219,2,1.784438,20.213558649895226,85.85373807540309,NH-16 (DEMO),SEG-003,2026-09-28,SYNTHETIC DEMO - NOT REAL GPS,High
India_000200_jpg.rf.f53e813d2c5ff01c296b6d941ab1bf79,7,D44,0.154619,0.900795,0.189223,0.16142,0.132307,3,0.396921,20.18542255394456,85.73202230526915,NH-16 (DEMO),SEG-003,2026-09-28,SYNTHETIC DEMO - NOT REAL GPS,Low
India_000261_jpg.rf.36a198fb0df0b60592599eb8263289bc,4,D20,0.458014,0.895249,0.70408,0.209502,0.241746,2,0.483492,20.314416383447014,85.83837297504616,NH-16 (DEMO),SEG-003,2026-09-28,SYNTHETIC DEMO - NOT REAL GPS,Low
India_000261_jpg.rf.36a198fb0df0b60592599eb8263289bc,5,D40,0.497512,0.917118,0.140326,0.139291,0.189933,2,0.379866,20.242924206373377,85.87815158621311,NH-16 (DEMO),SEG-003,2026-09-28,SYNTHETIC DEMO - NOT REAL GPS,Low
India_000261_jpg.rf.36a198fb0df0b60592599eb8263289bc,4,D20,0.497994,0.916211,0.149203,0.143682,0.167628,2,0.335256,20.202378138367237,85.85545571460605,NH-16 (DEMO),SEG-003,2026-09-28,SYNTHETIC DEMO - NOT REAL GPS,Low
India_000261_jpg.rf.36a198fb0df0b60592599eb8263289bc,4,D20,0.506386,0.91272,0.442597,0.174561,0.108889,2,0.217778,20.218953059864106,85.8127463550896,NH-16 (DEMO),SEG-003,2026-09-28,SYNTHETIC DEMO - NOT REAL GPS,Low
India_000261_jpg.rf.36a198fb0df0b60592599eb8263289bc,4,D20,0.60953,0.906463,0.480949,0.187073,0.067903,2,0.135806,20.262675131030704,85.82028257029235,NH-16 (DEMO),SEG-003,2026-09-28,SYNTHETIC DEMO - NOT REAL GPS,Low
India_000261_jpg.rf.36a198fb0df0b60592599eb8263289bc,4,D20,0.478035,0.919254,0.604877,0.159043,0.0626317,2,0.1252634,20.198283645270276,85.7765263279099,NH-16 (DEMO),SEG-003,2026-09-28,SYNTHETIC DEMO - NOT REAL GPS,Low
India_000305_jpg.rf.3d636ab0f673146f7be290e6597bce7f,5,D40,0.0828996,0.588247,0.0985591,0.0441708,0.0563483,2,0.1126966,20.30705828545478,85.82871763492129,NH-16 (DEMO),SEG-003,2026-09-28,SYNTHETIC DEMO - NOT REAL GPS,Low
India_000349_jpg.rf.204e930f6b426e60ba4ab11a75f101fa,4,D20,0.534394,0.896867,0.909098,0.205934,0.219938,2,0.439876,20.291363124773632,85.843263261309,NH-16 (DEMO),SEG-003,2026-09-28,SYNTHETIC DEMO - NOT REAL GPS,Low
India_000368_jpg.rf.617c082cfbe9b1984a89d8bdf27895d1,5,D40,0.356623,0.641227,0.24494,0.0785799,0.153526,2,0.307052,20.28511407295215,85.87971655697885,NH-16 (DEMO),SEG-003,2026-09-28,SYNTHETIC DEMO - NOT REAL GPS,Low
India_000368_jpg.rf.617c082cfbe9b1984a89d8bdf27895d1,5,D40,0.348796,0.63715,0.306823,0.101149,0.140544,2,0.281088,20.239134886364017,85.79879406672006,NH-16 (DEMO),SEG-003,2026-09-28,SYNTHETIC DEMO - NOT REAL GPS,Low
India_000368_jpg.rf.617c082cfbe9b1984a89d8bdf27895d1,0,D00,0.579396,0.73337,0.0723236,0.119082,0.128461,3,0.385383,20.27036941451239,85.72980865052375,NH-16 (DEMO),SEG-003,2026-09-28,SYNTHETIC DEMO - NOT REAL GPS,Low
India_000368_jpg.rf.617c082cfbe9b1984a89d8bdf27895d1,5,D40,0.316009,0.647441,0.149181,0.0614069,0.0513182,2,0.1026364,20.263455675026037,85.81533727211695,NH-16 (DEMO),SEG-003,2026-09-28,SYNTHETIC DEMO - NOT REAL GPS,Low
India_000384_jpg.rf.ffded4d67b6468c6f1355653d015483b,5,D40,0.580587,0.824067,0.180111,0.125015,0.240258,2,0.480516,20.27397545624877,85.73904386399714,NH-16 (DEMO),SEG-003,2026-09-28,SYNTHETIC DEMO - NOT REAL GPS,Low
India_000411_jpg.rf.bc02f84df40eed4a01a6da7061ef01c8,4,D20,0.844478,0.758431,0.272281,0.218746,0.0594458,2,0.1188916,20.183511091382382,85.75916240696897,NH-16 (DEMO),SEG-003,2026-09-28,SYNTHETIC DEMO - NOT REAL GPS,Low
India_000429_jpg.rf.3c8ed4d476671a9969828a2a74ca095f,4,D20,0.428136,0.842655,0.347046,0.310068,0.0614139,2,0.1228278,20.236529184347297,85.77260478580891,NH-16 (DEMO),SEG-003,2026-09-28,SYNTHETIC DEMO - NOT REAL GPS,Low
India_000456_jpg.rf.2351ad1471fb601753fc56750bb1c574,4,D20,0.588109,0.777867,0.791401,0.244945,0.201773,2,0.403546,20.176658267817903,85.83696477970375,NH-16 (DEMO),SEG-003,2026-09-28,SYNTHETIC DEMO - NOT REAL GPS,Low
India_000456_jpg.rf.2351ad1471fb601753fc56750bb1c574,4,D20,0.519642,0.802997,0.949435,0.235874,0.0901993,2,0.1803986,20.249038531079123,85.74940929982056,NH-16 (DEMO),SEG-003,2026-09-28,SYNTHETIC DEMO - NOT REAL GPS,Low
India_000456_jpg.rf.2351ad1471fb601753fc56750bb1c574,4,D20,0.768158,0.786322,0.234342,0.237455,0.0646934,2,0.1293868,20.222777793973247,85.74652047149478,NH-16 (DEMO),SEG-003,2026-09-28,SYNTHETIC DEMO - NOT REAL GPS,Low
India_000456_jpg.rf.2351ad1471fb601753fc56750bb1c574,4,D20,0.677856,0.797257,0.644288,0.242019,0.0564942,2,0.1129884,20.193123870218567,85.72719427879981,NH-16 (DEMO),SEG-003,2026-09-28,SYNTHETIC DEMO - NOT REAL GPS,Low
India_000471_jpg.rf.06055cd14071308caaf25f9c01936397,4,D20,0.60932,0.859394,0.781361,0.266836,0.138037,2,0.276074,20.186544474835607,85.85971838981662,NH-16 (DEMO),SEG-003,2026-09-28,SYNTHETIC DEMO - NOT REAL GPS,Low
India_000471_jpg.rf.06055cd14071308caaf25f9c01936397,7,D44,0.36404,0.891221,0.177002,0.21621,0.130505,3,0.391515,20.264023131548434,85.83096086789696,NH-16 (DEMO),SEG-003,2026-09-28,SYNTHETIC DEMO - NOT REAL GPS,Low
India_000471_jpg.rf.06055cd14071308caaf25f9c01936397,7,D44,0.350845,0.915227,0.159158,0.167471,0.0707893,3,0.2123679,20.197294874965902,85.72639143449882,NH-16 (DEMO),SEG-003,2026-09-28,SYNTHETIC DEMO - NOT REAL GPS,Low
India_000483_jpg.rf.9aaaa91ee351ee672f6a5f241a136b5c,4,D20,0.477152,0.82646,0.899675,0.289146,0.696853,2,1.393706,20.318019218940286,85.7245267689021,NH-16 (DEMO),SEG-003,2026-09-28,SYNTHETIC DEMO - NOT REAL GPS,Medium
India_000500_jpg.rf.ae08c9cf8b4e23a000835d7fe879268b,4,D20,0.395475,0.818678,0.748089,0.25677,0.292446,2,0.584892,20.262969782352062,85.809387887436,NH-16 (DEMO),SEG-003,2026-09-28,SYNTHETIC DEMO - NOT REAL GPS,Medium
India_000500_jpg.rf.ae08c9cf8b4e23a000835d7fe879268b,4,D20,0.417555,0.810398,0.265188,0.200247,0.163151,2,0.326302,20.225499168725573,85.76520550420587,NH-16 (DEMO),SEG-003,2026-09-28,SYNTHETIC DEMO - NOT REAL GPS,Low
India_000500_jpg.rf.ae08c9cf8b4e23a000835d7fe879268b,4,D20,0.535325,0.83871,0.515052,0.190555,0.113613,2,0.227226,20.264546478637026,85.8154762160691,NH-16 (DEMO),SEG-003,2026-09-28,SYNTHETIC DEMO - NOT REAL GPS,Low
India_000500_jpg.rf.ae08c9cf8b4e23a000835d7fe879268b,4,D20,0.387555,0.809698,0.417697,0.198476,0.10583,2,0.21166,20.17364861936475,85.78953666810895,NH-16 (DEMO),SEG-003,2026-09-28,SYNTHETIC DEMO - NOT REAL GPS,Low
India_000500_jpg.rf.ae08c9cf8b4e23a000835d7fe879268b,4,D20,0.490185,0.813858,0.38661,0.212875,0.0969174,2,0.1938348,20.323369474118632,85.86773000996963,NH-16 (DEMO),SEG-003,2026-09-28,SYNTHETIC DEMO - NOT REAL GPS,Low
India_000500_jpg.rf.ae08c9cf8b4e23a000835d7fe879268b,4,D20,0.432178,0.807242,0.193772,0.186637,0.0601061,2,0.1202122,20.247168549910864,85.76604944239382,NH-16 (DEMO),SEG-003,2026-09-28,SYNTHETIC DEMO - NOT REAL GPS,Low
India_000519_jpg.rf.5c761d31be1e186916444a10f41b6dea,7,D44,0.555683,0.878083,0.0768238,0.158564,0.0538542,3,0.1615626,20.295237636360046,85.82866325895021,NH-16 (DEMO),SEG-003,2026-09-28,SYNTHETIC DEMO - NOT REAL GPS,Low
India_000524_jpg.rf.23446aa9c29abf747325d89d009e608c,4,D20,0.496446,0.739093,0.9588,0.518789,0.071298,2,0.142596,20.18323679998759,85.72864868985897,NH-16 (DEMO),SEG-003,2026-09-28,SYNTHETIC DEMO - NOT REAL GPS,Low
India_000537_jpg.rf.f062ae77093b420b3b7950fdb8ffa680,4,D20,0.575651,0.826764,0.822477,0.27094,0.952193,2,1.904386,20.247865332934104,85.87293768547022,NH-16 (DEMO),SEG-003,2026-09-28,SYNTHETIC DEMO - NOT REAL GPS,High
India_000537_jpg.rf.f062ae77093b420b3b7950fdb8ffa680,4,D20,0.690683,0.835182,0.618634,0.273896,0.484655,2,0.96931,20.248513119096724,85.87692119486533,NH-16 (DEMO),SEG-003,2026-09-28,SYNTHETIC DEMO - NOT REAL GPS,Medium
India_000537_jpg.rf.f062ae77093b420b3b7950fdb8ffa680,5,D40,0.673962,0.808752,0.541475,0.291944,0.291047,2,0.582094,20.320052232795998,85.83825194064262,NH-16 (DEMO),SEG-003,2026-09-28,SYNTHETIC DEMO - NOT REAL GPS,Medium
India_000537_jpg.rf.f062ae77093b420b3b7950fdb8ffa680,5,D40,0.605526,0.728458,0.194879,0.0918676,0.290743,2,0.581486,20.261476488380172,85.79443399545016,NH-16 (DEMO),SEG-003,2026-09-28,SYNTHETIC DEMO - NOT REAL GPS,Medium
India_000537_jpg.rf.f062ae77093b420b3b7950fdb8ffa680,5,D40,0.593004,0.729329,0.139602,0.0615412,0.241017,2,0.482034,20.24575830416911,85.75519895029235,NH-16 (DEMO),SEG-003,2026-09-28,SYNTHETIC DEMO - NOT REAL GPS,Low
India_000537_jpg.rf.f062ae77093b420b3b7950fdb8ffa680,5,D40,0.637825,0.687286,0.0659996,0.0330822,0.182882,2,0.365764,20.212716106094703,85.85000261443967,NH-16 (DEMO),SEG-003,2026-09-28,SYNTHETIC DEMO - NOT REAL GPS,Low
India_000537_jpg.rf.f062ae77093b420b3b7950fdb8ffa680,5,D40,0.577316,0.727791,0.10587,0.0522042,0.152447,2,0.304894,20.22305103957481,85.83781665554352,NH-16 (DEMO),SEG-003,2026-09-28,SYNTHETIC DEMO - NOT REAL GPS,Low
India_000537_jpg.rf.f062ae77093b420b3b7950fdb8ffa680,5,D40,0.751534,0.822348,0.495751,0.286055,0.152086,2,0.304172,20.253307584395447,85.75551264632975,NH-16 (DEMO),SEG-003,2026-09-28,SYNTHETIC DEMO - NOT REAL GPS,Low
India_000537_jpg.rf.f062ae77093b420b3b7950fdb8ffa680,5,D40,0.615682,0.770494,0.523625,0.265831,0.148359,2,0.296718,20.240225833648807,85.79219444706516,NH-16 (DEMO),SEG-003,2026-09-28,SYNTHETIC DEMO - NOT REAL GPS,Low
India_000537_jpg.rf.f062ae77093b420b3b7950fdb8ffa680,5,D40,0.377769,0.683012,0.143074,0.0956252,0.144944,2,0.289888,20.173457932780853,85.79404783005069,NH-16 (DEMO),SEG-003,2026-09-28,SYNTHETIC DEMO - NOT REAL GPS,Low
India_000537_jpg.rf.f062ae77093b420b3b7950fdb8ffa680,4,D20,0.507411,0.868157,0.955933,0.261606,0.139154,2,0.278308,20.302206707871097,85.85222568799563,NH-16 (DEMO),SEG-004,2026-09-28,SYNTHETIC DEMO - NOT REAL GPS,Low
India_000537_jpg.rf.f062ae77093b420b3b7950fdb8ffa680,4,D20,0.777196,0.836637,0.440515,0.253211,0.129886,2,0.259772,20.313385723494363,85.82941514949344,NH-16 (DEMO),SEG-004,2026-09-28,SYNTHETIC DEMO - NOT REAL GPS,Low
India_000537_jpg.rf.f062ae77093b420b3b7950fdb8ffa680,5,D40,0.385099,0.668167,0.129321,0.060508,0.129623,2,0.259246,20.192439854239776,85.8229068069664,NH-16 (DEMO),SEG-004,2026-09-28,SYNTHETIC DEMO - NOT REAL GPS,Low
India_000537_jpg.rf.f062ae77093b420b3b7950fdb8ffa680,5,D40,0.627006,0.710515,0.213041,0.0685095,0.114063,2,0.228126,20.258645782966248,85.82397238761013,NH-16 (DEMO),SEG-004,2026-09-28,SYNTHETIC DEMO - NOT REAL GPS,Low
India_000537_jpg.rf.f062ae77093b420b3b7950fdb8ffa680,5,D40,0.608046,0.707112,0.160382,0.0811966,0.105188,2,0.210376,20.18737211858167,85.76327521270119,NH-16 (DEMO),SEG-004,2026-09-28,SYNTHETIC DEMO - NOT REAL GPS,Low
India_000537_jpg.rf.f062ae77093b420b3b7950fdb8ffa680,4,D20,0.655405,0.87321,0.689191,0.246873,0.0884932,2,0.1769864,20.27755841488637,85.77947380157272,NH-16 (DEMO),SEG-004,2026-09-28,SYNTHETIC DEMO - NOT REAL GPS,Low
India_000537_jpg.rf.f062ae77093b420b3b7950fdb8ffa680,5,D40,0.610325,0.737326,0.18265,0.0614996,0.0867094,2,0.1734188,20.21499740541424,85.72730596566987,NH-16 (DEMO),SEG-004,2026-09-28,SYNTHETIC DEMO - NOT REAL GPS,Low
India_000537_jpg.rf.f062ae77093b420b3b7950fdb8ffa680,5,D40,0.568722,0.714125,0.258882,0.0832458,0.0833832,2,0.1667664,20.275507621550705,85.84591058172994,NH-16 (DEMO),SEG-004,2026-09-28,SYNTHETIC DEMO - NOT REAL GPS,Low
India_000537_jpg.rf.f062ae77093b420b3b7950fdb8ffa680,4,D20,0.599423,0.809623,0.544049,0.28518,0.0788341,2,0.1576682,20.2863191382859,85.78927971442717,NH-16 (DEMO),SEG-004,2026-09-28,SYNTHETIC DEMO - NOT REAL GPS,Low
India_000537_jpg.rf.f062ae77093b420b3b7950fdb8ffa680,5,D40,0.365411,0.712054,0.170828,0.153732,0.0646543,2,0.1293086,20.292983598706826,85.79011813713402,NH-16 (DEMO),SEG-004,2026-09-28,SYNTHETIC DEMO - NOT REAL GPS,Low
India_000537_jpg.rf.f062ae77093b420b3b7950fdb8ffa680,4,D20,0.864329,0.845045,0.271342,0.247362,0.0637881,2,0.1275762,20.187238551352944,85.75925700238938,NH-16 (DEMO),SEG-004,2026-09-28,SYNTHETIC DEMO - NOT REAL GPS,Low
India_000537_jpg.rf.f062ae77093b420b3b7950fdb8ffa680,5,D40,0.741713,0.678405,0.122926,0.0445482,0.0569109,2,0.1138218,20.316561895222016,85.75350836503351,NH-16 (DEMO),SEG-004,2026-09-28,SYNTHETIC DEMO - NOT REAL GPS,Low
India_000537_jpg.rf.f062ae77093b420b3b7950fdb8ffa680,4,D20,0.453113,0.824906,0.89352,0.339637,0.0565814,2,0.1131628,20.20683423854318,85.81405150873104,NH-16 (DEMO),SEG-004,2026-09-28,SYNTHETIC DEMO - NOT REAL GPS,Low
India_000537_jpg.rf.f062ae77093b420b3b7950fdb8ffa680,5,D40,0.665713,0.681935,0.169355,0.0542138,0.0547568,2,0.1095136,20.17598600898819,85.75720848243259,NH-16 (DEMO),SEG-004,2026-09-28,SYNTHETIC DEMO - NOT REAL GPS,Low
India_000537_jpg.rf.f062ae77093b420b3b7950fdb8ffa680,4,D20,0.707864,0.858461,0.541342,0.216326,0.0545548,2,0.1091096,20.258776395102636,85.73027341625047,NH-16 (DEMO),SEG-004,2026-09-28,SYNTHETIC DEMO - NOT REAL GPS,Low
India_000537_jpg.rf.f062ae77093b420b3b7950fdb8ffa680,5,D40,0.627625,0.729905,0.263042,0.102589,0.0531518,2,0.1063036,20.22934756541799,85.84280118655694,NH-16 (DEMO),SEG-004,2026-09-28,SYNTHETIC DEMO - NOT REAL GPS,Low
India_000537_jpg.rf.f062ae77093b420b3b7950fdb8ffa680,5,D40,0.692572,0.678107,0.200558,0.0579986,0.0524944,2,0.1049888,20.302766358901184,85.78023510950501,NH-16 (DEMO),SEG-004,2026-09-28,SYNTHETIC DEMO - NOT REAL GPS,Low
India_000537_jpg.rf.f062ae77093b420b3b7950fdb8ffa680,5,D40,0.479863,0.70752,0.063819,0.0441656,0.0521746,2,0.1043492,20.29932023553029,85.78083769342389,NH-16 (DEMO),SEG-004,2026-09-28,SYNTHETIC DEMO - NOT REAL GPS,Low
India_000537_jpg.rf.f062ae77093b420b3b7950fdb8ffa680,5,D40,0.719486,0.677933,0.16507,0.0501629,0.05154,2,0.10308,20.220742222851634,85.78901092504252,NH-16 (DEMO),SEG-004,2026-09-28,SYNTHETIC DEMO - NOT REAL GPS,Low
India_000537_jpg.rf.f062ae77093b420b3b7950fdb8ffa680,5,D40,0.385144,0.680044,0.117625,0.0664472,0.0507421,2,0.1014842,20.32246390321116,85.85040717174529,NH-16 (DEMO),SEG-004,2026-09-28,SYNTHETIC DEMO - NOT REAL GPS,Low
India_000555_jpg.rf.053f4fc16f5b2556faef66aa16f01554,4,D20,0.767802,0.865128,0.391956,0.269744,0.219595,2,0.43919,20.21654685410242,85.77133390335037,NH-16 (DEMO),SEG-004,2026-09-28,SYNTHETIC DEMO - NOT REAL GPS,Low
India_000555_jpg.rf.053f4fc16f5b2556faef66aa16f01554,4,D20,0.581112,0.877308,0.835951,0.242205,0.121782,2,0.243564,20.252409140677074,85.84128579380125,NH-16 (DEMO),SEG-004,2026-09-28,SYNTHETIC DEMO - NOT REAL GPS,Low
India_000555_jpg.rf.053f4fc16f5b2556faef66aa16f01554,4,D20,0.798099,0.894498,0.386307,0.211004,0.0651272,2,0.1302544,20.210954414490818,85.87032717452472,NH-16 (DEMO),SEG-004,2026-09-28,SYNTHETIC DEMO - NOT REAL GPS,Low
India_000568_jpg.rf.b691a715c8997dc17bed61cc15aa82f3,4,D20,0.567682,0.861887,0.846093,0.270549,0.246076,2,0.492152,20.319766971207834,85.82573891134797,NH-16 (DEMO),SEG-004,2026-09-28,SYNTHETIC DEMO - NOT REAL GPS,Low
India_000568_jpg.rf.b691a715c8997dc17bed61cc15aa82f3,4,D20,0.381305,0.864188,0.372581,0.271624,0.0738844,2,0.1477688,20.196337250813123,85.78906897298832,NH-16 (DEMO),SEG-004,2026-09-28,SYNTHETIC DEMO - NOT REAL GPS,Low
India_000568_jpg.rf.b691a715c8997dc17bed61cc15aa82f3,4,D20,0.459948,0.873975,0.473464,0.252049,0.0608975,2,0.121795,20.177185699102772,85.83964635570347,NH-16 (DEMO),SEG-004,2026-09-28,SYNTHETIC DEMO - NOT REAL GPS,Low
India_000577_jpg.rf.50230c7da93f01ca695b7b6c6a67424a,4,D20,0.487914,0.764729,0.915477,0.236251,0.0557217,2,0.1114434,20.239615529600485,85.79326357916023,NH-16 (DEMO),SEG-004,2026-09-28,SYNTHETIC DEMO - NOT REAL GPS,Low
India_000631_jpg.rf.b02bb0033a6d2a8712d73eeb5daf01b7,4,D20,0.543544,0.791385,0.901704,0.32489,0.501349,2,1.002698,20.328780090248934,85.7863083633773,NH-16 (DEMO),SEG-004,2026-09-28,SYNTHETIC DEMO - NOT REAL GPS,Medium
India_000635_jpg.rf.a4a0b9d35c50257382053e36307d86ce,5,D40,0.402117,0.723051,0.123467,0.0617023,0.161197,2,0.322394,20.312668362600785,85.80404530617163,NH-16 (DEMO),SEG-004,2026-09-28,SYNTHETIC DEMO - NOT REAL GPS,Low
India_000635_jpg.rf.a4a0b9d35c50257382053e36307d86ce,5,D40,0.383819,0.723992,0.156732,0.0828919,0.0662486,2,0.1324972,20.28977728311311,85.77083557356949,NH-16 (DEMO),SEG-004,2026-09-28,SYNTHETIC DEMO - NOT REAL GPS,Low
India_000638_jpg.rf.c7e994a2ef88803e6b74789f50557e2c,7,D44,0.641331,0.854612,0.119918,0.234104,0.138225,3,0.4146749999999999,20.312526798540564,85.7366800346048,NH-16 (DEMO),SEG-004,2026-09-28,SYNTHETIC DEMO - NOT REAL GPS,Low
India_000638_jpg.rf.c7e994a2ef88803e6b74789f50557e2c,7,D44,0.650668,0.896043,0.0977835,0.194883,0.121994,3,0.365982,20.31295146235166,85.78637632088419,NH-16 (DEMO),SEG-004,2026-09-28,SYNTHETIC DEMO - NOT REAL GPS,Low
India_000638_jpg.rf.c7e994a2ef88803e6b74789f50557e2c,7,D44,0.668455,0.89164,0.137034,0.215417,0.0844762,3,0.2534286,20.25301733766183,85.73981710098069,NH-16 (DEMO),SEG-004,2026-09-28,SYNTHETIC DEMO - NOT REAL GPS,Low
India_000638_jpg.rf.c7e994a2ef88803e6b74789f50557e2c,7,D44,0.292677,0.916199,0.19516,0.167603,0.0831785,3,0.2495355,20.220548648292926,85.78567063576887,NH-16 (DEMO),SEG-004,2026-09-28,SYNTHETIC DEMO - NOT REAL GPS,Low
India_000665_jpg.rf.9af8076aadc1fea8b768aad026a7e31a,4,D20,0.801735,0.871988,0.396531,0.256025,0.991445,2,1.98289,20.29352198913776,85.80910939539415,NH-16 (DEMO),SEG-004,2026-09-28,SYNTHETIC DEMO - NOT REAL GPS,High
India_000665_jpg.rf.9af8076aadc1fea8b768aad026a7e31a,4,D20,0.619321,0.865274,0.761357,0.234728,0.979786,2,1.959572,20.275865802106843,85.8689137889929,NH-16 (DEMO),SEG-004,2026-09-28,SYNTHETIC DEMO - NOT REAL GPS,High
India_000665_jpg.rf.9af8076aadc1fea8b768aad026a7e31a,4,D20,0.714513,0.847653,0.492704,0.247985,0.975912,2,1.951824,20.229785236619794,85.72579557296724,NH-16 (DEMO),SEG-004,2026-09-28,SYNTHETIC DEMO - NOT REAL GPS,High
India_000665_jpg.rf.9af8076aadc1fea8b768aad026a7e31a,4,D20,0.641392,0.829583,0.391693,0.233814,0.973991,2,1.947982,20.18511466688984,85.81943334504031,NH-16 (DEMO),SEG-004,2026-09-28,SYNTHETIC DEMO - NOT REAL GPS,High
India_000665_jpg.rf.9af8076aadc1fea8b768aad026a7e31a,4,D20,0.841544,0.888512,0.316913,0.222976,0.80215,2,1.6043,20.289486337815845,85.79323762986401,NH-16 (DEMO),SEG-004,2026-09-28,SYNTHETIC DEMO - NOT REAL GPS,High
India_000665_jpg.rf.9af8076aadc1fea8b768aad026a7e31a,4,D20,0.587845,0.821053,0.323818,0.240389,0.785766,2,1.571532,20.211993682547657,85.72324178051267,NH-16 (DEMO),SEG-004,2026-09-28,SYNTHETIC DEMO - NOT REAL GPS,High
India_000665_jpg.rf.9af8076aadc1fea8b768aad026a7e31a,4,D20,0.741397,0.872046,0.517206,0.250298,0.690957,2,1.381914,20.319890104085406,85.75992770815019,NH-16 (DEMO),SEG-004,2026-09-28,SYNTHETIC DEMO - NOT REAL GPS,Medium
India_000665_jpg.rf.9af8076aadc1fea8b768aad026a7e31a,5,D40,0.609678,0.867822,0.120159,0.112474,0.597208,2,1.194416,20.20855529200091,85.73895764037677,NH-16 (DEMO),SEG-004,2026-09-28,SYNTHETIC DEMO - NOT REAL GPS,Medium
India_000665_jpg.rf.9af8076aadc1fea8b768aad026a7e31a,4,D20,0.585176,0.831098,0.175756,0.184242,0.540962,2,1.081924,20.189641269185838,85.75468706331702,NH-16 (DEMO),SEG-004,2026-09-28,SYNTHETIC DEMO - NOT REAL GPS,Medium
India_000665_jpg.rf.9af8076aadc1fea8b768aad026a7e31a,4,D20,0.596607,0.822522,0.552299,0.215408,0.338029,2,0.676058,20.302978027539986,85.76393123895375,NH-16 (DEMO),SEG-004,2026-09-28,SYNTHETIC DEMO - NOT REAL GPS,Medium
India_000665_jpg.rf.9af8076aadc1fea8b768aad026a7e31a,4,D20,0.589134,0.862625,0.141963,0.115677,0.301402,2,0.602804,20.19452549065992,85.78420901366115,NH-16 (DEMO),SEG-004,2026-09-28,SYNTHETIC DEMO - NOT REAL GPS,Medium
India_000665_jpg.rf.9af8076aadc1fea8b768aad026a7e31a,4,D20,0.482063,0.841011,0.586276,0.245311,0.142936,2,0.285872,20.19868292930524,85.80464630295822,NH-16 (DEMO),SEG-004,2026-09-28,SYNTHETIC DEMO - NOT REAL GPS,Low
India_000665_jpg.rf.9af8076aadc1fea8b768aad026a7e31a,0,D00,0.587537,0.823346,0.163839,0.201181,0.141129,3,0.423387,20.265901246643335,85.72015839902822,NH-16 (DEMO),SEG-004,2026-09-28,SYNTHETIC DEMO - NOT REAL GPS,Low
India_000665_jpg.rf.9af8076aadc1fea8b768aad026a7e31a,4,D20,0.867465,0.912204,0.260869,0.175558,0.12074,2,0.24148,20.309929926533993,85.7458990977006,NH-16 (DEMO),SEG-004,2026-09-28,SYNTHETIC DEMO - NOT REAL GPS,Low
India_000665_jpg.rf.9af8076aadc1fea8b768aad026a7e31a,0,D00,0.707555,0.893025,0.0843423,0.172504,0.113892,3,0.341676,20.201429546514333,85.7349706216974,NH-16 (DEMO),SEG-004,2026-09-28,SYNTHETIC DEMO - NOT REAL GPS,Low
India_000665_jpg.rf.9af8076aadc1fea8b768aad026a7e31a,5,D40,0.277159,0.872094,0.157607,0.11274,0.101869,2,0.203738,20.219651787664016,85.80794774388204,NH-16 (DEMO),SEG-004,2026-09-28,SYNTHETIC DEMO - NOT REAL GPS,Low
India_000665_jpg.rf.9af8076aadc1fea8b768aad026a7e31a,7,D44,0.286126,0.855563,0.173491,0.155954,0.0962848,3,0.2888544,20.294384774118587,85.7726519792642,NH-16 (DEMO),SEG-005,2026-09-28,SYNTHETIC DEMO - NOT REAL GPS,Low
India_000665_jpg.rf.9af8076aadc1fea8b768aad026a7e31a,0,D00,0.865089,0.909684,0.249091,0.180633,0.093819,3,0.281457,20.325492228169754,85.80774363776555,NH-16 (DEMO),SEG-005,2026-09-28,SYNTHETIC DEMO - NOT REAL GPS,Low
India_000665_jpg.rf.9af8076aadc1fea8b768aad026a7e31a,0,D00,0.854767,0.953756,0.0510689,0.0899328,0.0819994,3,0.2459982,20.250118589792375,85.75549172834795,NH-16 (DEMO),SEG-005,2026-09-28,SYNTHETIC DEMO - NOT REAL GPS,Low
India_000665_jpg.rf.9af8076aadc1fea8b768aad026a7e31a,5,D40,0.557858,0.763147,0.106298,0.0495512,0.0802093,2,0.1604186,20.1930236004082,85.72387669665402,NH-16 (DEMO),SEG-005,2026-09-28,SYNTHETIC DEMO - NOT REAL GPS,Low
India_000665_jpg.rf.9af8076aadc1fea8b768aad026a7e31a,4,D20,0.623456,0.843897,0.192927,0.186526,0.0694086,2,0.1388172,20.17222980603331,85.87061870420324,NH-16 (DEMO),SEG-005,2026-09-28,SYNTHETIC DEMO - NOT REAL GPS,Low
India_000665_jpg.rf.9af8076aadc1fea8b768aad026a7e31a,0,D00,0.802046,0.934085,0.093099,0.113776,0.0631815,3,0.1895445,20.206744964799817,85.73732929939024,NH-16 (DEMO),SEG-005,2026-09-28,SYNTHETIC DEMO - NOT REAL GPS,Low
India_000665_jpg.rf.9af8076aadc1fea8b768aad026a7e31a,0,D00,0.283985,0.85015,0.192104,0.18091,0.0613682,3,0.1841046,20.191091554845844,85.74029739967388,NH-16 (DEMO),SEG-005,2026-09-28,SYNTHETIC DEMO - NOT REAL GPS,Low
India_000665_jpg.rf.9af8076aadc1fea8b768aad026a7e31a,5,D40,0.587468,0.849959,0.157931,0.152046,0.060336,2,0.120672,20.278425387778057,85.74344749224161,NH-16 (DEMO),SEG-005,2026-09-28,SYNTHETIC DEMO - NOT REAL GPS,Low
India_000665_jpg.rf.9af8076aadc1fea8b768aad026a7e31a,0,D00,0.536553,0.858145,0.0563096,0.094725,0.0576251,3,0.1728753,20.189493200740564,85.87700424383893,NH-16 (DEMO),SEG-005,2026-09-28,SYNTHETIC DEMO - NOT REAL GPS,Low
India_000665_jpg.rf.9af8076aadc1fea8b768aad026a7e31a,5,D40,0.267459,0.881789,0.139542,0.075741,0.0571382,2,0.1142764,20.251012789059303,85.8188256384272,NH-16 (DEMO),SEG-005,2026-09-28,SYNTHETIC DEMO - NOT REAL GPS,Low
India_000665_jpg.rf.9af8076aadc1fea8b768aad026a7e31a,0,D00,0.718207,0.876855,0.0878782,0.208091,0.0560246,3,0.1680738,20.281081989702862,85.81764639227261,NH-16 (DEMO),SEG-005,2026-09-28,SYNTHETIC DEMO - NOT REAL GPS,Low
India_000665_jpg.rf.9af8076aadc1fea8b768aad026a7e31a,5,D40,0.567217,0.818169,0.142195,0.177506,0.053656,2,0.107312,20.262978657475344,85.87787171224296,NH-16 (DEMO),SEG-005,2026-09-28,SYNTHETIC DEMO - NOT REAL GPS,Low
India_000665_jpg.rf.9af8076aadc1fea8b768aad026a7e31a,4,D20,0.602815,0.860914,0.150715,0.159963,0.0527818,2,0.1055636,20.20196410426561,85.73415020308394,NH-16 (DEMO),SEG-005,2026-09-28,SYNTHETIC DEMO - NOT REAL GPS,Low
India_000665_jpg.rf.9af8076aadc1fea8b768aad026a7e31a,4,D20,0.289628,0.852151,0.172472,0.164382,0.0518058,2,0.1036116,20.298659924189163,85.87592014280676,NH-16 (DEMO),SEG-005,2026-09-28,SYNTHETIC DEMO - NOT REAL GPS,Low
India_000678_jpg.rf.78bdecb0ecab09d4eebcf7f015dbed17,4,D20,0.415009,0.830343,0.811826,0.288503,0.700827,2,1.401654,20.28446514073853,85.75264210344865,NH-16 (DEMO),SEG-005,2026-09-28,SYNTHETIC DEMO - NOT REAL GPS,Medium
India_000678_jpg.rf.78bdecb0ecab09d4eebcf7f015dbed17,7,D44,0.387563,0.752508,0.0942975,0.0906101,0.151808,3,0.455424,20.288237440626485,85.81969144056993,NH-16 (DEMO),SEG-005,2026-09-28,SYNTHETIC DEMO - NOT REAL GPS,Low
India_000678_jpg.rf.78bdecb0ecab09d4eebcf7f015dbed17,4,D20,0.494148,0.808684,0.649518,0.268064,0.0879014,2,0.1758028,20.19096924024917,85.78721337044844,NH-16 (DEMO),SEG-005,2026-09-28,SYNTHETIC DEMO - NOT REAL GPS,Low
India_000678_jpg.rf.78bdecb0ecab09d4eebcf7f015dbed17,4,D20,0.287412,0.842102,0.447747,0.284033,0.0625173,2,0.1250346,20.189800608584054,85.78143229015635,NH-16 (DEMO),SEG-005,2026-09-28,SYNTHETIC DEMO - NOT REAL GPS,Low
India_000725_jpg.rf.b813b66d96e17c81ee01c8c7200519ad,4,D20,0.547923,0.893724,0.876662,0.212553,0.0740307,2,0.1480614,20.31841000816104,85.8689989325567,NH-16 (DEMO),SEG-005,2026-09-28,SYNTHETIC DEMO - NOT REAL GPS,Low
India_000741_jpg.rf.c8f260324cafd4820fb5805958d7ebd4,5,D40,0.177897,0.551679,0.188147,0.121974,0.0571858,2,0.1143716,20.23361251101199,85.74387643655044,NH-16 (DEMO),SEG-005,2026-09-28,SYNTHETIC DEMO - NOT REAL GPS,Low
India_000744_jpg.rf.27da3d5736334d2474c5531a082d65c7,5,D40,0.692264,0.880002,0.13861,0.053422,0.267445,2,0.53489,20.21815179068495,85.8795310417722,NH-16 (DEMO),SEG-005,2026-09-28,SYNTHETIC DEMO - NOT REAL GPS,Medium
India_000744_jpg.rf.27da3d5736334d2474c5531a082d65c7,7,D44,0.757138,0.915109,0.149049,0.147385,0.167483,3,0.5024489999999999,20.248173447256246,85.78066000977465,NH-16 (DEMO),SEG-005,2026-09-28,SYNTHETIC DEMO - NOT REAL GPS,Medium
India_000744_jpg.rf.27da3d5736334d2474c5531a082d65c7,5,D40,0.711807,0.868651,0.183565,0.0819636,0.108849,2,0.217698,20.276058274042175,85.82380398462216,NH-16 (DEMO),SEG-005,2026-09-28,SYNTHETIC DEMO - NOT REAL GPS,Low
India_000744_jpg.rf.27da3d5736334d2474c5531a082d65c7,7,D44,0.735694,0.915697,0.162735,0.127629,0.074223,3,0.222669,20.322899721127516,85.87486507703734,NH-16 (DEMO),SEG-005,2026-09-28,SYNTHETIC DEMO - NOT REAL GPS,Low
India_000744_jpg.rf.27da3d5736334d2474c5531a082d65c7,7,D44,0.761308,0.924923,0.115174,0.134538,0.0637017,3,0.1911051,20.21583139630113,85.72921616806063,NH-16 (DEMO),SEG-005,2026-09-28,SYNTHETIC DEMO - NOT REAL GPS,Low
India_000744_jpg.rf.27da3d5736334d2474c5531a082d65c7,7,D44,0.722908,0.913012,0.226094,0.162776,0.0623647,3,0.1870941,20.317969348689925,85.86765829806802,NH-16 (DEMO),SEG-005,2026-09-28,SYNTHETIC DEMO - NOT REAL GPS,Low
India_000756_jpg.rf.f153906f3558a659bfe6fef26b82e2b6,5,D40,0.347047,0.706984,0.157995,0.10367,0.141358,2,0.282716,20.1739775186218,85.81084982165669,NH-16 (DEMO),SEG-005,2026-09-28,SYNTHETIC DEMO - NOT REAL GPS,Low
India_000756_jpg.rf.f153906f3558a659bfe6fef26b82e2b6,5,D40,0.311819,0.70921,0.21671,0.0926636,0.130839,2,0.261678,20.258831686772293,85.83270350063638,NH-16 (DEMO),SEG-005,2026-09-28,SYNTHETIC DEMO - NOT REAL GPS,Low
India_000756_jpg.rf.f153906f3558a659bfe6fef26b82e2b6,5,D40,0.327513,0.717124,0.220226,0.139085,0.0568277,2,0.1136554,20.271436017868975,85.74386946942181,NH-16 (DEMO),SEG-005,2026-09-28,SYNTHETIC DEMO - NOT REAL GPS,Low
India_000756_jpg.rf.f153906f3558a659bfe6fef26b82e2b6,4,D20,0.494068,0.835811,0.921175,0.297722,0.0529237,2,0.1058474,20.18694358460012,85.80534198893297,NH-16 (DEMO),SEG-005,2026-09-28,SYNTHETIC DEMO - NOT REAL GPS,Low
India_000762_jpg.rf.1755f6da47017696b1b5835618ebc072,7,D44,0.579813,0.8488,0.0897913,0.180549,0.0910296,3,0.2730888,20.192454335530226,85.82776219435604,NH-16 (DEMO),SEG-005,2026-09-28,SYNTHETIC DEMO - NOT REAL GPS,Low
India_000762_jpg.rf.1755f6da47017696b1b5835618ebc072,7,D44,0.583362,0.860525,0.0740008,0.151531,0.089139,3,0.267417,20.23705829109061,85.79299956918203,NH-16 (DEMO),SEG-005,2026-09-28,SYNTHETIC DEMO - NOT REAL GPS,Low
India_000788_jpg.rf.94b49c19782cf7bb12cf1a229a45790a,4,D20,0.484595,0.847549,0.918716,0.292353,0.665097,2,1.330194,20.32459710594291,85.74479762849697,NH-16 (DEMO),SEG-005,2026-09-28,SYNTHETIC DEMO - NOT REAL GPS,Medium
India_000815_jpg.rf.b95a9afea46f10b67cb8ce6b9315e867,4,D20,0.493391,0.900555,0.455897,0.19889,0.566603,2,1.133206,20.2653668085175,85.75905905201368,NH-16 (DEMO),SEG-005,2026-09-28,SYNTHETIC DEMO - NOT REAL GPS,Medium
India_000815_jpg.rf.b95a9afea46f10b67cb8ce6b9315e867,7,D44,0.570647,0.92902,0.118434,0.140844,0.482421,3,1.447263,20.319283715456034,85.85670284655896,NH-16 (DEMO),SEG-005,2026-09-28,SYNTHETIC DEMO - NOT REAL GPS,Medium
India_000815_jpg.rf.b95a9afea46f10b67cb8ce6b9315e867,7,D44,0.566499,0.933736,0.0843381,0.130339,0.294897,3,0.8846910000000001,20.298697746498075,85.72551535885324,NH-16 (DEMO),SEG-005,2026-09-28,SYNTHETIC DEMO - NOT REAL GPS,Medium
India_000815_jpg.rf.b95a9afea46f10b67cb8ce6b9315e867,4,D20,0.584121,0.913459,0.606315,0.173081,0.245214,2,0.490428,20.244781056248847,85.83341793255053,NH-16 (DEMO),SEG-005,2026-09-28,SYNTHETIC DEMO - NOT REAL GPS,Low
India_000815_jpg.rf.b95a9afea46f10b67cb8ce6b9315e867,4,D20,0.477603,0.887013,0.35399,0.225974,0.244391,2,0.488782,20.29556215188035,85.87990240584232,NH-16 (DEMO),SEG-005,2026-09-28,SYNTHETIC DEMO - NOT REAL GPS,Low
India_000815_jpg.rf.b95a9afea46f10b67cb8ce6b9315e867,4,D20,0.350056,0.898244,0.656448,0.203513,0.192035,2,0.38407,20.172853885436318,85.72119727937708,NH-16 (DEMO),SEG-005,2026-09-28,SYNTHETIC DEMO - NOT REAL GPS,Low
India_000815_jpg.rf.b95a9afea46f10b67cb8ce6b9315e867,7,D44,0.555746,0.924757,0.0792248,0.123376,0.167334,3,0.5020020000000001,20.187463039482516,85.74576730925119,NH-16 (DEMO),SEG-005,2026-09-28,SYNTHETIC DEMO - NOT REAL GPS,Medium
India_000815_jpg.rf.b95a9afea46f10b67cb8ce6b9315e867,4,D20,0.429426,0.910198,0.348213,0.179604,0.116112,2,0.232224,20.30270857838124,85.8278630881429,NH-16 (DEMO),SEG-005,2026-09-28,SYNTHETIC DEMO - NOT REAL GPS,Low
India_000815_jpg.rf.b95a9afea46f10b67cb8ce6b9315e867,4,D20,0.506759,0.926274,0.52503,0.146364,0.0948745,2,0.189749,20.297490734132026,85.72959853353365,NH-16 (DEMO),SEG-005,2026-09-28,SYNTHETIC DEMO - NOT REAL GPS,Low
India_000815_jpg.rf.b95a9afea46f10b67cb8ce6b9315e867,0,D00,0.562863,0.927166,0.172754,0.145669,0.0746387,3,0.2239161,20.20722251871463,85.81436639741693,NH-16 (DEMO),SEG-005,2026-09-28,SYNTHETIC DEMO - NOT REAL GPS,Low
India_000815_jpg.rf.b95a9afea46f10b67cb8ce6b9315e867,0,D00,0.363666,0.910709,0.187289,0.177458,0.0625265,3,0.1875795,20.254923134495847,85.82944001656976,NH-16 (DEMO),SEG-005,2026-09-28,SYNTHETIC DEMO - NOT REAL GPS,Low
India_000815_jpg.rf.b95a9afea46f10b67cb8ce6b9315e867,0,D00,0.533198,0.885064,0.197678,0.225956,0.0567909,3,0.1703727,20.266962531312,85.81410341569824,NH-16 (DEMO),SEG-005,2026-09-28,SYNTHETIC DEMO - NOT REAL GPS,Low
India_000815_jpg.rf.b95a9afea46f10b67cb8ce6b9315e867,4,D20,0.421158,0.916913,0.688613,0.165543,0.0548061,2,0.1096122,20.308838232604163,85.77842955248337,NH-16 (DEMO),SEG-005,2026-09-28,SYNTHETIC DEMO - NOT REAL GPS,Low
India_000894_jpg.rf.1ebc181cb2c92bd4b404d3ce4063cf85,4,D20,0.777532,0.886355,0.244892,0.225546,0.105159,2,0.210318,20.266497145174196,85.83156516735787,NH-16 (DEMO),SEG-005,2026-09-28,SYNTHETIC DEMO - NOT REAL GPS,Low
India_000894_jpg.rf.1ebc181cb2c92bd4b404d3ce4063cf85,4,D20,0.745672,0.878029,0.32861,0.243942,0.0721738,2,0.1443476,20.23601145108379,85.8150871084822,NH-16 (DEMO),SEG-005,2026-09-28,SYNTHETIC DEMO - NOT REAL GPS,Low
India_000894_jpg.rf.1ebc181cb2c92bd4b404d3ce4063cf85,4,D20,0.582647,0.882802,0.810794,0.233884,0.0634209,2,0.1268418,20.22986944694515,85.75322194753502,NH-16 (DEMO),SEG-005,2026-09-28,SYNTHETIC DEMO - NOT REAL GPS,Low
India_000976_jpg.rf.f169fb84d8e99402747add8a939ba920,4,D20,0.708986,0.772055,0.466686,0.279385,0.993516,2,1.987032,20.238141133819763,85.81010168697361,NH-16 (DEMO),SEG-005,2026-09-28,SYNTHETIC DEMO - NOT REAL GPS,High
India_000976_jpg.rf.f169fb84d8e99402747add8a939ba920,4,D20,0.712282,0.809716,0.575435,0.275737,0.989586,2,1.979172,20.274308964092796,85.86110515474222,NH-16 (DEMO),SEG-006,2026-09-28,SYNTHETIC DEMO - NOT REAL GPS,High
India_000976_jpg.rf.f169fb84d8e99402747add8a939ba920,4,D20,0.750001,0.738194,0.49821,0.184738,0.697676,2,1.395352,20.30879850108037,85.82669332571047,NH-16 (DEMO),SEG-006,2026-09-28,SYNTHETIC DEMO - NOT REAL GPS,Medium
India_000976_jpg.rf.f169fb84d8e99402747add8a939ba920,4,D20,0.834803,0.824945,0.330393,0.250861,0.460988,2,0.921976,20.242623501132208,85.79548664118302,NH-16 (DEMO),SEG-006,2026-09-28,SYNTHETIC DEMO - NOT REAL GPS,Medium
India_000976_jpg.rf.f169fb84d8e99402747add8a939ba920,4,D20,0.685044,0.723711,0.429959,0.175354,0.375176,2,0.750352,20.20965433007222,85.77145345645911,NH-16 (DEMO),SEG-006,2026-09-28,SYNTHETIC DEMO - NOT REAL GPS,Medium
India_000976_jpg.rf.f169fb84d8e99402747add8a939ba920,4,D20,0.630634,0.768945,0.420181,0.276707,0.183147,2,0.366294,20.207865978079614,85.73374179351,NH-16 (DEMO),SEG-006,2026-09-28,SYNTHETIC DEMO - NOT REAL GPS,Low
India_000976_jpg.rf.f169fb84d8e99402747add8a939ba920,4,D20,0.635155,0.704467,0.228907,0.201243,0.128612,2,0.257224,20.28936228483895,85.75914034124145,NH-16 (DEMO),SEG-006,2026-09-28,SYNTHETIC DEMO - NOT REAL GPS,Low
India_000976_jpg.rf.f169fb84d8e99402747add8a939ba920,4,D20,0.666048,0.70588,0.309934,0.181142,0.0798638,2,0.1597276,20.300651002147827,85.7217898804939,NH-16 (DEMO),SEG-006,2026-09-28,SYNTHETIC DEMO - NOT REAL GPS,Low
India_000976_jpg.rf.f169fb84d8e99402747add8a939ba920,4,D20,0.616912,0.819512,0.243432,0.173408,0.078987,2,0.157974,20.18684449277666,85.877860146804,NH-16 (DEMO),SEG-006,2026-09-28,SYNTHETIC DEMO - NOT REAL GPS,Low
India_000976_jpg.rf.f169fb84d8e99402747add8a939ba920,5,D40,0.726891,0.717116,0.240738,0.0862598,0.0756409,2,0.1512818,20.18064941711283,85.7555971603406,NH-16 (DEMO),SEG-006,2026-09-28,SYNTHETIC DEMO - NOT REAL GPS,Low
India_000976_jpg.rf.f169fb84d8e99402747add8a939ba920,4,D20,0.650241,0.850857,0.699518,0.225584,0.0721402,2,0.1442804,20.265109386201033,85.85038015082965,NH-16 (DEMO),SEG-006,2026-09-28,SYNTHETIC DEMO - NOT REAL GPS,Low
India_000976_jpg.rf.f169fb84d8e99402747add8a939ba920,5,D40,0.743549,0.735381,0.348255,0.162872,0.0719583,2,0.1439166,20.19338771907083,85.7469831810888,NH-16 (DEMO),SEG-006,2026-09-28,SYNTHETIC DEMO - NOT REAL GPS,Low
India_000976_jpg.rf.f169fb84d8e99402747add8a939ba920,4,D20,0.855442,0.851768,0.289117,0.210527,0.0631172,2,0.1262344,20.301946270473014,85.7653761839369,NH-16 (DEMO),SEG-006,2026-09-28,SYNTHETIC DEMO - NOT REAL GPS,Low
India_000976_jpg.rf.f169fb84d8e99402747add8a939ba920,0,D00,0.565615,0.839377,0.0563322,0.123966,0.0619388,3,0.1858164,20.219653547827853,85.78692437107654,NH-16 (DEMO),SEG-006,2026-09-28,SYNTHETIC DEMO - NOT REAL GPS,Low
India_000976_jpg.rf.f169fb84d8e99402747add8a939ba920,5,D40,0.668343,0.722252,0.24805,0.120023,0.0582325,2,0.116465,20.193019509275384,85.77190490626265,NH-16 (DEMO),SEG-006,2026-09-28,SYNTHETIC DEMO - NOT REAL GPS,Low
India_001006_jpg.rf.4ab3ca1516cc110cdc3ec5a53a4a1192,4,D20,0.430029,0.741245,0.842125,0.286749,0.343032,2,0.686064,20.317355275597993,85.84773613004157,NH-16 (DEMO),SEG-006,2026-09-28,SYNTHETIC DEMO - NOT REAL GPS,Medium
India_001006_jpg.rf.4ab3ca1516cc110cdc3ec5a53a4a1192,5,D40,0.329893,0.786972,0.0691477,0.0410309,0.199184,2,0.398368,20.196485075637643,85.87323094528246,NH-16 (DEMO),SEG-006,2026-09-28,SYNTHETIC DEMO - NOT REAL GPS,Low
India_001006_jpg.rf.4ab3ca1516cc110cdc3ec5a53a4a1192,5,D40,0.276664,0.807296,0.544038,0.200681,0.15245,2,0.3049,20.21555521317407,85.86004711738413,NH-16 (DEMO),SEG-006,2026-09-28,SYNTHETIC DEMO - NOT REAL GPS,Low
India_001006_jpg.rf.4ab3ca1516cc110cdc3ec5a53a4a1192,4,D20,0.314042,0.753288,0.609592,0.299016,0.142131,2,0.284262,20.19457814323073,85.74457245871164,NH-16 (DEMO),SEG-006,2026-09-28,SYNTHETIC DEMO - NOT REAL GPS,Low
India_001006_jpg.rf.4ab3ca1516cc110cdc3ec5a53a4a1192,5,D40,0.35634,0.802776,0.267249,0.140283,0.131936,2,0.263872,20.188478410186455,85.84427018821589,NH-16 (DEMO),SEG-006,2026-09-28,SYNTHETIC DEMO - NOT REAL GPS,Low
India_001006_jpg.rf.4ab3ca1516cc110cdc3ec5a53a4a1192,5,D40,0.319646,0.771562,0.551645,0.237925,0.101917,2,0.203834,20.17338368261383,85.74367150612875,NH-16 (DEMO),SEG-006,2026-09-28,SYNTHETIC DEMO - NOT REAL GPS,Low
India_001006_jpg.rf.4ab3ca1516cc110cdc3ec5a53a4a1192,4,D20,0.434793,0.785658,0.866094,0.245733,0.0996284,2,0.1992568,20.178863265466283,85.86614097704994,NH-16 (DEMO),SEG-006,2026-09-28,SYNTHETIC DEMO - NOT REAL GPS,Low
India_001006_jpg.rf.4ab3ca1516cc110cdc3ec5a53a4a1192,4,D20,0.410138,0.732282,0.506262,0.278064,0.0961652,2,0.1923304,20.197942635349737,85.80286057210697,NH-16 (DEMO),SEG-006,2026-09-28,SYNTHETIC DEMO - NOT REAL GPS,Low
India_001006_jpg.rf.4ab3ca1516cc110cdc3ec5a53a4a1192,5,D40,0.256399,0.838307,0.496209,0.301915,0.0959222,2,0.1918444,20.178541109220347,85.77382097408908,NH-16 (DEMO),SEG-006,2026-09-28,SYNTHETIC DEMO - NOT REAL GPS,Low
India_001006_jpg.rf.4ab3ca1516cc110cdc3ec5a53a4a1192,4,D20,0.458695,0.724188,0.287807,0.264145,0.0922253,2,0.1844506,20.264583010577756,85.74512407957347,NH-16 (DEMO),SEG-006,2026-09-28,SYNTHETIC DEMO - NOT REAL GPS,Low
India_001006_jpg.rf.4ab3ca1516cc110cdc3ec5a53a4a1192,5,D40,0.522951,0.650959,0.183229,0.10266,0.0744006,2,0.1488012,20.27891432428792,85.72188945410863,NH-16 (DEMO),SEG-006,2026-09-28,SYNTHETIC DEMO - NOT REAL GPS,Low
India_001006_jpg.rf.4ab3ca1516cc110cdc3ec5a53a4a1192,5,D40,0.503709,0.66451,0.279762,0.169622,0.0729342,2,0.1458684,20.232980873093126,85.75967151866574,NH-16 (DEMO),SEG-006,2026-09-28,SYNTHETIC DEMO - NOT REAL GPS,Low
India_001006_jpg.rf.4ab3ca1516cc110cdc3ec5a53a4a1192,5,D40,0.365834,0.741268,0.552563,0.292584,0.0709093,2,0.1418186,20.220878575512327,85.866243210125,NH-16 (DEMO),SEG-006,2026-09-28,SYNTHETIC DEMO - NOT REAL GPS,Low
India_001006_jpg.rf.4ab3ca1516cc110cdc3ec5a53a4a1192,5,D40,0.321378,0.786567,0.0991703,0.0523892,0.0644232,2,0.1288464,20.250724197923557,85.84756195076355,NH-16 (DEMO),SEG-006,2026-09-28,SYNTHETIC DEMO - NOT REAL GPS,Low
India_001007_jpg.rf.ca118c19dbf63aeb448293516e58361c,5,D40,0.578763,0.723666,0.186911,0.148421,0.331795,2,0.66359,20.310000790757538,85.87516699324011,NH-16 (DEMO),SEG-006,2026-09-28,SYNTHETIC DEMO - NOT REAL GPS,Medium
India_001007_jpg.rf.ca118c19dbf63aeb448293516e58361c,5,D40,0.577875,0.700119,0.192196,0.0923261,0.286868,2,0.573736,20.306181060291554,85.73612184337942,NH-16 (DEMO),SEG-006,2026-09-28,SYNTHETIC DEMO - NOT REAL GPS,Medium
India_001007_jpg.rf.ca118c19dbf63aeb448293516e58361c,5,D40,0.562517,0.692028,0.157017,0.0660234,0.176963,2,0.353926,20.176956009922048,85.8147485989609,NH-16 (DEMO),SEG-006,2026-09-28,SYNTHETIC DEMO - NOT REAL GPS,Low
India_001007_jpg.rf.ca118c19dbf63aeb448293516e58361c,5,D40,0.587237,0.700988,0.168533,0.0724171,0.123904,2,0.247808,20.199039745535444,85.76114407584492,NH-16 (DEMO),SEG-006,2026-09-28,SYNTHETIC DEMO - NOT REAL GPS,Low
India_001007_jpg.rf.ca118c19dbf63aeb448293516e58361c,4,D20,0.481415,0.780707,0.462254,0.267447,0.118253,2,0.236506,20.207879179376704,85.80687067292358,NH-16 (DEMO),SEG-006,2026-09-28,SYNTHETIC DEMO - NOT REAL GPS,Low
India_001007_jpg.rf.ca118c19dbf63aeb448293516e58361c,4,D20,0.527,0.768241,0.351053,0.242422,0.0845339,2,0.1690678,20.209902012133153,85.77127278169014,NH-16 (DEMO),SEG-006,2026-09-28,SYNTHETIC DEMO - NOT REAL GPS,Low
India_001007_jpg.rf.ca118c19dbf63aeb448293516e58361c,5,D40,0.460607,0.735761,0.491312,0.192131,0.0836566,2,0.1673132,20.261397224278845,85.76535448803894,NH-16 (DEMO),SEG-006,2026-09-28,SYNTHETIC DEMO - NOT REAL GPS,Low
India_001007_jpg.rf.ca118c19dbf63aeb448293516e58361c,5,D40,0.514819,0.685926,0.0653786,0.0427942,0.0794426,2,0.1588852,20.23660198811251,85.81181524832394,NH-16 (DEMO),SEG-006,2026-09-28,SYNTHETIC DEMO - NOT REAL GPS,Low
India_001007_jpg.rf.ca118c19dbf63aeb448293516e58361c,4,D20,0.445856,0.807864,0.626615,0.298656,0.0589945,2,0.117989,20.177880659188414,85.74933090589913,NH-16 (DEMO),SEG-006,2026-09-28,SYNTHETIC DEMO - NOT REAL GPS,Low
India_001017_jpg.rf.56d2106148e7339c5685760e962f9d94,4,D20,0.808246,0.821821,0.383508,0.29197,0.343716,2,0.687432,20.22977826215353,85.79506134991554,NH-16 (DEMO),SEG-006,2026-09-28,SYNTHETIC DEMO - NOT REAL GPS,Medium
India_001017_jpg.rf.56d2106148e7339c5685760e962f9d94,4,D20,0.86087,0.840356,0.27826,0.266912,0.0813342,2,0.1626684,20.253800471794822,85.82412996240704,NH-16 (DEMO),SEG-006,2026-09-28,SYNTHETIC DEMO - NOT REAL GPS,Low
India_001054_jpg.rf.278cec9a955c011a074769319e701e5d,4,D20,0.484101,0.792933,0.923432,0.393908,0.0895358,2,0.1790716,20.186267504464595,85.74050913170925,NH-16 (DEMO),SEG-006,2026-09-28,SYNTHETIC DEMO - NOT REAL GPS,Low
India_001054_jpg.rf.278cec9a955c011a074769319e701e5d,4,D20,0.480448,0.726073,0.847064,0.309301,0.057163,2,0.114326,20.30335336860617,85.8688950833403,NH-16 (DEMO),SEG-006,2026-09-28,SYNTHETIC DEMO - NOT REAL GPS,Low
India_001059_jpg.rf.54de25583610c9635238ae778ee764df,4,D20,0.496197,0.746189,0.954066,0.507622,0.0784969,2,0.1569938,20.178313898634418,85.80091595191266,NH-16 (DEMO),SEG-006,2026-09-28,SYNTHETIC DEMO - NOT REAL GPS,Low
India_001059_jpg.rf.54de25583610c9635238ae778ee764df,5,D40,0.654552,0.585129,0.539942,0.23539,0.0504045,2,0.100809,20.31797469904289,85.85112447550149,NH-16 (DEMO),SEG-006,2026-09-28,SYNTHETIC DEMO - NOT REAL GPS,Low
India_001065_jpg.rf.0d1167e98db8afbb2faaa93c7f4d7107,4,D20,0.501702,0.846429,0.953329,0.291722,0.088119,2,0.176238,20.18585810265278,85.82462486889936,NH-16 (DEMO),SEG-006,2026-09-28,SYNTHETIC DEMO - NOT REAL GPS,Low
India_001087_jpg.rf.f35354f3a2ef258f22326f929783cc41,4,D20,0.447192,0.81737,0.835051,0.239,0.111537,2,0.223074,20.30497199225564,85.8336001505956,NH-16 (DEMO),SEG-006,2026-09-28,SYNTHETIC DEMO - NOT REAL GPS,Low
India_001088_jpg.rf.d997bac5401a7f3d616290c03237e001,5,D40,0.532804,0.67411,0.220985,0.102157,0.104695,2,0.20939,20.31442450302842,85.83458095055884,NH-16 (DEMO),SEG-006,2026-09-28,SYNTHETIC DEMO - NOT REAL GPS,Low
India_001088_jpg.rf.d997bac5401a7f3d616290c03237e001,5,D40,0.0761617,0.574186,0.137421,0.0680748,0.0949846,2,0.1899692,20.326731308893855,85.86001598352983,NH-16 (DEMO),SEG-006,2026-09-28,SYNTHETIC DEMO - NOT REAL GPS,Low
India_001088_jpg.rf.d997bac5401a7f3d616290c03237e001,5,D40,0.556062,0.684033,0.188675,0.0854845,0.0843759,2,0.1687518,20.298324140843775,85.8181768696075,NH-16 (DEMO),SEG-006,2026-09-28,SYNTHETIC DEMO - NOT REAL GPS,Low
India_001088_jpg.rf.d997bac5401a7f3d616290c03237e001,5,D40,0.54253,0.670199,0.288985,0.117131,0.0834063,2,0.1668126,20.294716406523413,85.76451474427542,NH-16 (DEMO),SEG-006,2026-09-28,SYNTHETIC DEMO - NOT REAL GPS,Low
India_001088_jpg.rf.d997bac5401a7f3d616290c03237e001,5,D40,0.498953,0.67654,0.158266,0.0891398,0.058556,2,0.117112,20.27279732415929,85.73592154285846,NH-16 (DEMO),SEG-006,2026-09-28,SYNTHETIC DEMO - NOT REAL GPS,Low
India_001095_jpg.rf.818be1944c572ef436ad8bb01b53a660,4,D20,0.544329,0.845614,0.896375,0.30508,0.057838,2,0.115676,20.2946394167325,85.81700009911202,NH-16 (DEMO),SEG-007,2026-09-28,SYNTHETIC DEMO - NOT REAL GPS,Low
India_001122_jpg.rf.6813d7858c7c75877c7e2bb803dd96d4,4,D20,0.692488,0.725563,0.428503,0.260678,0.996862,2,1.993724,20.191528353346104,85.73061644860329,NH-16 (DEMO),SEG-007,2026-09-28,SYNTHETIC DEMO - NOT REAL GPS,High
India_001122_jpg.rf.6813d7858c7c75877c7e2bb803dd96d4,4,D20,0.634931,0.73957,0.719851,0.229912,0.986737,2,1.973474,20.255770885751623,85.75860695227033,NH-16 (DEMO),SEG-007,2026-09-28,SYNTHETIC DEMO - NOT REAL GPS,High
India_001122_jpg.rf.6813d7858c7c75877c7e2bb803dd96d4,4,D20,0.762086,0.736117,0.469885,0.23094,0.985111,2,1.970222,20.252275659230467,85.72971314953631,NH-16 (DEMO),SEG-007,2026-09-28,SYNTHETIC DEMO - NOT REAL GPS,High
India_001122_jpg.rf.6813d7858c7c75877c7e2bb803dd96d4,4,D20,0.790796,0.764323,0.418409,0.180283,0.571297,2,1.142594,20.30721154305961,85.80782201424105,NH-16 (DEMO),SEG-007,2026-09-28,SYNTHETIC DEMO - NOT REAL GPS,Medium
India_001122_jpg.rf.6813d7858c7c75877c7e2bb803dd96d4,4,D20,0.665994,0.774377,0.668012,0.210904,0.275206,2,0.550412,20.244047898494962,85.74565409999086,NH-16 (DEMO),SEG-007,2026-09-28,SYNTHETIC DEMO - NOT REAL GPS,Medium
India_001122_jpg.rf.6813d7858c7c75877c7e2bb803dd96d4,5,D40,0.861924,0.763338,0.235258,0.114452,0.210677,2,0.421354,20.231614319376057,85.81766517110935,NH-16 (DEMO),SEG-007,2026-09-28,SYNTHETIC DEMO - NOT REAL GPS,Low
India_001122_jpg.rf.6813d7858c7c75877c7e2bb803dd96d4,4,D20,0.631611,0.714005,0.390663,0.276039,0.206001,2,0.412002,20.27233012339794,85.84653842093812,NH-16 (DEMO),SEG-007,2026-09-28,SYNTHETIC DEMO - NOT REAL GPS,Low
India_001122_jpg.rf.6813d7858c7c75877c7e2bb803dd96d4,4,D20,0.628462,0.691702,0.243547,0.227187,0.191914,2,0.383828,20.212634130800136,85.8515009153235,NH-16 (DEMO),SEG-007,2026-09-28,SYNTHETIC DEMO - NOT REAL GPS,Low
India_001122_jpg.rf.6813d7858c7c75877c7e2bb803dd96d4,4,D20,0.723875,0.745133,0.299801,0.208157,0.163791,2,0.327582,20.192362945752635,85.76952696130202,NH-16 (DEMO),SEG-007,2026-09-28,SYNTHETIC DEMO - NOT REAL GPS,Low
India_001122_jpg.rf.6813d7858c7c75877c7e2bb803dd96d4,4,D20,0.749249,0.76948,0.286719,0.164351,0.158208,2,0.316416,20.2464603638438,85.80783272523112,NH-16 (DEMO),SEG-007,2026-09-28,SYNTHETIC DEMO - NOT REAL GPS,Low
India_001122_jpg.rf.6813d7858c7c75877c7e2bb803dd96d4,5,D40,0.837569,0.756573,0.285282,0.144209,0.103114,2,0.206228,20.23670229897518,85.81008172161381,NH-16 (DEMO),SEG-007,2026-09-28,SYNTHETIC DEMO - NOT REAL GPS,Low
India_001122_jpg.rf.6813d7858c7c75877c7e2bb803dd96d4,5,D40,0.609301,0.710872,0.148139,0.0786545,0.102776,2,0.205552,20.20721119048462,85.79566194914466,NH-16 (DEMO),SEG-007,2026-09-28,SYNTHETIC DEMO - NOT REAL GPS,Low
India_001122_jpg.rf.6813d7858c7c75877c7e2bb803dd96d4,5,D40,0.57959,0.726156,0.0782745,0.0502699,0.0949949,2,0.1899898,20.22880188961842,85.82481822262795,NH-16 (DEMO),SEG-007,2026-09-28,SYNTHETIC DEMO - NOT REAL GPS,Low
India_001122_jpg.rf.6813d7858c7c75877c7e2bb803dd96d4,4,D20,0.53893,0.721881,0.642746,0.257045,0.0786127,2,0.1572254,20.2286227919722,85.75361393981176,NH-16 (DEMO),SEG-007,2026-09-28,SYNTHETIC DEMO - NOT REAL GPS,Low
India_001122_jpg.rf.6813d7858c7c75877c7e2bb803dd96d4,4,D20,0.65102,0.717424,0.235974,0.262822,0.0732109,2,0.1464218,20.222399290306008,85.87667891833388,NH-16 (DEMO),SEG-007,2026-09-28,SYNTHETIC DEMO - NOT REAL GPS,Low
India_001122_jpg.rf.6813d7858c7c75877c7e2bb803dd96d4,4,D20,0.622082,0.736136,0.31984,0.223649,0.0656742,2,0.1313484,20.230714252756307,85.73569277233454,NH-16 (DEMO),SEG-007,2026-09-28,SYNTHETIC DEMO - NOT REAL GPS,Low
India_001122_jpg.rf.6813d7858c7c75877c7e2bb803dd96d4,4,D20,0.583607,0.747891,0.555297,0.200828,0.0505708,2,0.1011416,20.27971893527295,85.8526753825925,NH-16 (DEMO),SEG-007,2026-09-28,SYNTHETIC DEMO - NOT REAL GPS,Low
India_001225_jpg.rf.b0dfcc2f54a819926bbf98107c2510a1,4,D20,0.398176,0.735032,0.788647,0.275675,0.973992,2,1.947984,20.217500235931407,85.81505535791219,NH-16 (DEMO),SEG-007,2026-09-28,SYNTHETIC DEMO - NOT REAL GPS,High
India_001225_jpg.rf.b0dfcc2f54a819926bbf98107c2510a1,4,D20,0.500748,0.720932,0.461567,0.26905,0.957589,2,1.915178,20.321817268274454,85.759176759551,NH-16 (DEMO),SEG-007,2026-09-28,SYNTHETIC DEMO - NOT REAL GPS,High
India_001225_jpg.rf.b0dfcc2f54a819926bbf98107c2510a1,4,D20,0.431992,0.745707,0.522809,0.242783,0.732499,2,1.464998,20.31661568312611,85.83930800010565,NH-16 (DEMO),SEG-007,2026-09-28,SYNTHETIC DEMO - NOT REAL GPS,Medium
India_001225_jpg.rf.b0dfcc2f54a819926bbf98107c2510a1,4,D20,0.509651,0.721137,0.769444,0.285084,0.610473,2,1.220946,20.246945668528014,85.73351694330833,NH-16 (DEMO),SEG-007,2026-09-28,SYNTHETIC DEMO - NOT REAL GPS,Medium
India_001225_jpg.rf.b0dfcc2f54a819926bbf98107c2510a1,4,D20,0.363877,0.783244,0.713583,0.276817,0.413833,2,0.827666,20.22253779280075,85.8439068535118,NH-16 (DEMO),SEG-007,2026-09-28,SYNTHETIC DEMO - NOT REAL GPS,Medium
India_001225_jpg.rf.b0dfcc2f54a819926bbf98107c2510a1,4,D20,0.575878,0.70709,0.554473,0.274107,0.408397,2,0.816794,20.255669566372802,85.81439763555888,NH-16 (DEMO),SEG-007,2026-09-28,SYNTHETIC DEMO - NOT REAL GPS,Medium
India_001225_jpg.rf.b0dfcc2f54a819926bbf98107c2510a1,5,D40,0.537885,0.630576,0.232013,0.107931,0.307503,2,0.615006,20.30576967820378,85.73772005094342,NH-16 (DEMO),SEG-007,2026-09-28,SYNTHETIC DEMO - NOT REAL GPS,Medium
India_001225_jpg.rf.b0dfcc2f54a819926bbf98107c2510a1,4,D20,0.456947,0.750775,0.255778,0.195809,0.296164,2,0.592328,20.274413974489615,85.73272089009478,NH-16 (DEMO),SEG-007,2026-09-28,SYNTHETIC DEMO - NOT REAL GPS,Medium
India_001225_jpg.rf.b0dfcc2f54a819926bbf98107c2510a1,5,D40,0.551469,0.686328,0.473647,0.287316,0.227357,2,0.454714,20.298702692471533,85.84013381334984,NH-16 (DEMO),SEG-007,2026-09-28,SYNTHETIC DEMO - NOT REAL GPS,Low
India_001225_jpg.rf.b0dfcc2f54a819926bbf98107c2510a1,5,D40,0.533291,0.610308,0.156664,0.0645049,0.222185,2,0.44437,20.25523556417052,85.76686974504061,NH-16 (DEMO),SEG-007,2026-09-28,SYNTHETIC DEMO - NOT REAL GPS,Low
India_001225_jpg.rf.b0dfcc2f54a819926bbf98107c2510a1,4,D20,0.366817,0.773246,0.507997,0.255189,0.200704,2,0.401408,20.27126682068282,85.86228829612276,NH-16 (DEMO),SEG-007,2026-09-28,SYNTHETIC DEMO - NOT REAL GPS,Low
India_001225_jpg.rf.b0dfcc2f54a819926bbf98107c2510a1,4,D20,0.424689,0.766793,0.167659,0.174221,0.188479,2,0.376958,20.216104898269194,85.84193168336482,NH-16 (DEMO),SEG-007,2026-09-28,SYNTHETIC DEMO - NOT REAL GPS,Low
India_001225_jpg.rf.b0dfcc2f54a819926bbf98107c2510a1,5,D40,0.56911,0.636367,0.346172,0.154244,0.177602,2,0.355204,20.287582905969646,85.83171043915483,NH-16 (DEMO),SEG-007,2026-09-28,SYNTHETIC DEMO - NOT REAL GPS,Low
India_001225_jpg.rf.b0dfcc2f54a819926bbf98107c2510a1,4,D20,0.478983,0.76231,0.906866,0.234785,0.167554,2,0.335108,20.202384734900114,85.76457696842135,NH-16 (DEMO),SEG-007,2026-09-28,SYNTHETIC DEMO - NOT REAL GPS,Low
India_001225_jpg.rf.b0dfcc2f54a819926bbf98107c2510a1,5,D40,0.574078,0.610355,0.282182,0.0685143,0.114751,2,0.229502,20.28116770061096,85.83343112304345,NH-16 (DEMO),SEG-007,2026-09-28,SYNTHETIC DEMO - NOT REAL GPS,Low
India_001225_jpg.rf.b0dfcc2f54a819926bbf98107c2510a1,5,D40,0.507147,0.655515,0.270437,0.161748,0.097277,2,0.194554,20.307715050932142,85.87170362952237,NH-16 (DEMO),SEG-007,2026-09-28,SYNTHETIC DEMO - NOT REAL GPS,Low
India_001225_jpg.rf.b0dfcc2f54a819926bbf98107c2510a1,5,D40,0.54937,0.605614,0.167424,0.078116,0.0909997,2,0.1819994,20.191136453968248,85.73464957349928,NH-16 (DEMO),SEG-007,2026-09-28,SYNTHETIC DEMO - NOT REAL GPS,Low
India_001225_jpg.rf.b0dfcc2f54a819926bbf98107c2510a1,4,D20,0.437851,0.747865,0.455621,0.317404,0.0841235,2,0.168247,20.268300758486706,85.77218602272056,NH-16 (DEMO),SEG-007,2026-09-28,SYNTHETIC DEMO - NOT REAL GPS,Low
India_001225_jpg.rf.b0dfcc2f54a819926bbf98107c2510a1,5,D40,0.589165,0.607576,0.301171,0.100577,0.0608731,2,0.1217462,20.18521531971679,85.75754756247385,NH-16 (DEMO),SEG-007,2026-09-28,SYNTHETIC DEMO - NOT REAL GPS,Low
India_001225_jpg.rf.b0dfcc2f54a819926bbf98107c2510a1,5,D40,0.537311,0.616533,0.175908,0.106274,0.0602464,2,0.1204928,20.28611450052343,85.7829200215041,NH-16 (DEMO),SEG-007,2026-09-28,SYNTHETIC DEMO - NOT REAL GPS,Low
India_001225_jpg.rf.b0dfcc2f54a819926bbf98107c2510a1,5,D40,0.677285,0.604469,0.103748,0.0473387,0.0580247,2,0.1160494,20.183518915011764,85.83877322477663,NH-16 (DEMO),SEG-007,2026-09-28,SYNTHETIC DEMO - NOT REAL GPS,Low
India_001238_jpg.rf.fe5c6959db220e400c632a051cba685d,7,D44,0.447802,0.83393,0.0918922,0.107767,0.196858,3,0.590574,20.3197503716321,85.79587881302805,NH-16 (DEMO),SEG-007,2026-09-28,SYNTHETIC DEMO - NOT REAL GPS,Medium
India_001240_jpg.rf.25a8005fcba8af5b5187936c5c699b64,5,D40,0.621532,0.760344,0.088875,0.044207,0.181167,2,0.362334,20.191985268806047,85.81131689697924,NH-16 (DEMO),SEG-007,2026-09-28,SYNTHETIC DEMO - NOT REAL GPS,Low
India_001240_jpg.rf.25a8005fcba8af5b5187936c5c699b64,5,D40,0.518198,0.755525,0.0935835,0.0416076,0.105896,2,0.211792,20.323420839345452,85.77026478209253,NH-16 (DEMO),SEG-007,2026-09-28,SYNTHETIC DEMO - NOT REAL GPS,Low
India_001240_jpg.rf.25a8005fcba8af5b5187936c5c699b64,5,D40,0.562618,0.759781,0.216064,0.058943,0.0923832,2,0.1847664,20.298141468173615,85.74260628273393,NH-16 (DEMO),SEG-007,2026-09-28,SYNTHETIC DEMO - NOT REAL GPS,Low
India_001247_jpg.rf.421e7d8447ad79b21c79334bdb206501,4,D20,0.391203,0.809006,0.777551,0.257795,0.441188,2,0.882376,20.264989120714617,85.76270938383003,NH-16 (DEMO),SEG-007,2026-09-28,SYNTHETIC DEMO - NOT REAL GPS,Medium
India_001247_jpg.rf.421e7d8447ad79b21c79334bdb206501,5,D40,0.425765,0.676867,0.0778115,0.0519648,0.177011,2,0.354022,20.295219856740726,85.85754884819872,NH-16 (DEMO),SEG-007,2026-09-28,SYNTHETIC DEMO - NOT REAL GPS,Low
India_001247_jpg.rf.421e7d8447ad79b21c79334bdb206501,5,D40,0.459403,0.668539,0.153071,0.0762418,0.167355,2,0.33471,20.297218374237293,85.81638671394454,NH-16 (DEMO),SEG-007,2026-09-28,SYNTHETIC DEMO - NOT REAL GPS,Low
India_001247_jpg.rf.421e7d8447ad79b21c79334bdb206501,5,D40,0.452444,0.677534,0.136001,0.0604518,0.159797,2,0.319594,20.321364330050773,85.78047818771155,NH-16 (DEMO),SEG-007,2026-09-28,SYNTHETIC DEMO - NOT REAL GPS,Low
India_001247_jpg.rf.421e7d8447ad79b21c79334bdb206501,5,D40,0.467964,0.67984,0.163494,0.0811494,0.0942749,2,0.1885498,20.21054133661427,85.84638495707769,NH-16 (DEMO),SEG-007,2026-09-28,SYNTHETIC DEMO - NOT REAL GPS,Low
India_001247_jpg.rf.421e7d8447ad79b21c79334bdb206501,5,D40,0.5652,0.654239,0.133942,0.0440655,0.0807456,2,0.1614912,20.264412143257328,85.73031318919278,NH-16 (DEMO),SEG-007,2026-09-28,SYNTHETIC DEMO - NOT REAL GPS,Low
India_001247_jpg.rf.421e7d8447ad79b21c79334bdb206501,5,D40,0.51718,0.686668,0.281506,0.0860428,0.0764539,2,0.1529078,20.185207871610306,85.76062257406758,NH-16 (DEMO),SEG-007,2026-09-28,SYNTHETIC DEMO - NOT REAL GPS,Low
India_001247_jpg.rf.421e7d8447ad79b21c79334bdb206501,5,D40,0.548384,0.688377,0.200184,0.0616195,0.0742172,2,0.1484344,20.26858651200386,85.75681650464917,NH-16 (DEMO),SEG-008,2026-09-28,SYNTHETIC DEMO - NOT REAL GPS,Low
India_001247_jpg.rf.421e7d8447ad79b21c79334bdb206501,5,D40,0.51348,0.665885,0.223871,0.0782804,0.06465,2,0.1293,20.197406608654845,85.87765832994691,NH-16 (DEMO),SEG-008,2026-09-28,SYNTHETIC DEMO - NOT REAL GPS,Low
India_001247_jpg.rf.421e7d8447ad79b21c79334bdb206501,5,D40,0.430322,0.675529,0.132041,0.0717617,0.0585343,2,0.1170686,20.26039209783559,85.83297577318284,NH-16 (DEMO),SEG-008,2026-09-28,SYNTHETIC DEMO - NOT REAL GPS,Low
India_001247_jpg.rf.421e7d8447ad79b21c79334bdb206501,5,D40,0.416964,0.766389,0.568572,0.286913,0.0504723,2,0.1009446,20.261588882245416,85.81884574982216,NH-16 (DEMO),SEG-008,2026-09-28,SYNTHETIC DEMO - NOT REAL GPS,Low
India_001279_jpg.rf.403e94eaf8fe5b30053bf35504423a17,4,D20,0.439907,0.889473,0.873083,0.218608,0.776753,2,1.553506,20.244557624476997,85.7207975944471,NH-16 (DEMO),SEG-008,2026-09-28,SYNTHETIC DEMO - NOT REAL GPS,High
India_001279_jpg.rf.403e94eaf8fe5b30053bf35504423a17,4,D20,0.507551,0.855369,0.948753,0.289261,0.68413,2,1.36826,20.2536210840821,85.74948960033437,NH-16 (DEMO),SEG-008,2026-09-28,SYNTHETIC DEMO - NOT REAL GPS,Medium
India_001279_jpg.rf.403e94eaf8fe5b30053bf35504423a17,5,D40,0.324095,0.909335,0.591294,0.18133,0.333819,2,0.667638,20.292227742401053,85.82168660687569,NH-16 (DEMO),SEG-008,2026-09-28,SYNTHETIC DEMO - NOT REAL GPS,Medium
India_001279_jpg.rf.403e94eaf8fe5b30053bf35504423a17,4,D20,0.335573,0.87733,0.661783,0.245339,0.315331,2,0.630662,20.29787915464193,85.78075509223706,NH-16 (DEMO),SEG-008,2026-09-28,SYNTHETIC DEMO - NOT REAL GPS,Medium
India_001279_jpg.rf.403e94eaf8fe5b30053bf35504423a17,4,D20,0.373965,0.907002,0.606995,0.185996,0.277475,2,0.55495,20.248744514492067,85.86788486138865,NH-16 (DEMO),SEG-008,2026-09-28,SYNTHETIC DEMO - NOT REAL GPS,Medium
India_001279_jpg.rf.403e94eaf8fe5b30053bf35504423a17,4,D20,0.594685,0.830948,0.800932,0.295679,0.274956,2,0.549912,20.26593495064362,85.84235587506268,NH-16 (DEMO),SEG-008,2026-09-28,SYNTHETIC DEMO - NOT REAL GPS,Medium
India_001279_jpg.rf.403e94eaf8fe5b30053bf35504423a17,5,D40,0.44619,0.878632,0.559463,0.242736,0.202742,2,0.405484,20.318997797710416,85.79158145164865,NH-16 (DEMO),SEG-008,2026-09-28,SYNTHETIC DEMO - NOT REAL GPS,Low
India_001279_jpg.rf.403e94eaf8fe5b30053bf35504423a17,5,D40,0.532342,0.864097,0.592551,0.224593,0.0750678,2,0.1501356,20.189157374160178,85.83992239640612,NH-16 (DEMO),SEG-008,2026-09-28,SYNTHETIC DEMO - NOT REAL GPS,Low
India_001279_jpg.rf.403e94eaf8fe5b30053bf35504423a17,5,D40,0.224368,0.908758,0.444093,0.180771,0.0619338,2,0.1238676,20.188736570544016,85.87606469181219,NH-16 (DEMO),SEG-008,2026-09-28,SYNTHETIC DEMO - NOT REAL GPS,Low
India_001314_jpg.rf.1b0ba1ad9176c772afbac35b745f12db,4,D20,0.525018,0.747719,0.929845,0.47876,0.818111,2,1.636222,20.184033441905722,85.79375693195223,NH-16 (DEMO),SEG-008,2026-09-28,SYNTHETIC DEMO - NOT REAL GPS,High
India_001314_jpg.rf.1b0ba1ad9176c772afbac35b745f12db,5,D40,0.62617,0.554224,0.0802609,0.0400927,0.41664,2,0.83328,20.275258125606484,85.82280414206217,NH-16 (DEMO),SEG-008,2026-09-28,SYNTHETIC DEMO - NOT REAL GPS,Medium
India_001314_jpg.rf.1b0ba1ad9176c772afbac35b745f12db,5,D40,0.757835,0.598804,0.471233,0.211111,0.414086,2,0.828172,20.23697732812646,85.8669863384098,NH-16 (DEMO),SEG-008,2026-09-28,SYNTHETIC DEMO - NOT REAL GPS,Medium
India_001314_jpg.rf.1b0ba1ad9176c772afbac35b745f12db,5,D40,0.61991,0.549767,0.0915138,0.052054,0.392189,2,0.784378,20.293891426582697,85.75978794592578,NH-16 (DEMO),SEG-008,2026-09-28,SYNTHETIC DEMO - NOT REAL GPS,Medium
India_001314_jpg.rf.1b0ba1ad9176c772afbac35b745f12db,5,D40,0.671132,0.543366,0.218474,0.0588843,0.360413,2,0.720826,20.277397026129375,85.8618492661866,NH-16 (DEMO),SEG-008,2026-09-28,SYNTHETIC DEMO - NOT REAL GPS,Medium
India_001314_jpg.rf.1b0ba1ad9176c772afbac35b745f12db,5,D40,0.687633,0.579142,0.538167,0.186525,0.290641,2,0.581282,20.223382041332517,85.73560715308368,NH-16 (DEMO),SEG-008,2026-09-28,SYNTHETIC DEMO - NOT REAL GPS,Medium
India_001314_jpg.rf.1b0ba1ad9176c772afbac35b745f12db,5,D40,0.613159,0.492389,0.0787724,0.044758,0.274009,2,0.548018,20.313738647577846,85.82375170729402,NH-16 (DEMO),SEG-008,2026-09-28,SYNTHETIC DEMO - NOT REAL GPS,Medium
India_001314_jpg.rf.1b0ba1ad9176c772afbac35b745f12db,4,D20,0.522901,0.641754,0.946204,0.307319,0.227557,2,0.455114,20.292005143531306,85.84525410480892,NH-16 (DEMO),SEG-008,2026-09-28,SYNTHETIC DEMO - NOT REAL GPS,Low
India_001314_jpg.rf.1b0ba1ad9176c772afbac35b745f12db,5,D40,0.703186,0.577781,0.282332,0.152281,0.215776,2,0.431552,20.213285590545627,85.81833699508039,NH-16 (DEMO),SEG-008,2026-09-28,SYNTHETIC DEMO - NOT REAL GPS,Low
India_001314_jpg.rf.1b0ba1ad9176c772afbac35b745f12db,5,D40,0.678969,0.565797,0.235903,0.0881763,0.201325,2,0.40265,20.22827072284353,85.7992855686644,NH-16 (DEMO),SEG-008,2026-09-28,SYNTHETIC DEMO - NOT REAL GPS,Low
India_001314_jpg.rf.1b0ba1ad9176c772afbac35b745f12db,5,D40,0.217629,0.567068,0.138736,0.0715205,0.164921,2,0.329842,20.220310396832684,85.81877553598811,NH-16 (DEMO),SEG-008,2026-09-28,SYNTHETIC DEMO - NOT REAL GPS,Low
India_001314_jpg.rf.1b0ba1ad9176c772afbac35b745f12db,5,D40,0.680105,0.548841,0.263635,0.126837,0.161439,2,0.322878,20.19521786378,85.74426619340471,NH-16 (DEMO),SEG-008,2026-09-28,SYNTHETIC DEMO - NOT REAL GPS,Low
India_001314_jpg.rf.1b0ba1ad9176c772afbac35b745f12db,5,D40,0.616462,0.494818,0.0876864,0.0592331,0.141933,2,0.283866,20.19364533960675,85.75449131365284,NH-16 (DEMO),SEG-008,2026-09-28,SYNTHETIC DEMO - NOT REAL GPS,Low
India_001314_jpg.rf.1b0ba1ad9176c772afbac35b745f12db,5,D40,0.602484,0.588021,0.179824,0.127898,0.13671,2,0.27342,20.319780394140118,85.76318389503301,NH-16 (DEMO),SEG-008,2026-09-28,SYNTHETIC DEMO - NOT REAL GPS,Low
India_001314_jpg.rf.1b0ba1ad9176c772afbac35b745f12db,5,D40,0.647858,0.566149,0.231085,0.0753734,0.124492,2,0.248984,20.2400646459518,85.8156446945008,NH-16 (DEMO),SEG-008,2026-09-28,SYNTHETIC DEMO - NOT REAL GPS,Low
India_001314_jpg.rf.1b0ba1ad9176c772afbac35b745f12db,5,D40,0.575858,0.577784,0.592828,0.207379,0.122679,2,0.245358,20.231331171644385,85.7907041717992,NH-16 (DEMO),SEG-008,2026-09-28,SYNTHETIC DEMO - NOT REAL GPS,Low
India_001314_jpg.rf.1b0ba1ad9176c772afbac35b745f12db,5,D40,0.607363,0.565296,0.133252,0.101538,0.114789,2,0.229578,20.28674971338838,85.75911613479774,NH-16 (DEMO),SEG-008,2026-09-28,SYNTHETIC DEMO - NOT REAL GPS,Low
India_001314_jpg.rf.1b0ba1ad9176c772afbac35b745f12db,5,D40,0.218663,0.569411,0.115257,0.0591963,0.114296,2,0.228592,20.258478890440465,85.86124949314313,NH-16 (DEMO),SEG-008,2026-09-28,SYNTHETIC DEMO - NOT REAL GPS,Low
India_001314_jpg.rf.1b0ba1ad9176c772afbac35b745f12db,5,D40,0.242143,0.562428,0.180668,0.0797957,0.109766,2,0.219532,20.319782397894155,85.77982749444692,NH-16 (DEMO),SEG-008,2026-09-28,SYNTHETIC DEMO - NOT REAL GPS,Low
India_001314_jpg.rf.1b0ba1ad9176c772afbac35b745f12db,5,D40,0.67153,0.565636,0.319261,0.113034,0.104533,2,0.209066,20.2948482390255,85.79136507507678,NH-16 (DEMO),SEG-008,2026-09-28,SYNTHETIC DEMO - NOT REAL GPS,Low
India_001314_jpg.rf.1b0ba1ad9176c772afbac35b745f12db,4,D20,0.675242,0.735903,0.649516,0.466919,0.0773647,2,0.1547294,20.246699130259927,85.78555217224783,NH-16 (DEMO),SEG-008,2026-09-28,SYNTHETIC DEMO - NOT REAL GPS,Low
India_001314_jpg.rf.1b0ba1ad9176c772afbac35b745f12db,5,D40,0.784668,0.641298,0.424621,0.279493,0.0717368,2,0.1434736,20.230217515756934,85.74911087284428,NH-16 (DEMO),SEG-008,2026-09-28,SYNTHETIC DEMO - NOT REAL GPS,Low
India_001314_jpg.rf.1b0ba1ad9176c772afbac35b745f12db,5,D40,0.602183,0.485437,0.100478,0.0677847,0.0684508,2,0.1369016,20.32786104718789,85.83706032246883,NH-16 (DEMO),SEG-008,2026-09-28,SYNTHETIC DEMO - NOT REAL GPS,Low
India_001314_jpg.rf.1b0ba1ad9176c772afbac35b745f12db,5,D40,0.618342,0.488404,0.114918,0.0687311,0.0640294,2,0.1280588,20.284841637760582,85.79175332196301,NH-16 (DEMO),SEG-008,2026-09-28,SYNTHETIC DEMO - NOT REAL GPS,Low
India_001314_jpg.rf.1b0ba1ad9176c772afbac35b745f12db,5,D40,0.529584,0.604537,0.605769,0.205641,0.0639966,2,0.1279932,20.322191145600616,85.72260113758283,NH-16 (DEMO),SEG-008,2026-09-28,SYNTHETIC DEMO - NOT REAL GPS,Low
India_001314_jpg.rf.1b0ba1ad9176c772afbac35b745f12db,5,D40,0.71126,0.569985,0.236861,0.101523,0.0573621,2,0.1147242,20.188956572354726,85.87424219237757,NH-16 (DEMO),SEG-008,2026-09-28,SYNTHETIC DEMO - NOT REAL GPS,Low
India_001314_jpg.rf.1b0ba1ad9176c772afbac35b745f12db,5,D40,0.455016,0.585301,0.581839,0.221801,0.0556462,2,0.1112924,20.306085388670525,85.85052217785527,NH-16 (DEMO),SEG-008,2026-09-28,SYNTHETIC DEMO - NOT REAL GPS,Low
India_001314_jpg.rf.1b0ba1ad9176c772afbac35b745f12db,5,D40,0.277022,0.551605,0.191703,0.0567032,0.0529618,2,0.1059236,20.271931821438592,85.83576949665469,NH-16 (DEMO),SEG-008,2026-09-28,SYNTHETIC DEMO - NOT REAL GPS,Low
India_001314_jpg.rf.1b0ba1ad9176c772afbac35b745f12db,5,D40,0.718691,0.546215,0.170436,0.0643826,0.0529523,2,0.1059046,20.18950746853362,85.85905469928296,NH-16 (DEMO),SEG-008,2026-09-28,SYNTHETIC DEMO - NOT REAL GPS,Low
India_001314_jpg.rf.1b0ba1ad9176c772afbac35b745f12db,5,D40,0.381337,0.59807,0.515327,0.225185,0.0526716,2,0.1053432,20.264121279995074,85.86508916057689,NH-16 (DEMO),SEG-008,2026-09-28,SYNTHETIC DEMO - NOT REAL GPS,Low
India_001314_jpg.rf.1b0ba1ad9176c772afbac35b745f12db,5,D40,0.331345,0.634187,0.56703,0.247155,0.0513682,2,0.1027364,20.27977541841687,85.77399835302151,NH-16 (DEMO),SEG-008,2026-09-28,SYNTHETIC DEMO - NOT REAL GPS,Low
India_001321_jpg.rf.1efbfd084456def7f06fc148f6314db8,4,D20,0.573397,0.825998,0.816985,0.264459,0.985914,2,1.971828,20.171968429742176,85.81775338854666,NH-16 (DEMO),SEG-008,2026-09-28,SYNTHETIC DEMO - NOT REAL GPS,High
India_001321_jpg.rf.1efbfd084456def7f06fc148f6314db8,4,D20,0.722203,0.805569,0.459181,0.270107,0.679025,2,1.35805,20.24269087389468,85.81740924947289,NH-16 (DEMO),SEG-008,2026-09-28,SYNTHETIC DEMO - NOT REAL GPS,Medium
India_001321_jpg.rf.1efbfd084456def7f06fc148f6314db8,4,D20,0.69325,0.831814,0.613499,0.27728,0.550183,2,1.100366,20.30206392179141,85.76276794700969,NH-16 (DEMO),SEG-008,2026-09-28,SYNTHETIC DEMO - NOT REAL GPS,Medium
India_001321_jpg.rf.1efbfd084456def7f06fc148f6314db8,4,D20,0.576677,0.792104,0.603445,0.254041,0.383966,2,0.767932,20.217257444055054,85.75551236023153,NH-16 (DEMO),SEG-008,2026-09-28,SYNTHETIC DEMO - NOT REAL GPS,Medium
India_001321_jpg.rf.1efbfd084456def7f06fc148f6314db8,4,D20,0.764949,0.828895,0.470102,0.246349,0.351051,2,0.702102,20.24336769308777,85.73822516077104,NH-16 (DEMO),SEG-008,2026-09-28,SYNTHETIC DEMO - NOT REAL GPS,Medium
India_001321_jpg.rf.1efbfd084456def7f06fc148f6314db8,4,D20,0.399387,0.831035,0.783096,0.284273,0.240047,2,0.480094,20.240770260330862,85.82549027134662,NH-16 (DEMO),SEG-008,2026-09-28,SYNTHETIC DEMO - NOT REAL GPS,Low
India_001321_jpg.rf.1efbfd084456def7f06fc148f6314db8,4,D20,0.216183,0.871511,0.423091,0.253021,0.150275,2,0.30055,20.2183083826308,85.84494703856492,NH-16 (DEMO),SEG-009,2026-09-28,SYNTHETIC DEMO - NOT REAL GPS,Low
India_001321_jpg.rf.1efbfd084456def7f06fc148f6314db8,4,D20,0.507232,0.860324,0.951334,0.234602,0.122764,2,0.245528,20.31695070328249,85.84175247672272,NH-16 (DEMO),SEG-009,2026-09-28,SYNTHETIC DEMO - NOT REAL GPS,Low
India_001321_jpg.rf.1efbfd084456def7f06fc148f6314db8,4,D20,0.605266,0.785259,0.404251,0.295229,0.0911936,2,0.1823872,20.295007045669042,85.7706040603496,NH-16 (DEMO),SEG-009,2026-09-28,SYNTHETIC DEMO - NOT REAL GPS,Low
India_001321_jpg.rf.1efbfd084456def7f06fc148f6314db8,4,D20,0.27829,0.849196,0.548459,0.262321,0.0834909,2,0.1669818,20.187694145759377,85.75284157607443,NH-16 (DEMO),SEG-009,2026-09-28,SYNTHETIC DEMO - NOT REAL GPS,Low
India_001321_jpg.rf.1efbfd084456def7f06fc148f6314db8,0,D00,0.572741,0.73812,0.115034,0.219933,0.0749444,3,0.2248331999999999,20.32952554525401,85.79257826855273,NH-16 (DEMO),SEG-009,2026-09-28,SYNTHETIC DEMO - NOT REAL GPS,Low
India_001321_jpg.rf.1efbfd084456def7f06fc148f6314db8,4,D20,0.527324,0.822806,0.651385,0.226086,0.0742288,2,0.1484576,20.310672003889238,85.80749015363848,NH-16 (DEMO),SEG-009,2026-09-28,SYNTHETIC DEMO - NOT REAL GPS,Low
India_001321_jpg.rf.1efbfd084456def7f06fc148f6314db8,4,D20,0.478118,0.795148,0.606751,0.243528,0.0739862,2,0.1479724,20.215425350058247,85.86705394047496,NH-16 (DEMO),SEG-009,2026-09-28,SYNTHETIC DEMO - NOT REAL GPS,Low
India_001321_jpg.rf.1efbfd084456def7f06fc148f6314db8,4,D20,0.652633,0.870736,0.694734,0.242736,0.0632455,2,0.126491,20.30390345274575,85.85997170468384,NH-16 (DEMO),SEG-009,2026-09-28,SYNTHETIC DEMO - NOT REAL GPS,Low
India_001368_jpg.rf.488a50883de0ba8602cf720192cfabfe,4,D20,0.413614,0.780438,0.808041,0.251417,0.169173,2,0.338346,20.187027125099423,85.86656933300829,NH-16 (DEMO),SEG-009,2026-09-28,SYNTHETIC DEMO - NOT REAL GPS,Low
India_001385_jpg.rf.0b71e9832d63839343868f62eac05956,4,D20,0.200728,0.784289,0.397757,0.340275,0.142208,2,0.284416,20.329856756875877,85.85604198162176,NH-16 (DEMO),SEG-009,2026-09-28,SYNTHETIC DEMO - NOT REAL GPS,Low
India_001385_jpg.rf.0b71e9832d63839343868f62eac05956,4,D20,0.450749,0.697525,0.890233,0.227421,0.129428,2,0.258856,20.276509557777047,85.87433299270981,NH-16 (DEMO),SEG-009,2026-09-28,SYNTHETIC DEMO - NOT REAL GPS,Low
India_001385_jpg.rf.0b71e9832d63839343868f62eac05956,5,D40,0.450291,0.667081,0.463353,0.202088,0.126296,2,0.252592,20.274020002489408,85.79447999954705,NH-16 (DEMO),SEG-009,2026-09-28,SYNTHETIC DEMO - NOT REAL GPS,Low
India_001385_jpg.rf.0b71e9832d63839343868f62eac05956,4,D20,0.3939,0.729987,0.772504,0.287969,0.0965842,2,0.1931684,20.18447051631746,85.72759575958929,NH-16 (DEMO),SEG-009,2026-09-28,SYNTHETIC DEMO - NOT REAL GPS,Low
India_001385_jpg.rf.0b71e9832d63839343868f62eac05956,5,D40,0.264211,0.778342,0.513507,0.332688,0.0791694,2,0.1583388,20.31352534382346,85.73336992514375,NH-16 (DEMO),SEG-009,2026-09-28,SYNTHETIC DEMO - NOT REAL GPS,Low
India_001385_jpg.rf.0b71e9832d63839343868f62eac05956,4,D20,0.459625,0.671351,0.447511,0.179872,0.0615291,2,0.1230582,20.174639920512714,85.78244418268358,NH-16 (DEMO),SEG-009,2026-09-28,SYNTHETIC DEMO - NOT REAL GPS,Low
India_001400_jpg.rf.7eff088e6fea304ba326ce96a00c28c9,4,D20,0.740053,0.859737,0.271952,0.229856,0.151038,2,0.302076,20.208532489286583,85.76122993460368,NH-16 (DEMO),SEG-009,2026-09-28,SYNTHETIC DEMO - NOT REAL GPS,Low
India_001400_jpg.rf.7eff088e6fea304ba326ce96a00c28c9,4,D20,0.802158,0.864387,0.377548,0.234948,0.143539,2,0.287078,20.19288350002666,85.74719049461777,NH-16 (DEMO),SEG-009,2026-09-28,SYNTHETIC DEMO - NOT REAL GPS,Low
India_001400_jpg.rf.7eff088e6fea304ba326ce96a00c28c9,4,D20,0.637472,0.854981,0.725055,0.263451,0.121873,2,0.243746,20.294282870510756,85.87251260392138,NH-16 (DEMO),SEG-009,2026-09-28,SYNTHETIC DEMO - NOT REAL GPS,Low
India_001400_jpg.rf.7eff088e6fea304ba326ce96a00c28c9,4,D20,0.726197,0.855185,0.385756,0.227626,0.11208,2,0.22416,20.201712676354063,85.75126713414569,NH-16 (DEMO),SEG-009,2026-09-28,SYNTHETIC DEMO - NOT REAL GPS,Low
India_001400_jpg.rf.7eff088e6fea304ba326ce96a00c28c9,4,D20,0.673377,0.868272,0.590633,0.223956,0.0582031,2,0.1164062,20.31570211634094,85.87350068357044,NH-16 (DEMO),SEG-009,2026-09-28,SYNTHETIC DEMO - NOT REAL GPS,Low
India_001400_jpg.rf.7eff088e6fea304ba326ce96a00c28c9,4,D20,0.606388,0.851308,0.567709,0.218543,0.0509718,2,0.1019436,20.275003046292397,85.84173421445139,NH-16 (DEMO),SEG-009,2026-09-28,SYNTHETIC DEMO - NOT REAL GPS,Low
India_001422_jpg.rf.cd9eee6a0dfac785595158d4c0fac784,4,D20,0.361913,0.750466,0.712702,0.221853,0.949743,2,1.899486,20.175786033679152,85.82255130754004,NH-16 (DEMO),SEG-009,2026-09-28,SYNTHETIC DEMO - NOT REAL GPS,High
India_001422_jpg.rf.cd9eee6a0dfac785595158d4c0fac784,5,D40,0.367583,0.714446,0.503952,0.181497,0.820044,2,1.640088,20.170868773460594,85.8281630336143,NH-16 (DEMO),SEG-009,2026-09-28,SYNTHETIC DEMO - NOT REAL GPS,High
India_001422_jpg.rf.cd9eee6a0dfac785595158d4c0fac784,5,D40,0.294809,0.754103,0.589617,0.22142,0.609098,2,1.218196,20.178265266722303,85.77303589178545,NH-16 (DEMO),SEG-009,2026-09-28,SYNTHETIC DEMO - NOT REAL GPS,Medium
India_001422_jpg.rf.cd9eee6a0dfac785595158d4c0fac784,5,D40,0.365142,0.722528,0.339166,0.145092,0.537965,2,1.07593,20.266948028423638,85.82342832608933,NH-16 (DEMO),SEG-009,2026-09-28,SYNTHETIC DEMO - NOT REAL GPS,Medium
India_001422_jpg.rf.cd9eee6a0dfac785595158d4c0fac784,5,D40,0.267517,0.809504,0.517158,0.327159,0.528406,2,1.056812,20.298237089737505,85.749870738925,NH-16 (DEMO),SEG-009,2026-09-28,SYNTHETIC DEMO - NOT REAL GPS,Medium
India_001422_jpg.rf.cd9eee6a0dfac785595158d4c0fac784,5,D40,0.419967,0.738085,0.464082,0.227085,0.511839,2,1.023678,20.20816845130038,85.87003286920576,NH-16 (DEMO),SEG-009,2026-09-28,SYNTHETIC DEMO - NOT REAL GPS,Medium
India_001422_jpg.rf.cd9eee6a0dfac785595158d4c0fac784,4,D20,0.420655,0.782435,0.841309,0.221891,0.476027,2,0.952054,20.30590541486769,85.76828693439369,NH-16 (DEMO),SEG-009,2026-09-28,SYNTHETIC DEMO - NOT REAL GPS,Medium
India_001422_jpg.rf.cd9eee6a0dfac785595158d4c0fac784,5,D40,0.348792,0.727914,0.246347,0.119495,0.403355,2,0.80671,20.179157110424523,85.76082984196697,NH-16 (DEMO),SEG-009,2026-09-28,SYNTHETIC DEMO - NOT REAL GPS,Medium
India_001422_jpg.rf.cd9eee6a0dfac785595158d4c0fac784,5,D40,0.504244,0.684272,0.194556,0.0707561,0.382262,2,0.764524,20.298154216582667,85.83378604771106,NH-16 (DEMO),SEG-009,2026-09-28,SYNTHETIC DEMO - NOT REAL GPS,Medium
India_001422_jpg.rf.cd9eee6a0dfac785595158d4c0fac784,5,D40,0.473441,0.680627,0.31666,0.104291,0.372072,2,0.744144,20.318447268827565,85.82503179489059,NH-16 (DEMO),SEG-009,2026-09-28,SYNTHETIC DEMO - NOT REAL GPS,Medium
India_001422_jpg.rf.cd9eee6a0dfac785595158d4c0fac784,5,D40,0.465184,0.689402,0.342335,0.154092,0.310362,2,0.620724,20.293537343856702,85.79220782693493,NH-16 (DEMO),SEG-009,2026-09-28,SYNTHETIC DEMO - NOT REAL GPS,Medium
India_001422_jpg.rf.cd9eee6a0dfac785595158d4c0fac784,5,D40,0.533128,0.680746,0.13085,0.0488424,0.29644,2,0.59288,20.28169932543658,85.82119139755052,NH-16 (DEMO),SEG-009,2026-09-28,SYNTHETIC DEMO - NOT REAL GPS,Medium
India_001422_jpg.rf.cd9eee6a0dfac785595158d4c0fac784,4,D20,0.471909,0.751231,0.578309,0.232815,0.242954,2,0.485908,20.304076834984862,85.74551889148174,NH-16 (DEMO),SEG-009,2026-09-28,SYNTHETIC DEMO - NOT REAL GPS,Low
India_001422_jpg.rf.cd9eee6a0dfac785595158d4c0fac784,4,D20,0.318439,0.791843,0.636878,0.30116,0.238708,2,0.477416,20.176424207927532,85.82773252918432,NH-16 (DEMO),SEG-009,2026-09-28,SYNTHETIC DEMO - NOT REAL GPS,Low
India_001422_jpg.rf.cd9eee6a0dfac785595158d4c0fac784,5,D40,0.52629,0.677795,0.14783,0.0692733,0.203459,2,0.406918,20.202285137715048,85.76329771123123,NH-16 (DEMO),SEG-009,2026-09-28,SYNTHETIC DEMO - NOT REAL GPS,Low
India_001422_jpg.rf.cd9eee6a0dfac785595158d4c0fac784,5,D40,0.403654,0.676941,0.284623,0.0652822,0.199859,2,0.399718,20.189987788688903,85.76365375626823,NH-16 (DEMO),SEG-009,2026-09-28,SYNTHETIC DEMO - NOT REAL GPS,Low
India_001422_jpg.rf.cd9eee6a0dfac785595158d4c0fac784,4,D20,0.228055,0.814553,0.451025,0.301461,0.17175,2,0.3435,20.25072495843088,85.745948789591,NH-16 (DEMO),SEG-009,2026-09-28,SYNTHETIC DEMO - NOT REAL GPS,Low
India_001422_jpg.rf.cd9eee6a0dfac785595158d4c0fac784,5,D40,0.36007,0.734525,0.175005,0.0865183,0.146027,2,0.292054,20.289230100532617,85.77318034160578,NH-16 (DEMO),SEG-009,2026-09-28,SYNTHETIC DEMO - NOT REAL GPS,Low
India_001422_jpg.rf.cd9eee6a0dfac785595158d4c0fac784,5,D40,0.3269,0.718443,0.353251,0.176405,0.133478,2,0.266956,20.270801895132223,85.7730001696498,NH-16 (DEMO),SEG-009,2026-09-28,SYNTHETIC DEMO - NOT REAL GPS,Low
India_001422_jpg.rf.cd9eee6a0dfac785595158d4c0fac784,4,D20,0.174689,0.833938,0.349378,0.329375,0.119963,2,0.239926,20.306180975961908,85.79266864187235,NH-16 (DEMO),SEG-009,2026-09-28,SYNTHETIC DEMO - NOT REAL GPS,Low
India_001422_jpg.rf.cd9eee6a0dfac785595158d4c0fac784,5,D40,0.13947,0.749887,0.278941,0.157201,0.114365,2,0.22873,20.194834078790574,85.7504671207466,NH-16 (DEMO),SEG-009,2026-09-28,SYNTHETIC DEMO - NOT REAL GPS,Low
India_001422_jpg.rf.cd9eee6a0dfac785595158d4c0fac784,5,D40,0.279953,0.713226,0.534231,0.188499,0.112065,2,0.22413,20.287539374709628,85.7508812057854,NH-16 (DEMO),SEG-009,2026-09-28,SYNTHETIC DEMO - NOT REAL GPS,Low
India_001422_jpg.rf.cd9eee6a0dfac785595158d4c0fac784,5,D40,0.488811,0.708954,0.241649,0.13628,0.106249,2,0.212498,20.200886638539025,85.80667817146612,NH-16 (DEMO),SEG-009,2026-09-28,SYNTHETIC DEMO - NOT REAL GPS,Low
India_001422_jpg.rf.cd9eee6a0dfac785595158d4c0fac784,5,D40,0.186919,0.749806,0.369532,0.200325,0.0929371,2,0.1858742,20.213321400210848,85.74062038474727,NH-16 (DEMO),SEG-009,2026-09-28,SYNTHETIC DEMO - NOT REAL GPS,Low
India_001422_jpg.rf.cd9eee6a0dfac785595158d4c0fac784,5,D40,0.433004,0.670199,0.294783,0.111637,0.0895577,2,0.1791154,20.28358475156501,85.83022352127821,NH-16 (DEMO),SEG-009,2026-09-28,SYNTHETIC DEMO - NOT REAL GPS,Low
India_001422_jpg.rf.cd9eee6a0dfac785595158d4c0fac784,5,D40,0.494163,0.707771,0.326154,0.152604,0.0884654,2,0.1769308,20.326832765583788,85.871031540138,NH-16 (DEMO),SEG-009,2026-09-28,SYNTHETIC DEMO - NOT REAL GPS,Low
India_001422_jpg.rf.cd9eee6a0dfac785595158d4c0fac784,5,D40,0.49104,0.633499,0.0998278,0.0392975,0.08141,2,0.16282,20.26784697695633,85.7882872994663,NH-16 (DEMO),SEG-009,2026-09-28,SYNTHETIC DEMO - NOT REAL GPS,Low
India_001422_jpg.rf.cd9eee6a0dfac785595158d4c0fac784,5,D40,0.465863,0.642147,0.152257,0.0671191,0.0739032,2,0.1478064,20.178720050398606,85.8641768501041,NH-16 (DEMO),SEG-009,2026-09-28,SYNTHETIC DEMO - NOT REAL GPS,Low
India_001422_jpg.rf.cd9eee6a0dfac785595158d4c0fac784,5,D40,0.3057,0.722561,0.246513,0.118798,0.0725833,2,0.1451666,20.268609435188406,85.73573065458014,NH-16 (DEMO),SEG-009,2026-09-28,SYNTHETIC DEMO - NOT REAL GPS,Low
India_001422_jpg.rf.cd9eee6a0dfac785595158d4c0fac784,5,D40,0.404369,0.75264,0.066531,0.0471391,0.0723743,2,0.1447486,20.176776088252826,85.7268732203801,NH-16 (DEMO),SEG-010,2026-09-28,SYNTHETIC DEMO - NOT REAL GPS,Low
India_001422_jpg.rf.cd9eee6a0dfac785595158d4c0fac784,5,D40,0.105646,0.753372,0.203108,0.126043,0.0686418,2,0.1372836,20.31146331381869,85.83541902040221,NH-16 (DEMO),SEG-010,2026-09-28,SYNTHETIC DEMO - NOT REAL GPS,Low
India_001422_jpg.rf.cd9eee6a0dfac785595158d4c0fac784,5,D40,0.385799,0.685187,0.317177,0.11486,0.0630797,2,0.1261594,20.2835325256161,85.84176345167704,NH-16 (DEMO),SEG-010,2026-09-28,SYNTHETIC DEMO - NOT REAL GPS,Low
India_001422_jpg.rf.cd9eee6a0dfac785595158d4c0fac784,5,D40,0.254246,0.748725,0.119049,0.0627992,0.0630182,2,0.1260364,20.1977004554276,85.85488931855451,NH-16 (DEMO),SEG-010,2026-09-28,SYNTHETIC DEMO - NOT REAL GPS,Low
India_001422_jpg.rf.cd9eee6a0dfac785595158d4c0fac784,5,D40,0.512896,0.641706,0.156815,0.0595415,0.052426,2,0.104852,20.184675360931873,85.72909082854399,NH-16 (DEMO),SEG-010,2026-09-28,SYNTHETIC DEMO - NOT REAL GPS,Low
India_001427_jpg.rf.a196a0fa4d0b11ef799168a7492afdae,4,D20,0.56977,0.836123,0.842423,0.280883,0.309965,2,0.61993,20.199365316620852,85.8443051287931,NH-16 (DEMO),SEG-010,2026-09-28,SYNTHETIC DEMO - NOT REAL GPS,Medium
India_001427_jpg.rf.a196a0fa4d0b11ef799168a7492afdae,5,D40,0.512461,0.813142,0.0829018,0.0447307,0.14295,2,0.2859,20.326804348728672,85.78024619724745,NH-16 (DEMO),SEG-010,2026-09-28,SYNTHETIC DEMO - NOT REAL GPS,Low
India_001427_jpg.rf.a196a0fa4d0b11ef799168a7492afdae,4,D20,0.689253,0.82106,0.621493,0.29346,0.0956855,2,0.191371,20.24336970279336,85.76853402122914,NH-16 (DEMO),SEG-010,2026-09-28,SYNTHETIC DEMO - NOT REAL GPS,Low
India_001427_jpg.rf.a196a0fa4d0b11ef799168a7492afdae,5,D40,0.51675,0.808702,0.157054,0.0924683,0.0691719,2,0.1383438,20.295452951734624,85.74768382741493,NH-16 (DEMO),SEG-010,2026-09-28,SYNTHETIC DEMO - NOT REAL GPS,Low
India_001427_jpg.rf.a196a0fa4d0b11ef799168a7492afdae,5,D40,0.514311,0.809755,0.108562,0.0680687,0.0648306,2,0.1296612,20.271825334737244,85.8793625208164,NH-16 (DEMO),SEG-010,2026-09-28,SYNTHETIC DEMO - NOT REAL GPS,Low
India_001427_jpg.rf.a196a0fa4d0b11ef799168a7492afdae,5,D40,0.51096,0.82136,0.088119,0.0469826,0.0515168,2,0.1030336,20.26158610399338,85.73018617429102,NH-16 (DEMO),SEG-010,2026-09-28,SYNTHETIC DEMO - NOT REAL GPS,Low
India_001432_jpg.rf.7f399aff1e552d4d2927995b0650663c,4,D20,0.409158,0.783618,0.795322,0.253824,0.430411,2,0.860822,20.19322084074641,85.85232128233727,NH-16 (DEMO),SEG-010,2026-09-28,SYNTHETIC DEMO - NOT REAL GPS,Medium
India_001432_jpg.rf.7f399aff1e552d4d2927995b0650663c,4,D20,0.400643,0.831888,0.774394,0.301929,0.101371,2,0.202742,20.321363912569296,85.82231910967847,NH-16 (DEMO),SEG-010,2026-09-28,SYNTHETIC DEMO - NOT REAL GPS,Low
India_001433_jpg.rf.d099a43628c88d5d41d2475a386ba52f,5,D40,0.683793,0.741548,0.207531,0.0788986,0.0955161,2,0.1910322,20.218214821202356,85.8376128710819,NH-16 (DEMO),SEG-010,2026-09-28,SYNTHETIC DEMO - NOT REAL GPS,Low
India_001433_jpg.rf.d099a43628c88d5d41d2475a386ba52f,5,D40,0.664145,0.741595,0.155455,0.0703137,0.0869866,2,0.1739732,20.262482754529206,85.83387473918748,NH-16 (DEMO),SEG-010,2026-09-28,SYNTHETIC DEMO - NOT REAL GPS,Low
India_001480_jpg.rf.6d346ef2fe2e87c079ee831ed5e1a15a,4,D20,0.450135,0.841829,0.860726,0.295061,0.0639435,2,0.127887,20.28196415113425,85.85734951761171,NH-16 (DEMO),SEG-010,2026-09-28,SYNTHETIC DEMO - NOT REAL GPS,Low
India_001503_jpg.rf.ad788883f716763dad31ee4165539f8e,4,D20,0.428524,0.818697,0.717766,0.258503,0.857568,2,1.715136,20.27387730483925,85.74940673117698,NH-16 (DEMO),SEG-010,2026-09-28,SYNTHETIC DEMO - NOT REAL GPS,High
India_001503_jpg.rf.ad788883f716763dad31ee4165539f8e,4,D20,0.551624,0.813842,0.832605,0.240465,0.689746,2,1.379492,20.320495105551284,85.72013193869354,NH-16 (DEMO),SEG-010,2026-09-28,SYNTHETIC DEMO - NOT REAL GPS,Medium
India_001503_jpg.rf.ad788883f716763dad31ee4165539f8e,4,D20,0.473726,0.833432,0.487807,0.165228,0.56032,2,1.12064,20.19375023838721,85.81576455824693,NH-16 (DEMO),SEG-010,2026-09-28,SYNTHETIC DEMO - NOT REAL GPS,Medium
India_001503_jpg.rf.ad788883f716763dad31ee4165539f8e,4,D20,0.548586,0.829859,0.312146,0.160964,0.48944,2,0.97888,20.25133643815151,85.77661738229173,NH-16 (DEMO),SEG-010,2026-09-28,SYNTHETIC DEMO - NOT REAL GPS,Medium
India_001503_jpg.rf.ad788883f716763dad31ee4165539f8e,5,D40,0.587253,0.842146,0.210156,0.103265,0.408657,2,0.817314,20.23464550251852,85.73980597297874,NH-16 (DEMO),SEG-010,2026-09-28,SYNTHETIC DEMO - NOT REAL GPS,Medium
India_001503_jpg.rf.ad788883f716763dad31ee4165539f8e,4,D20,0.810867,0.78293,0.378265,0.190319,0.28871,2,0.57742,20.24586699671722,85.74978220065668,NH-16 (DEMO),SEG-010,2026-09-28,SYNTHETIC DEMO - NOT REAL GPS,Medium
India_001503_jpg.rf.ad788883f716763dad31ee4165539f8e,5,D40,0.829447,0.762711,0.30424,0.152296,0.195497,2,0.390994,20.189074804191637,85.77307988999347,NH-16 (DEMO),SEG-010,2026-09-28,SYNTHETIC DEMO - NOT REAL GPS,Low
India_001503_jpg.rf.ad788883f716763dad31ee4165539f8e,5,D40,0.547089,0.842221,0.288331,0.11811,0.180629,2,0.361258,20.19145513757964,85.73123733934187,NH-16 (DEMO),SEG-010,2026-09-28,SYNTHETIC DEMO - NOT REAL GPS,Low
India_001503_jpg.rf.ad788883f716763dad31ee4165539f8e,5,D40,0.791258,0.759258,0.268725,0.129561,0.137012,2,0.274024,20.214492087325002,85.72910611234055,NH-16 (DEMO),SEG-010,2026-09-28,SYNTHETIC DEMO - NOT REAL GPS,Low
India_001503_jpg.rf.ad788883f716763dad31ee4165539f8e,5,D40,0.546088,0.851796,0.227713,0.0972104,0.118641,2,0.237282,20.218752736601733,85.86656420077318,NH-16 (DEMO),SEG-010,2026-09-28,SYNTHETIC DEMO - NOT REAL GPS,Low
India_001503_jpg.rf.ad788883f716763dad31ee4165539f8e,5,D40,0.809278,0.7793,0.372342,0.181786,0.104722,2,0.209444,20.238464514189015,85.76993643989658,NH-16 (DEMO),SEG-010,2026-09-28,SYNTHETIC DEMO - NOT REAL GPS,Low
India_001503_jpg.rf.ad788883f716763dad31ee4165539f8e,4,D20,0.425822,0.811183,0.570807,0.219557,0.102091,2,0.204182,20.26775800752586,85.87715691159578,NH-16 (DEMO),SEG-010,2026-09-28,SYNTHETIC DEMO - NOT REAL GPS,Low
India_001503_jpg.rf.ad788883f716763dad31ee4165539f8e,5,D40,0.74298,0.745859,0.279521,0.159938,0.0993475,2,0.198695,20.271540658786922,85.87429872133286,NH-16 (DEMO),SEG-010,2026-09-28,SYNTHETIC DEMO - NOT REAL GPS,Low
India_001503_jpg.rf.ad788883f716763dad31ee4165539f8e,5,D40,0.645807,0.844127,0.062471,0.0890249,0.0947641,2,0.1895282,20.23588974345369,85.74281140517233,NH-16 (DEMO),SEG-010,2026-09-28,SYNTHETIC DEMO - NOT REAL GPS,Low
India_001503_jpg.rf.ad788883f716763dad31ee4165539f8e,4,D20,0.496099,0.795827,0.43431,0.22904,0.0839533,2,0.1679066,20.235405297508592,85.83438788846338,NH-16 (DEMO),SEG-010,2026-09-28,SYNTHETIC DEMO - NOT REAL GPS,Low
India_001503_jpg.rf.ad788883f716763dad31ee4165539f8e,5,D40,0.524472,0.856652,0.303528,0.112617,0.0817875,2,0.163575,20.204820564271515,85.81612878226032,NH-16 (DEMO),SEG-010,2026-09-28,SYNTHETIC DEMO - NOT REAL GPS,Low
India_001503_jpg.rf.ad788883f716763dad31ee4165539f8e,5,D40,0.719336,0.728473,0.211223,0.0970526,0.0744088,2,0.1488176,20.26412899974544,85.83050353169682,NH-16 (DEMO),SEG-010,2026-09-28,SYNTHETIC DEMO - NOT REAL GPS,Low
India_001503_jpg.rf.ad788883f716763dad31ee4165539f8e,5,D40,0.828959,0.762987,0.236089,0.110847,0.0660407,2,0.1320814,20.22072654581076,85.73539056000232,NH-16 (DEMO),SEG-010,2026-09-28,SYNTHETIC DEMO - NOT REAL GPS,Low
India_001503_jpg.rf.ad788883f716763dad31ee4165539f8e,4,D20,0.737786,0.770599,0.524428,0.190634,0.0599896,2,0.1199792,20.175769573484377,85.75016961258153,NH-16 (DEMO),SEG-010,2026-09-28,SYNTHETIC DEMO - NOT REAL GPS,Low
India_001503_jpg.rf.ad788883f716763dad31ee4165539f8e,4,D20,0.608938,0.84466,0.164303,0.110362,0.0554731,2,0.1109462,20.236944007065098,85.73226218583214,NH-16 (DEMO),SEG-010,2026-09-28,SYNTHETIC DEMO - NOT REAL GPS,Low
India_001503_jpg.rf.ad788883f716763dad31ee4165539f8e,4,D20,0.508685,0.848035,0.230433,0.144685,0.0543279,2,0.1086558,20.245861228014427,85.81666147283472,NH-16 (DEMO),SEG-010,2026-09-28,SYNTHETIC DEMO - NOT REAL GPS,Low
India_001551_jpg.rf.1ab18817d6cc5bd06fb4de1b84e085d8,4,D20,0.446648,0.727319,0.877883,0.277553,0.47704,2,0.95408,20.206094858912675,85.87785457213585,NH-16 (DEMO),SEG-010,2026-09-28,SYNTHETIC DEMO - NOT REAL GPS,Medium
India_001551_jpg.rf.1ab18817d6cc5bd06fb4de1b84e085d8,5,D40,0.612223,0.586763,0.135417,0.0436812,0.0526929,2,0.1053858,20.26159326929954,85.82751752602526,NH-16 (DEMO),SEG-010,2026-09-28,SYNTHETIC DEMO - NOT REAL GPS,Low
India_001551_jpg.rf.1ab18817d6cc5bd06fb4de1b84e085d8,5,D40,0.604473,0.617453,0.154393,0.0769299,0.052396,2,0.104792,20.260523504069106,85.8337218456035,NH-16 (DEMO),SEG-010,2026-09-28,SYNTHETIC DEMO - NOT REAL GPS,Low
India_001565_jpg.rf.e37768401a400f263a5f888f1cfbfdf2,4,D20,0.794595,0.850637,0.40918,0.298727,0.101367,2,0.202734,20.28232034897766,85.87753360664692,NH-16 (DEMO),SEG-010,2026-09-28,SYNTHETIC DEMO - NOT REAL GPS,Low
India_001633_jpg.rf.8374778dc57f5d619537b88f5616310e,4,D20,0.520275,0.82815,0.812661,0.279545,0.704208,2,1.408416,20.273671757152194,85.82848184866748,NH-16 (DEMO),SEG-010,2026-09-28,SYNTHETIC DEMO - NOT REAL GPS,Medium
India_001633_jpg.rf.8374778dc57f5d619537b88f5616310e,4,D20,0.360481,0.835475,0.465958,0.329049,0.153762,2,0.307524,20.274389289043366,85.72642905162056,NH-16 (DEMO),SEG-010,2026-09-28,SYNTHETIC DEMO - NOT REAL GPS,Low
India_001633_jpg.rf.8374778dc57f5d619537b88f5616310e,5,D40,0.360194,0.833581,0.455516,0.332838,0.0908691,2,0.1817382,20.220594264291847,85.85872089613706,NH-16 (DEMO),SEG-010,2026-09-28,SYNTHETIC DEMO - NOT REAL GPS,Low
India_001633_jpg.rf.8374778dc57f5d619537b88f5616310e,5,D40,0.621458,0.809749,0.531735,0.210251,0.0714025,2,0.142805,20.295989155517752,85.7783485264606,NH-16 (DEMO),SEG-010,2026-09-28,SYNTHETIC DEMO - NOT REAL GPS,Low
India_001633_jpg.rf.8374778dc57f5d619537b88f5616310e,4,D20,0.637539,0.823772,0.55181,0.199732,0.0527083,2,0.1054166,20.25786310137595,85.72069817944235,NH-16 (DEMO),SEG-010,2026-09-28,SYNTHETIC DEMO - NOT REAL GPS,Low
India_001668_jpg.rf.2124fded5e20dc7b6361ab36130af701,4,D20,0.46295,0.862436,0.883845,0.267781,0.716018,2,1.432036,20.239026911228784,85.80115746840973,NH-16 (DEMO),SEG-010,2026-09-28,SYNTHETIC DEMO - NOT REAL GPS,Medium
India_001668_jpg.rf.2124fded5e20dc7b6361ab36130af701,7,D44,0.376009,0.846503,0.138441,0.14013,0.12085,3,0.36255,20.27016199695057,85.8699224001402,NH-16 (DEMO),SEG-010,2026-09-28,SYNTHETIC DEMO - NOT REAL GPS,Low
India_001673_jpg.rf.0be6f0d4c7437e664b9120dcdec945e5,4,D20,0.737958,0.780131,0.513134,0.173735,0.242846,2,0.485692,20.227705173512042,85.7611729099512,NH-16 (DEMO),SEG-010,2026-09-28,SYNTHETIC DEMO - NOT REAL GPS,Low
India_001673_jpg.rf.0be6f0d4c7437e664b9120dcdec945e5,5,D40,0.6877,0.773899,0.553244,0.164317,0.210867,2,0.421734,20.252038279137082,85.79864210768845,NH-16 (DEMO),SEG-010,2026-09-28,SYNTHETIC DEMO - NOT REAL GPS,Low
India_001673_jpg.rf.0be6f0d4c7437e664b9120dcdec945e5,4,D20,0.603962,0.787221,0.792076,0.222105,0.0728365,2,0.145673,20.287872910157155,85.74780430204518,NH-16 (DEMO),SEG-011,2026-09-28,SYNTHETIC DEMO - NOT REAL GPS,Low
India_001679_jpg.rf.0d84e734fe25dc634c62e8543819a095,4,D20,0.861293,0.871367,0.277414,0.233137,0.909969,2,1.819938,20.311824461875794,85.72923082746662,NH-16 (DEMO),SEG-011,2026-09-28,SYNTHETIC DEMO - NOT REAL GPS,High
India_001679_jpg.rf.0d84e734fe25dc634c62e8543819a095,5,D40,0.811659,0.823056,0.224735,0.150584,0.649457,2,1.298914,20.31736915156723,85.73288719147409,NH-16 (DEMO),SEG-011,2026-09-28,SYNTHETIC DEMO - NOT REAL GPS,Medium
India_001679_jpg.rf.0d84e734fe25dc634c62e8543819a095,4,D20,0.793802,0.8616,0.412396,0.249911,0.600238,2,1.200476,20.250581268029297,85.8363217449538,NH-16 (DEMO),SEG-011,2026-09-28,SYNTHETIC DEMO - NOT REAL GPS,Medium
India_001679_jpg.rf.0d84e734fe25dc634c62e8543819a095,5,D40,0.805743,0.81619,0.19524,0.11151,0.557036,2,1.114072,20.25324401835849,85.85825191531875,NH-16 (DEMO),SEG-011,2026-09-28,SYNTHETIC DEMO - NOT REAL GPS,Medium
India_001679_jpg.rf.0d84e734fe25dc634c62e8543819a095,5,D40,0.791805,0.803515,0.163699,0.0676832,0.240498,2,0.480996,20.297979265722216,85.74292781428039,NH-16 (DEMO),SEG-011,2026-09-28,SYNTHETIC DEMO - NOT REAL GPS,Low
India_001679_jpg.rf.0d84e734fe25dc634c62e8543819a095,5,D40,0.825103,0.845927,0.28307,0.19898,0.23431,2,0.46862,20.22031211067907,85.76613097084967,NH-16 (DEMO),SEG-011,2026-09-28,SYNTHETIC DEMO - NOT REAL GPS,Low
India_001679_jpg.rf.0d84e734fe25dc634c62e8543819a095,4,D20,0.701294,0.87343,0.597412,0.243118,0.146117,2,0.292234,20.30398117797521,85.75120471482317,NH-16 (DEMO),SEG-011,2026-09-28,SYNTHETIC DEMO - NOT REAL GPS,Low
India_001679_jpg.rf.0d84e734fe25dc634c62e8543819a095,4,D20,0.571329,0.877855,0.857343,0.243741,0.129444,2,0.258888,20.24906266344279,85.72429692430822,NH-16 (DEMO),SEG-011,2026-09-28,SYNTHETIC DEMO - NOT REAL GPS,Low
India_001679_jpg.rf.0d84e734fe25dc634c62e8543819a095,4,D20,0.76982,0.838168,0.460359,0.200654,0.117165,2,0.23433,20.18853707589364,85.80854901918191,NH-16 (DEMO),SEG-011,2026-09-28,SYNTHETIC DEMO - NOT REAL GPS,Low
India_001679_jpg.rf.0d84e734fe25dc634c62e8543819a095,5,D40,0.765723,0.800949,0.0969555,0.0592403,0.0561173,2,0.1122346,20.18152946353167,85.83198754722203,NH-16 (DEMO),SEG-011,2026-09-28,SYNTHETIC DEMO - NOT REAL GPS,Low
India_001687_jpg.rf.44be2f90971588aa4c1eb01e2dd1cc69,4,D20,0.446021,0.754162,0.818255,0.230311,0.526749,2,1.053498,20.304718913766315,85.8236603969416,NH-16 (DEMO),SEG-011,2026-09-28,SYNTHETIC DEMO - NOT REAL GPS,Medium
India_001687_jpg.rf.44be2f90971588aa4c1eb01e2dd1cc69,4,D20,0.444093,0.796176,0.882432,0.234175,0.412077,2,0.824154,20.1788908667051,85.78208856756835,NH-16 (DEMO),SEG-011,2026-09-28,SYNTHETIC DEMO - NOT REAL GPS,Medium
India_001687_jpg.rf.44be2f90971588aa4c1eb01e2dd1cc69,5,D40,0.550399,0.601429,0.0947449,0.0379818,0.381413,2,0.762826,20.214897829781385,85.80880163935038,NH-16 (DEMO),SEG-011,2026-09-28,SYNTHETIC DEMO - NOT REAL GPS,Medium
India_001687_jpg.rf.44be2f90971588aa4c1eb01e2dd1cc69,5,D40,0.279523,0.808333,0.551374,0.210298,0.159487,2,0.318974,20.223460806480247,85.7350558890618,NH-16 (DEMO),SEG-011,2026-09-28,SYNTHETIC DEMO - NOT REAL GPS,Low
India_001687_jpg.rf.44be2f90971588aa4c1eb01e2dd1cc69,5,D40,0.429085,0.767294,0.551714,0.190379,0.133166,2,0.266332,20.197679111230656,85.74468859499562,NH-16 (DEMO),SEG-011,2026-09-28,SYNTHETIC DEMO - NOT REAL GPS,Low
India_001687_jpg.rf.44be2f90971588aa4c1eb01e2dd1cc69,5,D40,0.561943,0.602125,0.126003,0.0515053,0.132638,2,0.265276,20.22022293916832,85.86908713912848,NH-16 (DEMO),SEG-011,2026-09-28,SYNTHETIC DEMO - NOT REAL GPS,Low
India_001687_jpg.rf.44be2f90971588aa4c1eb01e2dd1cc69,5,D40,0.561777,0.603411,0.0933063,0.046793,0.126796,2,0.253592,20.288830810676014,85.84184123965117,NH-16 (DEMO),SEG-011,2026-09-28,SYNTHETIC DEMO - NOT REAL GPS,Low
India_001687_jpg.rf.44be2f90971588aa4c1eb01e2dd1cc69,5,D40,0.470927,0.729737,0.0877243,0.0369894,0.117211,2,0.234422,20.17234925496961,85.86763825533203,NH-16 (DEMO),SEG-011,2026-09-28,SYNTHETIC DEMO - NOT REAL GPS,Low
India_001687_jpg.rf.44be2f90971588aa4c1eb01e2dd1cc69,4,D20,0.423241,0.781909,0.58116,0.188349,0.109068,2,0.218136,20.30234774792331,85.8666688455199,NH-16 (DEMO),SEG-011,2026-09-28,SYNTHETIC DEMO - NOT REAL GPS,Low
India_001687_jpg.rf.44be2f90971588aa4c1eb01e2dd1cc69,5,D40,0.53806,0.607862,0.132884,0.0650289,0.0941696,2,0.1883392,20.30704768377193,85.82390281873724,NH-16 (DEMO),SEG-011,2026-09-28,SYNTHETIC DEMO - NOT REAL GPS,Low
India_001687_jpg.rf.44be2f90971588aa4c1eb01e2dd1cc69,5,D40,0.411393,0.841678,0.0622906,0.0420578,0.0851561,2,0.1703122,20.22956185171065,85.86851818369794,NH-16 (DEMO),SEG-011,2026-09-28,SYNTHETIC DEMO - NOT REAL GPS,Low
India_001687_jpg.rf.44be2f90971588aa4c1eb01e2dd1cc69,4,D20,0.484577,0.767277,0.589543,0.171404,0.0816172,2,0.1632344,20.1945780638497,85.7866726564932,NH-16 (DEMO),SEG-011,2026-09-28,SYNTHETIC DEMO - NOT REAL GPS,Low
India_001687_jpg.rf.44be2f90971588aa4c1eb01e2dd1cc69,4,D20,0.5892,0.764641,0.447781,0.173239,0.0750385,2,0.150077,20.266134465271215,85.72057859916559,NH-16 (DEMO),SEG-011,2026-09-28,SYNTHETIC DEMO - NOT REAL GPS,Low
India_001687_jpg.rf.44be2f90971588aa4c1eb01e2dd1cc69,4,D20,0.277811,0.828781,0.555621,0.218298,0.0726364,2,0.1452728,20.189147608938384,85.73001137853538,NH-16 (DEMO),SEG-011,2026-09-28,SYNTHETIC DEMO - NOT REAL GPS,Low
India_001687_jpg.rf.44be2f90971588aa4c1eb01e2dd1cc69,4,D20,0.602636,0.751982,0.583093,0.226719,0.0617344,2,0.1234688,20.22838709777252,85.73751797211213,NH-16 (DEMO),SEG-011,2026-09-28,SYNTHETIC DEMO - NOT REAL GPS,Low
India_001687_jpg.rf.44be2f90971588aa4c1eb01e2dd1cc69,5,D40,0.225722,0.852443,0.440869,0.283117,0.0600722,2,0.1201444,20.323348668944156,85.73525655250926,NH-16 (DEMO),SEG-011,2026-09-28,SYNTHETIC DEMO - NOT REAL GPS,Low
India_001687_jpg.rf.44be2f90971588aa4c1eb01e2dd1cc69,5,D40,0.503737,0.63422,0.157376,0.0749217,0.0530209,2,0.1060418,20.329274315613382,85.77627238253604,NH-16 (DEMO),SEG-011,2026-09-28,SYNTHETIC DEMO - NOT REAL GPS,Low
India_001687_jpg.rf.44be2f90971588aa4c1eb01e2dd1cc69,4,D20,0.323987,0.825073,0.646663,0.295539,0.0513923,2,0.1027846,20.293536782616734,85.8322033291375,NH-16 (DEMO),SEG-011,2026-09-28,SYNTHETIC DEMO - NOT REAL GPS,Low
India_001704_jpg.rf.928b650a185113d848e5b75c31cda7fb,4,D20,0.496931,0.753822,0.936808,0.309138,0.819194,2,1.638388,20.219753841587323,85.84650380905607,NH-16 (DEMO),SEG-011,2026-09-28,SYNTHETIC DEMO - NOT REAL GPS,High
India_001704_jpg.rf.928b650a185113d848e5b75c31cda7fb,4,D20,0.439766,0.815655,0.870614,0.33232,0.392937,2,0.785874,20.280026407866576,85.81443412389514,NH-16 (DEMO),SEG-011,2026-09-28,SYNTHETIC DEMO - NOT REAL GPS,Medium
India_001704_jpg.rf.928b650a185113d848e5b75c31cda7fb,5,D40,0.446082,0.809268,0.570144,0.381187,0.0755298,2,0.1510596,20.28286501847744,85.74342978792912,NH-16 (DEMO),SEG-011,2026-09-28,SYNTHETIC DEMO - NOT REAL GPS,Low
India_001704_jpg.rf.928b650a185113d848e5b75c31cda7fb,5,D40,0.484923,0.764345,0.572542,0.329022,0.0710272,2,0.1420544,20.232054671226184,85.83966425634371,NH-16 (DEMO),SEG-011,2026-09-28,SYNTHETIC DEMO - NOT REAL GPS,Low
India_001704_jpg.rf.928b650a185113d848e5b75c31cda7fb,5,D40,0.620797,0.828354,0.0909634,0.0488512,0.0610898,2,0.1221796,20.272542181533787,85.77676830706201,NH-16 (DEMO),SEG-011,2026-09-28,SYNTHETIC DEMO - NOT REAL GPS,Low
India_001704_jpg.rf.928b650a185113d848e5b75c31cda7fb,4,D20,0.580322,0.773401,0.775441,0.249827,0.0605611,2,0.1211222,20.17171642319611,85.72207893578748,NH-16 (DEMO),SEG-011,2026-09-28,SYNTHETIC DEMO - NOT REAL GPS,Low
India_001704_jpg.rf.928b650a185113d848e5b75c31cda7fb,5,D40,0.373803,0.75898,0.614281,0.328223,0.0592561,2,0.1185122,20.20344922537636,85.76489417928524,NH-16 (DEMO),SEG-011,2026-09-28,SYNTHETIC DEMO - NOT REAL GPS,Low
India_001704_jpg.rf.928b650a185113d848e5b75c31cda7fb,5,D40,0.306212,0.685932,0.56513,0.206595,0.0589539,2,0.1179078,20.25401412847476,85.77289608866255,NH-16 (DEMO),SEG-011,2026-09-28,SYNTHETIC DEMO - NOT REAL GPS,Low
India_001704_jpg.rf.928b650a185113d848e5b75c31cda7fb,5,D40,0.263085,0.766855,0.509625,0.319469,0.0569844,2,0.1139688,20.196200208681326,85.7638792856349,NH-16 (DEMO),SEG-011,2026-09-28,SYNTHETIC DEMO - NOT REAL GPS,Low
India_001704_jpg.rf.928b650a185113d848e5b75c31cda7fb,5,D40,0.285381,0.727829,0.570761,0.248647,0.0548556,2,0.1097112,20.196545098860245,85.84989922451001,NH-16 (DEMO),SEG-011,2026-09-28,SYNTHETIC DEMO - NOT REAL GPS,Low
India_001704_jpg.rf.928b650a185113d848e5b75c31cda7fb,5,D40,0.410684,0.710536,0.579213,0.274024,0.050369,2,0.100738,20.30380868648804,85.84158822361505,NH-16 (DEMO),SEG-011,2026-09-28,SYNTHETIC DEMO - NOT REAL GPS,Low
India_001706_jpg.rf.0fbad4c6e9763ed0d1c534098afb9364,4,D20,0.594159,0.741865,0.801286,0.516269,0.382696,2,0.765392,20.328261280429377,85.83128832486602,NH-16 (DEMO),SEG-011,2026-09-28,SYNTHETIC DEMO - NOT REAL GPS,Medium
India_001706_jpg.rf.0fbad4c6e9763ed0d1c534098afb9364,4,D20,0.608992,0.666975,0.782017,0.428149,0.244589,2,0.489178,20.258955108484553,85.74224081256196,NH-16 (DEMO),SEG-011,2026-09-28,SYNTHETIC DEMO - NOT REAL GPS,Low
India_001733_jpg.rf.bc9d251cc23f7e5b674dfde7c4848548,5,D40,0.289664,0.63739,0.113232,0.0558068,0.233511,2,0.467022,20.304251156941074,85.849253425553,NH-16 (DEMO),SEG-011,2026-09-28,SYNTHETIC DEMO - NOT REAL GPS,Low
India_001733_jpg.rf.bc9d251cc23f7e5b674dfde7c4848548,5,D40,0.247324,0.634399,0.207882,0.0653962,0.10319,2,0.20638,20.328451466292204,85.82834815386613,NH-16 (DEMO),SEG-011,2026-09-28,SYNTHETIC DEMO - NOT REAL GPS,Low
India_001733_jpg.rf.bc9d251cc23f7e5b674dfde7c4848548,5,D40,0.30978,0.630761,0.209316,0.0771812,0.0916592,2,0.1833184,20.192655342171005,85.75117402983702,NH-16 (DEMO),SEG-011,2026-09-28,SYNTHETIC DEMO - NOT REAL GPS,Low
India_001733_jpg.rf.bc9d251cc23f7e5b674dfde7c4848548,5,D40,0.336303,0.632706,0.251397,0.0907568,0.0500616,2,0.1001232,20.241719298120696,85.82369502884504,NH-16 (DEMO),SEG-011,2026-09-28,SYNTHETIC DEMO - NOT REAL GPS,Low
India_001760_jpg.rf.ee86239e222c4a89b952227237811511,4,D20,0.500394,0.796766,0.963414,0.401727,0.115896,2,0.231792,20.232811634534706,85.79736186256059,NH-16 (DEMO),SEG-011,2026-09-28,SYNTHETIC DEMO - NOT REAL GPS,Low
India_001779_jpg.rf.060b5b18d28f8c45304cac4c25263084,4,D20,0.507142,0.860334,0.369595,0.279331,0.50443,2,1.00886,20.18280788538339,85.79029600989699,NH-16 (DEMO),SEG-011,2026-09-28,SYNTHETIC DEMO - NOT REAL GPS,Medium
India_001779_jpg.rf.060b5b18d28f8c45304cac4c25263084,0,D00,0.512203,0.881977,0.0717912,0.231984,0.311698,3,0.935094,20.29085282764716,85.73793970615559,NH-16 (DEMO),SEG-011,2026-09-28,SYNTHETIC DEMO - NOT REAL GPS,Medium
India_001779_jpg.rf.060b5b18d28f8c45304cac4c25263084,4,D20,0.476857,0.871762,0.270391,0.256476,0.243547,2,0.487094,20.239404644371614,85.80292868413522,NH-16 (DEMO),SEG-011,2026-09-28,SYNTHETIC DEMO - NOT REAL GPS,Low
India_001779_jpg.rf.060b5b18d28f8c45304cac4c25263084,0,D00,0.524145,0.871721,0.0996951,0.250667,0.216091,3,0.648273,20.245092309470465,85.73598908943558,NH-16 (DEMO),SEG-012,2026-09-28,SYNTHETIC DEMO - NOT REAL GPS,Medium
India_001779_jpg.rf.060b5b18d28f8c45304cac4c25263084,0,D00,0.50631,0.926433,0.055255,0.142761,0.213646,3,0.640938,20.19410767581012,85.74628054196069,NH-16 (DEMO),SEG-012,2026-09-28,SYNTHETIC DEMO - NOT REAL GPS,Medium
India_001779_jpg.rf.060b5b18d28f8c45304cac4c25263084,0,D00,0.478806,0.873876,0.196371,0.249481,0.130763,3,0.392289,20.19894826435694,85.74120741028396,NH-16 (DEMO),SEG-012,2026-09-28,SYNTHETIC DEMO - NOT REAL GPS,Low
India_001779_jpg.rf.060b5b18d28f8c45304cac4c25263084,4,D20,0.298709,0.893373,0.597417,0.213254,0.11525,2,0.2305,20.315136579544994,85.8726573246512,NH-16 (DEMO),SEG-012,2026-09-28,SYNTHETIC DEMO - NOT REAL GPS,Low
India_001779_jpg.rf.060b5b18d28f8c45304cac4c25263084,4,D20,0.484466,0.872746,0.614601,0.254508,0.0845022,2,0.1690044,20.177143854235883,85.76557835047102,NH-16 (DEMO),SEG-012,2026-09-28,SYNTHETIC DEMO - NOT REAL GPS,Low
India_001779_jpg.rf.060b5b18d28f8c45304cac4c25263084,0,D00,0.469319,0.862502,0.145284,0.274996,0.0677459,3,0.2032377,20.207256365590993,85.77683269177535,NH-16 (DEMO),SEG-012,2026-09-28,SYNTHETIC DEMO - NOT REAL GPS,Low
India_001779_jpg.rf.060b5b18d28f8c45304cac4c25263084,0,D00,0.445612,0.892406,0.218266,0.212504,0.0565244,3,0.1695732,20.216729492850323,85.77153289700736,NH-16 (DEMO),SEG-012,2026-09-28,SYNTHETIC DEMO - NOT REAL GPS,Low
India_001785_jpg.rf.f8bac1ef15a6df07fb856acc25d13414,4,D20,0.632813,0.877704,0.734374,0.24064,0.259675,2,0.51935,20.248431606784255,85.8637200712285,NH-16 (DEMO),SEG-012,2026-09-28,SYNTHETIC DEMO - NOT REAL GPS,Medium
India_001794_jpg.rf.c573417c92dc5091a1756be321507bc5,4,D20,0.451716,0.75183,0.830348,0.251697,0.089696,2,0.179392,20.263831227682367,85.81007454581358,NH-16 (DEMO),SEG-012,2026-09-28,SYNTHETIC DEMO - NOT REAL GPS,Low
India_001794_jpg.rf.c573417c92dc5091a1756be321507bc5,7,D44,0.483561,0.754399,0.158691,0.179938,0.0731923,3,0.2195769,20.248926396136106,85.86706558382933,NH-16 (DEMO),SEG-012,2026-09-28,SYNTHETIC DEMO - NOT REAL GPS,Low
India_001794_jpg.rf.c573417c92dc5091a1756be321507bc5,7,D44,0.477718,0.744283,0.196805,0.220382,0.0613732,3,0.1841196,20.183458453529102,85.76798798493246,NH-16 (DEMO),SEG-012,2026-09-28,SYNTHETIC DEMO - NOT REAL GPS,Low
India_001794_jpg.rf.c573417c92dc5091a1756be321507bc5,0,D00,0.484749,0.732823,0.235853,0.233506,0.0606294,3,0.1818882,20.208986792648915,85.7383735479091,NH-16 (DEMO),SEG-012,2026-09-28,SYNTHETIC DEMO - NOT REAL GPS,Low
India_001831_jpg.rf.36537254ea92667ad0e20e8aa95bcbb6,4,D20,0.755019,0.867993,0.379852,0.264013,0.0771126,2,0.1542252,20.304974141562006,85.80899495243587,NH-16 (DEMO),SEG-012,2026-09-28,SYNTHETIC DEMO - NOT REAL GPS,Low
India_001877_jpg.rf.6f0345b3bec68eb2817d1575d6ef8033,5,D40,0.278636,0.472458,0.557271,0.239101,0.111929,2,0.223858,20.272014192076554,85.7752859186864,NH-16 (DEMO),SEG-012,2026-09-28,SYNTHETIC DEMO - NOT REAL GPS,Low
India_001877_jpg.rf.6f0345b3bec68eb2817d1575d6ef8033,5,D40,0.546315,0.367506,0.160083,0.104711,0.101654,2,0.203308,20.273863848021485,85.84830509335852,NH-16 (DEMO),SEG-012,2026-09-28,SYNTHETIC DEMO - NOT REAL GPS,Low
India_001877_jpg.rf.6f0345b3bec68eb2817d1575d6ef8033,5,D40,0.284815,0.518354,0.56824,0.265413,0.0847069,2,0.1694138,20.277232520856217,85.86070774542586,NH-16 (DEMO),SEG-012,2026-09-28,SYNTHETIC DEMO - NOT REAL GPS,Low
India_001877_jpg.rf.6f0345b3bec68eb2817d1575d6ef8033,5,D40,0.545784,0.381102,0.147476,0.0764511,0.0832512,2,0.1665024,20.292064483046325,85.79561176174514,NH-16 (DEMO),SEG-012,2026-09-28,SYNTHETIC DEMO - NOT REAL GPS,Low
India_001877_jpg.rf.6f0345b3bec68eb2817d1575d6ef8033,5,D40,0.526874,0.380464,0.130432,0.0635831,0.0771218,2,0.1542436,20.17929735707543,85.87541744385368,NH-16 (DEMO),SEG-012,2026-09-28,SYNTHETIC DEMO - NOT REAL GPS,Low
India_001877_jpg.rf.6f0345b3bec68eb2817d1575d6ef8033,5,D40,0.358159,0.433997,0.559273,0.223112,0.0694961,2,0.1389922,20.22865734158922,85.8084820810151,NH-16 (DEMO),SEG-012,2026-09-28,SYNTHETIC DEMO - NOT REAL GPS,Low
India_001877_jpg.rf.6f0345b3bec68eb2817d1575d6ef8033,5,D40,0.355376,0.48117,0.566296,0.261846,0.0659632,2,0.1319264,20.25632438964187,85.7633472629418,NH-16 (DEMO),SEG-012,2026-09-28,SYNTHETIC DEMO - NOT REAL GPS,Low
India_001877_jpg.rf.6f0345b3bec68eb2817d1575d6ef8033,5,D40,0.280928,0.424117,0.554689,0.200148,0.05102,2,0.10204,20.22415303732757,85.79823608245508,NH-16 (DEMO),SEG-012,2026-09-28,SYNTHETIC DEMO - NOT REAL GPS,Low
India_001982_jpg.rf.7ba33c916e9ffbf75514b6a086926274,4,D20,0.41385,0.772016,0.718043,0.243017,0.118857,2,0.237714,20.30511661972595,85.72596964678446,NH-16 (DEMO),SEG-012,2026-09-28,SYNTHETIC DEMO - NOT REAL GPS,Low
India_002002_jpg.rf.b13bbc47e4a0474ddb9dd0b5da571298,4,D20,0.650845,0.843585,0.698311,0.247601,0.0850357,2,0.1700714,20.247211601373966,85.84864018564208,NH-16 (DEMO),SEG-012,2026-09-28,SYNTHETIC DEMO - NOT REAL GPS,Low
India_002002_jpg.rf.b13bbc47e4a0474ddb9dd0b5da571298,5,D40,0.0928951,0.922556,0.160188,0.0995517,0.0507274,2,0.1014548,20.2929804143135,85.73622960813671,NH-16 (DEMO),SEG-012,2026-09-28,SYNTHETIC DEMO - NOT REAL GPS,Low
India_002013_jpg.rf.474c7582ebd55c80787a498616b14560,4,D20,0.452639,0.725823,0.852325,0.277874,0.540954,2,1.081908,20.30632248270099,85.76939975816047,NH-16 (DEMO),SEG-012,2026-09-28,SYNTHETIC DEMO - NOT REAL GPS,Medium
India_002025_jpg.rf.d03ed9a77f0f6926573ac2811633452e,4,D20,0.485365,0.892368,0.950545,0.211239,0.0522187,2,0.1044374,20.250766637264558,85.81045064752078,NH-16 (DEMO),SEG-012,2026-09-28,SYNTHETIC DEMO - NOT REAL GPS,Low
India_002046_jpg.rf.a6f5b9a54bf850a617bdb4e23f1fc053,4,D20,0.633178,0.794063,0.342996,0.273707,0.572909,2,1.145818,20.315528359019417,85.7268760201035,NH-16 (DEMO),SEG-012,2026-09-28,SYNTHETIC DEMO - NOT REAL GPS,Medium
India_002046_jpg.rf.a6f5b9a54bf850a617bdb4e23f1fc053,4,D20,0.662458,0.813565,0.290331,0.229263,0.111526,2,0.223052,20.263939830485917,85.73269070386903,NH-16 (DEMO),SEG-012,2026-09-28,SYNTHETIC DEMO - NOT REAL GPS,Low
India_002046_jpg.rf.a6f5b9a54bf850a617bdb4e23f1fc053,4,D20,0.691534,0.818836,0.570929,0.280516,0.0837111,2,0.1674222,20.306043887813395,85.83137861721808,NH-16 (DEMO),SEG-012,2026-09-28,SYNTHETIC DEMO - NOT REAL GPS,Low
India_002048_jpg.rf.0ea7c63e2020073024b7f8031efa07a4,5,D40,0.509944,0.742655,0.146136,0.0762679,0.131322,2,0.262644,20.224494527294645,85.73148433488971,NH-16 (DEMO),SEG-012,2026-09-28,SYNTHETIC DEMO - NOT REAL GPS,Low
India_002048_jpg.rf.0ea7c63e2020073024b7f8031efa07a4,5,D40,0.527175,0.741257,0.118988,0.0673383,0.0899657,2,0.1799314,20.249810713365036,85.79633325859957,NH-16 (DEMO),SEG-012,2026-09-28,SYNTHETIC DEMO - NOT REAL GPS,Low
India_002048_jpg.rf.0ea7c63e2020073024b7f8031efa07a4,5,D40,0.486926,0.774829,0.209502,0.164908,0.0797293,2,0.1594586,20.25502576656073,85.77419130134732,NH-16 (DEMO),SEG-012,2026-09-28,SYNTHETIC DEMO - NOT REAL GPS,Low
India_002048_jpg.rf.0ea7c63e2020073024b7f8031efa07a4,5,D40,0.487212,0.745267,0.184478,0.0902387,0.0664781,2,0.1329562,20.186796754543373,85.75649270527302,NH-16 (DEMO),SEG-012,2026-09-28,SYNTHETIC DEMO - NOT REAL GPS,Low
India_002048_jpg.rf.0ea7c63e2020073024b7f8031efa07a4,4,D20,0.311251,0.830981,0.592936,0.282348,0.0532103,2,0.1064206,20.233768401072247,85.75020462365818,NH-16 (DEMO),SEG-012,2026-09-28,SYNTHETIC DEMO - NOT REAL GPS,Low
India_002066_jpg.rf.efcfdc398242a531da28c9cd5f62ca96,5,D40,0.66238,0.860995,0.245355,0.0875114,0.0985054,2,0.1970108,20.31677402760827,85.84214580699721,NH-16 (DEMO),SEG-012,2026-09-28,SYNTHETIC DEMO - NOT REAL GPS,Low
India_002066_jpg.rf.efcfdc398242a531da28c9cd5f62ca96,5,D40,0.631855,0.863647,0.165381,0.0721425,0.095718,2,0.191436,20.27093315845836,85.87224675090404,NH-16 (DEMO),SEG-012,2026-09-28,SYNTHETIC DEMO - NOT REAL GPS,Low
India_002105_jpg.rf.fe97d0fd7e9b5c29bf27fbfea991f62b,4,D20,0.868802,0.856183,0.262397,0.287635,0.483811,2,0.967622,20.198401053189915,85.74242875875252,NH-16 (DEMO),SEG-012,2026-09-28,SYNTHETIC DEMO - NOT REAL GPS,Medium
India_002105_jpg.rf.fe97d0fd7e9b5c29bf27fbfea991f62b,4,D20,0.620897,0.838757,0.757314,0.307298,0.304362,2,0.608724,20.224216901697538,85.87354899506786,NH-16 (DEMO),SEG-012,2026-09-28,SYNTHETIC DEMO - NOT REAL GPS,Medium
India_002105_jpg.rf.fe97d0fd7e9b5c29bf27fbfea991f62b,4,D20,0.813682,0.846409,0.3718,0.307181,0.301107,2,0.602214,20.200656481546034,85.81516200055601,NH-16 (DEMO),SEG-012,2026-09-28,SYNTHETIC DEMO - NOT REAL GPS,Medium
India_002105_jpg.rf.fe97d0fd7e9b5c29bf27fbfea991f62b,4,D20,0.879849,0.910213,0.240302,0.177778,0.131662,2,0.263324,20.173971701087773,85.82266566485812,NH-16 (DEMO),SEG-012,2026-09-28,SYNTHETIC DEMO - NOT REAL GPS,Low
India_002105_jpg.rf.fe97d0fd7e9b5c29bf27fbfea991f62b,7,D44,0.674924,0.675056,0.0667862,0.07314,0.108739,3,0.326217,20.318393673360646,85.8335882205028,NH-16 (DEMO),SEG-012,2026-09-28,SYNTHETIC DEMO - NOT REAL GPS,Low
India_002105_jpg.rf.fe97d0fd7e9b5c29bf27fbfea991f62b,4,D20,0.731364,0.847122,0.537272,0.305756,0.10007,2,0.20014,20.2417131725211,85.83265902245672,NH-16 (DEMO),SEG-012,2026-09-28,SYNTHETIC DEMO - NOT REAL GPS,Low
India_002105_jpg.rf.fe97d0fd7e9b5c29bf27fbfea991f62b,4,D20,0.503931,0.828331,0.312838,0.271443,0.0709689,2,0.1419378,20.219205611587327,85.8511697773097,NH-16 (DEMO),SEG-012,2026-09-28,SYNTHETIC DEMO - NOT REAL GPS,Low
India_002114_jpg.rf.e3a4722d0a47285a5f682febda5b775c,4,D20,0.501409,0.750588,0.956423,0.488444,0.0660731,2,0.1321462,20.265756350649237,85.79735498421563,NH-16 (DEMO),SEG-012,2026-09-28,SYNTHETIC DEMO - NOT REAL GPS,Low
India_002115_jpg.rf.f7d73c2aded63d7e902e560e96fe7f30,7,D44,0.207269,0.587282,0.124665,0.110207,0.0819281,3,0.2457843,20.171170313006883,85.80533737400235,NH-16 (DEMO),SEG-012,2026-09-28,SYNTHETIC DEMO - NOT REAL GPS,Low
India_002137_jpg.rf.c5bb640f7e219371f9d103d104d3334c,4,D20,0.415171,0.84177,0.830342,0.31646,0.982687,2,1.965374,20.21448353705613,85.77181232039415,NH-16 (DEMO),SEG-012,2026-09-28,SYNTHETIC DEMO - NOT REAL GPS,High
India_002137_jpg.rf.c5bb640f7e219371f9d103d104d3334c,5,D40,0.243873,0.803826,0.479703,0.236914,0.339952,2,0.679904,20.282485354511824,85.7368412150053,NH-16 (DEMO),SEG-012,2026-09-28,SYNTHETIC DEMO - NOT REAL GPS,Medium
India_002137_jpg.rf.c5bb640f7e219371f9d103d104d3334c,4,D20,0.229767,0.852273,0.457575,0.295453,0.289225,2,0.57845,20.271403163691083,85.8263424305482,NH-16 (DEMO),SEG-012,2026-09-28,SYNTHETIC DEMO - NOT REAL GPS,Medium
India_002137_jpg.rf.c5bb640f7e219371f9d103d104d3334c,5,D40,0.282205,0.840827,0.56441,0.306794,0.237936,2,0.475872,20.327088951606807,85.7253775950698,NH-16 (DEMO),SEG-012,2026-09-28,SYNTHETIC DEMO - NOT REAL GPS,Low
India_002137_jpg.rf.c5bb640f7e219371f9d103d104d3334c,4,D20,0.51071,0.867275,0.934358,0.263713,0.198208,2,0.396416,20.269257233545286,85.76410160817333,NH-16 (DEMO),SEG-012,2026-09-28,SYNTHETIC DEMO - NOT REAL GPS,Low
India_002137_jpg.rf.c5bb640f7e219371f9d103d104d3334c,4,D20,0.329046,0.856732,0.590544,0.284672,0.161302,2,0.322604,20.246400939780436,85.73507677831137,NH-16 (DEMO),SEG-013,2026-09-28,SYNTHETIC DEMO - NOT REAL GPS,Low
India_002137_jpg.rf.c5bb640f7e219371f9d103d104d3334c,4,D20,0.292371,0.889156,0.584742,0.221687,0.158448,2,0.316896,20.29182921010944,85.75051634517163,NH-16 (DEMO),SEG-013,2026-09-28,SYNTHETIC DEMO - NOT REAL GPS,Low
India_002137_jpg.rf.c5bb640f7e219371f9d103d104d3334c,5,D40,0.353631,0.822694,0.566424,0.298931,0.0877906,2,0.1755812,20.314532459514247,85.82219694606358,NH-16 (DEMO),SEG-013,2026-09-28,SYNTHETIC DEMO - NOT REAL GPS,Low
India_002137_jpg.rf.c5bb640f7e219371f9d103d104d3334c,5,D40,0.236804,0.768553,0.456065,0.190596,0.0805208,2,0.1610416,20.285311351474935,85.82055626083279,NH-16 (DEMO),SEG-013,2026-09-28,SYNTHETIC DEMO - NOT REAL GPS,Low
India_002137_jpg.rf.c5bb640f7e219371f9d103d104d3334c,5,D40,0.193102,0.846513,0.382878,0.305799,0.0786308,2,0.1572616,20.3241137957679,85.78736878607931,NH-16 (DEMO),SEG-013,2026-09-28,SYNTHETIC DEMO - NOT REAL GPS,Low
India_002137_jpg.rf.c5bb640f7e219371f9d103d104d3334c,5,D40,0.422669,0.844273,0.592592,0.309917,0.0608978,2,0.1217956,20.295120827318108,85.73442751623831,NH-16 (DEMO),SEG-013,2026-09-28,SYNTHETIC DEMO - NOT REAL GPS,Low
India_002137_jpg.rf.c5bb640f7e219371f9d103d104d3334c,4,D20,0.337332,0.916152,0.674664,0.167696,0.0503349,2,0.1006698,20.30868823012191,85.78933982663351,NH-16 (DEMO),SEG-013,2026-09-28,SYNTHETIC DEMO - NOT REAL GPS,Low
India_002219_jpg.rf.2c9ff4e31ae38b82f6bc4d440abf69d6,4,D20,0.482353,0.841064,0.909724,0.286729,0.701265,2,1.40253,20.18825665138938,85.77643917949733,NH-16 (DEMO),SEG-013,2026-09-28,SYNTHETIC DEMO - NOT REAL GPS,Medium
India_002219_jpg.rf.2c9ff4e31ae38b82f6bc4d440abf69d6,4,D20,0.386224,0.870969,0.768599,0.258061,0.197485,2,0.39497,20.287186160479006,85.83527346445695,NH-16 (DEMO),SEG-013,2026-09-28,SYNTHETIC DEMO - NOT REAL GPS,Low
India_002219_jpg.rf.2c9ff4e31ae38b82f6bc4d440abf69d6,4,D20,0.503219,0.844524,0.457065,0.289104,0.185334,2,0.370668,20.24041419192438,85.81264425731185,NH-16 (DEMO),SEG-013,2026-09-28,SYNTHETIC DEMO - NOT REAL GPS,Low
India_002219_jpg.rf.2c9ff4e31ae38b82f6bc4d440abf69d6,4,D20,0.394113,0.860144,0.570443,0.278087,0.0687916,2,0.1375832,20.258496608385805,85.79865052277391,NH-16 (DEMO),SEG-013,2026-09-28,SYNTHETIC DEMO - NOT REAL GPS,Low
India_002229_jpg.rf.38169be3b396a579bd664fc35be149c8,7,D44,0.868034,0.872818,0.195139,0.187481,0.0935653,3,0.2806959,20.274656385517176,85.7979171331688,NH-16 (DEMO),SEG-013,2026-09-28,SYNTHETIC DEMO - NOT REAL GPS,Low
India_002229_jpg.rf.38169be3b396a579bd664fc35be149c8,4,D20,0.876454,0.872105,0.247091,0.250708,0.08022,2,0.16044,20.32517041867289,85.87460750196166,NH-16 (DEMO),SEG-013,2026-09-28,SYNTHETIC DEMO - NOT REAL GPS,Low
India_002229_jpg.rf.38169be3b396a579bd664fc35be149c8,7,D44,0.827383,0.86175,0.111282,0.1473,0.0584175,3,0.1752524999999999,20.32753249302906,85.84100707547255,NH-16 (DEMO),SEG-013,2026-09-28,SYNTHETIC DEMO - NOT REAL GPS,Low
India_002253_jpg.rf.a35c112bf2c170eafb0a99cefbbce0e4,4,D20,0.497491,0.81919,0.925779,0.272413,0.84968,2,1.69936,20.216116519278064,85.79951672967361,NH-16 (DEMO),SEG-013,2026-09-28,SYNTHETIC DEMO - NOT REAL GPS,High
India_002253_jpg.rf.a35c112bf2c170eafb0a99cefbbce0e4,5,D40,0.373165,0.786467,0.582573,0.219834,0.217123,2,0.434246,20.287400559590065,85.79667561806224,NH-16 (DEMO),SEG-013,2026-09-28,SYNTHETIC DEMO - NOT REAL GPS,Low
India_002253_jpg.rf.a35c112bf2c170eafb0a99cefbbce0e4,5,D40,0.660538,0.676732,0.0920273,0.0465154,0.204652,2,0.409304,20.28999736606964,85.72423665620879,NH-16 (DEMO),SEG-013,2026-09-28,SYNTHETIC DEMO - NOT REAL GPS,Low
India_002253_jpg.rf.a35c112bf2c170eafb0a99cefbbce0e4,5,D40,0.507774,0.78142,0.559202,0.234218,0.187001,2,0.374002,20.225438857810087,85.87080148213117,NH-16 (DEMO),SEG-013,2026-09-28,SYNTHETIC DEMO - NOT REAL GPS,Low
India_002253_jpg.rf.a35c112bf2c170eafb0a99cefbbce0e4,5,D40,0.28471,0.832697,0.558568,0.264845,0.140031,2,0.280062,20.189819163978274,85.77106783548277,NH-16 (DEMO),SEG-013,2026-09-28,SYNTHETIC DEMO - NOT REAL GPS,Low
India_002253_jpg.rf.a35c112bf2c170eafb0a99cefbbce0e4,5,D40,0.676563,0.680877,0.118829,0.0525665,0.128835,2,0.25767,20.176551513645716,85.76095025310092,NH-16 (DEMO),SEG-013,2026-09-28,SYNTHETIC DEMO - NOT REAL GPS,Low
India_002253_jpg.rf.a35c112bf2c170eafb0a99cefbbce0e4,5,D40,0.649542,0.66837,0.104906,0.0611746,0.0865791,2,0.1731582,20.29437490040467,85.87990542806203,NH-16 (DEMO),SEG-013,2026-09-28,SYNTHETIC DEMO - NOT REAL GPS,Low
India_002253_jpg.rf.a35c112bf2c170eafb0a99cefbbce0e4,5,D40,0.439701,0.755123,0.180428,0.0913109,0.0842753,2,0.1685506,20.248351958690705,85.83499034744072,NH-16 (DEMO),SEG-013,2026-09-28,SYNTHETIC DEMO - NOT REAL GPS,Low
India_002253_jpg.rf.a35c112bf2c170eafb0a99cefbbce0e4,4,D20,0.381695,0.825154,0.744759,0.32969,0.0813078,2,0.1626156,20.32768642711919,85.72757820372789,NH-16 (DEMO),SEG-013,2026-09-28,SYNTHETIC DEMO - NOT REAL GPS,Low
India_002253_jpg.rf.a35c112bf2c170eafb0a99cefbbce0e4,5,D40,0.431531,0.753816,0.154162,0.0616852,0.0717643,2,0.1435286,20.244395752990986,85.72990167632409,NH-16 (DEMO),SEG-013,2026-09-28,SYNTHETIC DEMO - NOT REAL GPS,Low
India_002253_jpg.rf.a35c112bf2c170eafb0a99cefbbce0e4,4,D20,0.587378,0.795198,0.782684,0.234812,0.0657979,2,0.1315958,20.326466716651815,85.72408025023363,NH-16 (DEMO),SEG-013,2026-09-28,SYNTHETIC DEMO - NOT REAL GPS,Low
India_002253_jpg.rf.a35c112bf2c170eafb0a99cefbbce0e4,5,D40,0.393048,0.751708,0.0721873,0.0463854,0.0610727,2,0.1221454,20.23585216035105,85.81593902392206,NH-16 (DEMO),SEG-013,2026-09-28,SYNTHETIC DEMO - NOT REAL GPS,Low
India_002253_jpg.rf.a35c112bf2c170eafb0a99cefbbce0e4,4,D20,0.436621,0.867686,0.873241,0.250146,0.0595793,2,0.1191586,20.296989144089597,85.73145032000991,NH-16 (DEMO),SEG-013,2026-09-28,SYNTHETIC DEMO - NOT REAL GPS,Low
India_002253_jpg.rf.a35c112bf2c170eafb0a99cefbbce0e4,5,D40,0.687601,0.674834,0.173457,0.0627436,0.0575854,2,0.1151708,20.183571083569895,85.86934213709519,NH-16 (DEMO),SEG-013,2026-09-28,SYNTHETIC DEMO - NOT REAL GPS,Low
India_002253_jpg.rf.a35c112bf2c170eafb0a99cefbbce0e4,5,D40,0.574533,0.795886,0.545685,0.222456,0.0566317,2,0.1132634,20.258873873622044,85.86990504640363,NH-16 (DEMO),SEG-013,2026-09-28,SYNTHETIC DEMO - NOT REAL GPS,Low
India_002279_jpg.rf.f751d4a0116b656a54d2dc3acf0eea27,4,D20,0.522172,0.834429,0.920166,0.284615,0.347335,2,0.69467,20.298329565917715,85.80736865067969,NH-16 (DEMO),SEG-013,2026-09-28,SYNTHETIC DEMO - NOT REAL GPS,Medium
India_002279_jpg.rf.f751d4a0116b656a54d2dc3acf0eea27,5,D40,0.493715,0.797426,0.482511,0.227875,0.188091,2,0.376182,20.31795226675518,85.81866222902335,NH-16 (DEMO),SEG-013,2026-09-28,SYNTHETIC DEMO - NOT REAL GPS,Low
India_002279_jpg.rf.f751d4a0116b656a54d2dc3acf0eea27,5,D40,0.539263,0.827013,0.501395,0.262463,0.104756,2,0.209512,20.30161329449879,85.76670310424404,NH-16 (DEMO),SEG-013,2026-09-28,SYNTHETIC DEMO - NOT REAL GPS,Low
India_002279_jpg.rf.f751d4a0116b656a54d2dc3acf0eea27,5,D40,0.470947,0.77561,0.481495,0.171473,0.0659668,2,0.1319336,20.17591531635219,85.73023560678531,NH-16 (DEMO),SEG-013,2026-09-28,SYNTHETIC DEMO - NOT REAL GPS,Low
India_002320_jpg.rf.45d2c6eb594a9ac4217dc553629c57da,4,D20,0.415064,0.792192,0.782426,0.247878,0.122521,2,0.245042,20.22963237460908,85.83799367123069,NH-16 (DEMO),SEG-013,2026-09-28,SYNTHETIC DEMO - NOT REAL GPS,Low
India_002321_jpg.rf.a36d4dd5a97546a1ab1d1539a78bb520,4,D20,0.482844,0.831856,0.904851,0.293737,0.554969,2,1.109938,20.177791755570215,85.73628575819984,NH-16 (DEMO),SEG-013,2026-09-28,SYNTHETIC DEMO - NOT REAL GPS,Medium
India_002324_jpg.rf.886419a29a6676d1eada68dcde3c6383,4,D20,0.206084,0.715553,0.412168,0.283322,0.0656221,2,0.1312442,20.18748516657833,85.73368922256294,NH-16 (DEMO),SEG-013,2026-09-28,SYNTHETIC DEMO - NOT REAL GPS,Low
India_002324_jpg.rf.886419a29a6676d1eada68dcde3c6383,5,D40,0.483129,0.762601,0.164549,0.0710487,0.0540371,2,0.1080742,20.278048900586796,85.76979569747267,NH-16 (DEMO),SEG-013,2026-09-28,SYNTHETIC DEMO - NOT REAL GPS,Low
India_002342_jpg.rf.d248aea391325a77f7b0693db9e61905,4,D20,0.456942,0.889411,0.899715,0.221178,0.996285,2,1.99257,20.284121311409873,85.72199450557406,NH-16 (DEMO),SEG-013,2026-09-28,SYNTHETIC DEMO - NOT REAL GPS,High
India_002342_jpg.rf.d248aea391325a77f7b0693db9e61905,4,D20,0.608843,0.882793,0.505805,0.234414,0.973291,2,1.946582,20.29379530924026,85.789445698521,NH-16 (DEMO),SEG-013,2026-09-28,SYNTHETIC DEMO - NOT REAL GPS,High
India_002342_jpg.rf.d248aea391325a77f7b0693db9e61905,4,D20,0.485928,0.887651,0.606772,0.224698,0.851575,2,1.70315,20.308473047688906,85.8332289456128,NH-16 (DEMO),SEG-013,2026-09-28,SYNTHETIC DEMO - NOT REAL GPS,High
India_002342_jpg.rf.d248aea391325a77f7b0693db9e61905,4,D20,0.611313,0.890134,0.777374,0.219731,0.686136,2,1.372272,20.288309034956242,85.84821582902751,NH-16 (DEMO),SEG-013,2026-09-28,SYNTHETIC DEMO - NOT REAL GPS,Medium
India_002342_jpg.rf.d248aea391325a77f7b0693db9e61905,4,D20,0.575257,0.910985,0.662021,0.1766,0.641124,2,1.282248,20.29813945473706,85.81668916860782,NH-16 (DEMO),SEG-013,2026-09-28,SYNTHETIC DEMO - NOT REAL GPS,Medium
India_002342_jpg.rf.d248aea391325a77f7b0693db9e61905,4,D20,0.664467,0.902975,0.502723,0.194049,0.594772,2,1.189544,20.177834193571723,85.85549987249823,NH-16 (DEMO),SEG-013,2026-09-28,SYNTHETIC DEMO - NOT REAL GPS,Medium
India_002342_jpg.rf.d248aea391325a77f7b0693db9e61905,4,D20,0.527858,0.872455,0.468559,0.25509,0.364474,2,0.728948,20.20752562407061,85.78504035260273,NH-16 (DEMO),SEG-013,2026-09-28,SYNTHETIC DEMO - NOT REAL GPS,Medium
India_002342_jpg.rf.d248aea391325a77f7b0693db9e61905,4,D20,0.348228,0.898944,0.696456,0.194283,0.339415,2,0.67883,20.269503643740038,85.85580353360967,NH-16 (DEMO),SEG-013,2026-09-28,SYNTHETIC DEMO - NOT REAL GPS,Medium
India_002342_jpg.rf.d248aea391325a77f7b0693db9e61905,5,D40,0.57932,0.92382,0.319995,0.151841,0.211972,2,0.423944,20.30730004873997,85.80103572967974,NH-16 (DEMO),SEG-013,2026-09-28,SYNTHETIC DEMO - NOT REAL GPS,Low
India_002342_jpg.rf.d248aea391325a77f7b0693db9e61905,5,D40,0.599382,0.928876,0.23024,0.141349,0.156417,2,0.312834,20.170720019990345,85.75568578047972,NH-16 (DEMO),SEG-013,2026-09-28,SYNTHETIC DEMO - NOT REAL GPS,Low
India_002342_jpg.rf.d248aea391325a77f7b0693db9e61905,4,D20,0.548887,0.903299,0.322569,0.193402,0.155303,2,0.310606,20.252340694738617,85.87106330346568,NH-16 (DEMO),SEG-013,2026-09-28,SYNTHETIC DEMO - NOT REAL GPS,Low
India_002342_jpg.rf.d248aea391325a77f7b0693db9e61905,4,D20,0.44435,0.914586,0.833998,0.170829,0.126381,2,0.252762,20.278365983898304,85.76399533981393,NH-16 (DEMO),SEG-013,2026-09-28,SYNTHETIC DEMO - NOT REAL GPS,Low
India_002342_jpg.rf.d248aea391325a77f7b0693db9e61905,4,D20,0.525693,0.929376,0.32475,0.141248,0.0576148,2,0.1152296,20.174737166260577,85.72419223747005,NH-16 (DEMO),SEG-013,2026-09-28,SYNTHETIC DEMO - NOT REAL GPS,Low
India_002342_jpg.rf.d248aea391325a77f7b0693db9e61905,4,D20,0.367784,0.881391,0.544023,0.237219,0.0555849,2,0.1111698,20.234216889208543,85.7588278468728,NH-16 (DEMO),SEG-014,2026-09-28,SYNTHETIC DEMO - NOT REAL GPS,Low
India_002342_jpg.rf.d248aea391325a77f7b0693db9e61905,4,D20,0.489424,0.930155,0.159051,0.137323,0.0520001,2,0.1040002,20.313301581021392,85.77867000980119,NH-16 (DEMO),SEG-014,2026-09-28,SYNTHETIC DEMO - NOT REAL GPS,Low
India_002342_jpg.rf.d248aea391325a77f7b0693db9e61905,4,D20,0.19151,0.901084,0.383019,0.197833,0.0519505,2,0.103901,20.277458049416936,85.77621594932629,NH-16 (DEMO),SEG-014,2026-09-28,SYNTHETIC DEMO - NOT REAL GPS,Low
India_002356_jpg.rf.96e0e56e4a7e4a7d78ab1ecbafcdbdda,4,D20,0.575446,0.872843,0.22298,0.234023,0.154746,2,0.309492,20.208025338137695,85.80394680151097,NH-16 (DEMO),SEG-014,2026-09-28,SYNTHETIC DEMO - NOT REAL GPS,Low
India_002356_jpg.rf.96e0e56e4a7e4a7d78ab1ecbafcdbdda,5,D40,0.64507,0.886449,0.0724691,0.0379274,0.10974,2,0.21948,20.306444980741105,85.86130030112575,NH-16 (DEMO),SEG-014,2026-09-28,SYNTHETIC DEMO - NOT REAL GPS,Low
India_002356_jpg.rf.96e0e56e4a7e4a7d78ab1ecbafcdbdda,7,D44,0.844385,0.779105,0.102342,0.0929928,0.0886135,3,0.2658405,20.225685027745524,85.76677411633754,NH-16 (DEMO),SEG-014,2026-09-28,SYNTHETIC DEMO - NOT REAL GPS,Low
India_002356_jpg.rf.96e0e56e4a7e4a7d78ab1ecbafcdbdda,4,D20,0.560252,0.875031,0.356619,0.236305,0.0771694,2,0.1543388,20.306535147383048,85.80332329727347,NH-16 (DEMO),SEG-014,2026-09-28,SYNTHETIC DEMO - NOT REAL GPS,Low
India_002356_jpg.rf.96e0e56e4a7e4a7d78ab1ecbafcdbdda,4,D20,0.584774,0.879569,0.688155,0.234304,0.0708024,2,0.1416048,20.217830984179024,85.77442223259015,NH-16 (DEMO),SEG-014,2026-09-28,SYNTHETIC DEMO - NOT REAL GPS,Low
India_002356_jpg.rf.96e0e56e4a7e4a7d78ab1ecbafcdbdda,5,D40,0.75571,0.8158,0.0613585,0.0415507,0.0555475,2,0.111095,20.264451240141305,85.85148368949972,NH-16 (DEMO),SEG-014,2026-09-28,SYNTHETIC DEMO - NOT REAL GPS,Low
India_002363_jpg.rf.0136ee5008c654ec7d2c2afbdcf4c4c4,0,D00,0.340376,0.719755,0.197411,0.192929,0.0786845,3,0.2360535,20.233510410839653,85.74521624212615,NH-16 (DEMO),SEG-014,2026-09-28,SYNTHETIC DEMO - NOT REAL GPS,Low
India_002363_jpg.rf.0136ee5008c654ec7d2c2afbdcf4c4c4,0,D00,0.319548,0.744563,0.202875,0.226524,0.0718658,3,0.2155974,20.21397200812081,85.7365616429296,NH-16 (DEMO),SEG-014,2026-09-28,SYNTHETIC DEMO - NOT REAL GPS,Low
India_002363_jpg.rf.0136ee5008c654ec7d2c2afbdcf4c4c4,4,D20,0.318755,0.76042,0.283223,0.243435,0.0672719,2,0.1345438,20.3118492099475,85.80047924051802,NH-16 (DEMO),SEG-014,2026-09-28,SYNTHETIC DEMO - NOT REAL GPS,Low
India_002363_jpg.rf.0136ee5008c654ec7d2c2afbdcf4c4c4,4,D20,0.508695,0.748336,0.90353,0.237422,0.0628459,2,0.1256918,20.20001498911032,85.82750201372248,NH-16 (DEMO),SEG-014,2026-09-28,SYNTHETIC DEMO - NOT REAL GPS,Low
India_002363_jpg.rf.0136ee5008c654ec7d2c2afbdcf4c4c4,0,D00,0.303397,0.771286,0.184513,0.213401,0.0598004,3,0.1794011999999999,20.18356985459772,85.84728403217451,NH-16 (DEMO),SEG-014,2026-09-28,SYNTHETIC DEMO - NOT REAL GPS,Low
India_002383_jpg.rf.113fd2c472804028e12ca67d18d0fb5c,4,D20,0.630976,0.886191,0.659776,0.225133,0.125973,2,0.251946,20.224708310167305,85.81433997646485,NH-16 (DEMO),SEG-014,2026-09-28,SYNTHETIC DEMO - NOT REAL GPS,Low
India_002387_jpg.rf.b710e95a653bc11908ed70a817e657a5,4,D20,0.453805,0.893914,0.895174,0.212172,0.257372,2,0.514744,20.28482226362265,85.84381596181103,NH-16 (DEMO),SEG-014,2026-09-28,SYNTHETIC DEMO - NOT REAL GPS,Medium
India_002387_jpg.rf.b710e95a653bc11908ed70a817e657a5,5,D40,0.236321,0.897906,0.452161,0.2,0.0761747,2,0.1523494,20.299189056956205,85.78283360936975,NH-16 (DEMO),SEG-014,2026-09-28,SYNTHETIC DEMO - NOT REAL GPS,Low
India_002387_jpg.rf.b710e95a653bc11908ed70a817e657a5,5,D40,0.612142,0.843146,0.0562947,0.0410942,0.051661,2,0.103322,20.329798939210683,85.72525882724263,NH-16 (DEMO),SEG-014,2026-09-28,SYNTHETIC DEMO - NOT REAL GPS,Low
India_002487_jpg.rf.c6bff58570206479bb997a0959a2c1dc,4,D20,0.416161,0.754386,0.818003,0.279239,0.880456,2,1.760912,20.217417929121787,85.73857588926424,NH-16 (DEMO),SEG-014,2026-09-28,SYNTHETIC DEMO - NOT REAL GPS,High
India_002487_jpg.rf.c6bff58570206479bb997a0959a2c1dc,4,D20,0.416983,0.76716,0.364821,0.270495,0.674515,2,1.34903,20.235270712181006,85.72619561619663,NH-16 (DEMO),SEG-014,2026-09-28,SYNTHETIC DEMO - NOT REAL GPS,Medium
India_002487_jpg.rf.c6bff58570206479bb997a0959a2c1dc,4,D20,0.465211,0.766944,0.268372,0.247841,0.532794,2,1.065588,20.19189140448474,85.77263098407623,NH-16 (DEMO),SEG-014,2026-09-28,SYNTHETIC DEMO - NOT REAL GPS,Medium
India_002487_jpg.rf.c6bff58570206479bb997a0959a2c1dc,5,D40,0.37593,0.771719,0.472815,0.290734,0.470456,2,0.940912,20.261979508739685,85.79927861460298,NH-16 (DEMO),SEG-014,2026-09-28,SYNTHETIC DEMO - NOT REAL GPS,Medium
India_002487_jpg.rf.c6bff58570206479bb997a0959a2c1dc,5,D40,0.505834,0.694414,0.146489,0.115936,0.41906,2,0.83812,20.329612805962068,85.7770107973851,NH-16 (DEMO),SEG-014,2026-09-28,SYNTHETIC DEMO - NOT REAL GPS,Medium
India_002487_jpg.rf.c6bff58570206479bb997a0959a2c1dc,4,D20,0.591802,0.759097,0.49606,0.23457,0.390671,2,0.781342,20.282140961619305,85.80969591601063,NH-16 (DEMO),SEG-014,2026-09-28,SYNTHETIC DEMO - NOT REAL GPS,Medium
India_002487_jpg.rf.c6bff58570206479bb997a0959a2c1dc,5,D40,0.319389,0.720893,0.567661,0.206744,0.280525,2,0.56105,20.265234054466138,85.79689746375884,NH-16 (DEMO),SEG-014,2026-09-28,SYNTHETIC DEMO - NOT REAL GPS,Medium
India_002487_jpg.rf.c6bff58570206479bb997a0959a2c1dc,4,D20,0.361761,0.793405,0.706881,0.302519,0.269035,2,0.53807,20.232779054867486,85.82847084829822,NH-16 (DEMO),SEG-014,2026-09-28,SYNTHETIC DEMO - NOT REAL GPS,Medium
India_002487_jpg.rf.c6bff58570206479bb997a0959a2c1dc,5,D40,0.465549,0.700408,0.318397,0.176248,0.2688,2,0.5376,20.31644780164569,85.82671394617014,NH-16 (DEMO),SEG-014,2026-09-28,SYNTHETIC DEMO - NOT REAL GPS,Medium
India_002487_jpg.rf.c6bff58570206479bb997a0959a2c1dc,5,D40,0.477082,0.696122,0.221741,0.120022,0.244154,2,0.488308,20.249506655380856,85.77089026353738,NH-16 (DEMO),SEG-014,2026-09-28,SYNTHETIC DEMO - NOT REAL GPS,Low
India_002487_jpg.rf.c6bff58570206479bb997a0959a2c1dc,5,D40,0.386237,0.709901,0.482064,0.241447,0.239219,2,0.478438,20.19149870613009,85.77539431285777,NH-16 (DEMO),SEG-014,2026-09-28,SYNTHETIC DEMO - NOT REAL GPS,Low
India_002487_jpg.rf.c6bff58570206479bb997a0959a2c1dc,4,D20,0.361581,0.770637,0.552126,0.285416,0.222522,2,0.445044,20.228460554111862,85.8136236514626,NH-16 (DEMO),SEG-014,2026-09-28,SYNTHETIC DEMO - NOT REAL GPS,Low
India_002487_jpg.rf.c6bff58570206479bb997a0959a2c1dc,5,D40,0.418105,0.732401,0.39131,0.269279,0.206584,2,0.413168,20.180746667015644,85.81542919486253,NH-16 (DEMO),SEG-014,2026-09-28,SYNTHETIC DEMO - NOT REAL GPS,Low
India_002487_jpg.rf.c6bff58570206479bb997a0959a2c1dc,5,D40,0.493504,0.694512,0.172343,0.141565,0.185401,2,0.370802,20.202316646030205,85.77035198618194,NH-16 (DEMO),SEG-014,2026-09-28,SYNTHETIC DEMO - NOT REAL GPS,Low
India_002487_jpg.rf.c6bff58570206479bb997a0959a2c1dc,4,D20,0.530187,0.74188,0.521417,0.248871,0.167265,2,0.33453,20.172827004959984,85.77285086172407,NH-16 (DEMO),SEG-014,2026-09-28,SYNTHETIC DEMO - NOT REAL GPS,Low
India_002487_jpg.rf.c6bff58570206479bb997a0959a2c1dc,5,D40,0.481275,0.733886,0.19031,0.18296,0.143548,2,0.287096,20.242524786640026,85.83104720210979,NH-16 (DEMO),SEG-014,2026-09-28,SYNTHETIC DEMO - NOT REAL GPS,Low
India_002487_jpg.rf.c6bff58570206479bb997a0959a2c1dc,4,D20,0.479431,0.763048,0.160785,0.230392,0.135962,2,0.271924,20.271526442392286,85.82358573166017,NH-16 (DEMO),SEG-014,2026-09-28,SYNTHETIC DEMO - NOT REAL GPS,Low
India_002487_jpg.rf.c6bff58570206479bb997a0959a2c1dc,5,D40,0.267356,0.77753,0.508482,0.336967,0.133111,2,0.266222,20.224926793980625,85.74160812874877,NH-16 (DEMO),SEG-014,2026-09-28,SYNTHETIC DEMO - NOT REAL GPS,Low
India_002487_jpg.rf.c6bff58570206479bb997a0959a2c1dc,5,D40,0.372925,0.700297,0.284309,0.116716,0.106031,2,0.212062,20.237261083440846,85.79056670074806,NH-16 (DEMO),SEG-014,2026-09-28,SYNTHETIC DEMO - NOT REAL GPS,Low
India_002487_jpg.rf.c6bff58570206479bb997a0959a2c1dc,5,D40,0.476081,0.698156,0.25675,0.152594,0.105092,2,0.210184,20.323473483655132,85.8628329725937,NH-16 (DEMO),SEG-014,2026-09-28,SYNTHETIC DEMO - NOT REAL GPS,Low
India_002487_jpg.rf.c6bff58570206479bb997a0959a2c1dc,5,D40,0.47391,0.806669,0.150387,0.13122,0.102362,2,0.204724,20.290314099451987,85.72580890817672,NH-16 (DEMO),SEG-014,2026-09-28,SYNTHETIC DEMO - NOT REAL GPS,Low
India_002487_jpg.rf.c6bff58570206479bb997a0959a2c1dc,5,D40,0.476685,0.709557,0.147112,0.104281,0.101533,2,0.203066,20.256537061911192,85.85682623143747,NH-16 (DEMO),SEG-014,2026-09-28,SYNTHETIC DEMO - NOT REAL GPS,Low
India_002487_jpg.rf.c6bff58570206479bb997a0959a2c1dc,5,D40,0.437761,0.808251,0.0757067,0.0596003,0.10051,2,0.20102,20.21552654001789,85.74610850513027,NH-16 (DEMO),SEG-014,2026-09-28,SYNTHETIC DEMO - NOT REAL GPS,Low
India_002487_jpg.rf.c6bff58570206479bb997a0959a2c1dc,5,D40,0.149972,0.648781,0.169676,0.0735978,0.0954052,2,0.1908104,20.313519487803678,85.80115978119387,NH-16 (DEMO),SEG-014,2026-09-28,SYNTHETIC DEMO - NOT REAL GPS,Low
India_002487_jpg.rf.c6bff58570206479bb997a0959a2c1dc,5,D40,0.468581,0.718237,0.421273,0.231927,0.0909191,2,0.1818382,20.207615538700907,85.78789382862767,NH-16 (DEMO),SEG-014,2026-09-28,SYNTHETIC DEMO - NOT REAL GPS,Low
India_002487_jpg.rf.c6bff58570206479bb997a0959a2c1dc,5,D40,0.516882,0.68177,0.129834,0.0897261,0.0819009,2,0.1638018,20.22205483688267,85.72162069397463,NH-16 (DEMO),SEG-014,2026-09-28,SYNTHETIC DEMO - NOT REAL GPS,Low
India_002487_jpg.rf.c6bff58570206479bb997a0959a2c1dc,5,D40,0.302655,0.721375,0.0978686,0.0657948,0.0815767,2,0.1631534,20.315450370307673,85.86646350993433,NH-16 (DEMO),SEG-014,2026-09-28,SYNTHETIC DEMO - NOT REAL GPS,Low
India_002487_jpg.rf.c6bff58570206479bb997a0959a2c1dc,5,D40,0.307457,0.709244,0.117963,0.0833051,0.0805624,2,0.1611248,20.25472672884561,85.79278803637348,NH-16 (DEMO),SEG-014,2026-09-28,SYNTHETIC DEMO - NOT REAL GPS,Low
India_002487_jpg.rf.c6bff58570206479bb997a0959a2c1dc,5,D40,0.252333,0.722182,0.496028,0.268583,0.0800204,2,0.1600408,20.288770871906877,85.87268292428169,NH-16 (DEMO),SEG-014,2026-09-28,SYNTHETIC DEMO - NOT REAL GPS,Low
India_002487_jpg.rf.c6bff58570206479bb997a0959a2c1dc,5,D40,0.14606,0.64964,0.135028,0.0531056,0.0774854,2,0.1549708,20.2645191670662,85.76587902415667,NH-16 (DEMO),SEG-014,2026-09-28,SYNTHETIC DEMO - NOT REAL GPS,Low
India_002487_jpg.rf.c6bff58570206479bb997a0959a2c1dc,5,D40,0.437083,0.673659,0.252407,0.0946239,0.0754449,2,0.1508898,20.27455027344152,85.85860412374656,NH-16 (DEMO),SEG-014,2026-09-28,SYNTHETIC DEMO - NOT REAL GPS,Low
India_002487_jpg.rf.c6bff58570206479bb997a0959a2c1dc,5,D40,0.383398,0.691972,0.346127,0.141898,0.063955,2,0.12791,20.217901326642373,85.8675823318393,NH-16 (DEMO),SEG-014,2026-09-28,SYNTHETIC DEMO - NOT REAL GPS,Low
India_002487_jpg.rf.c6bff58570206479bb997a0959a2c1dc,5,D40,0.659209,0.646507,0.132163,0.05844,0.0625389,2,0.1250778,20.208619529860265,85.80909318661932,NH-16 (DEMO),SEG-015,2026-09-28,SYNTHETIC DEMO - NOT REAL GPS,Low
India_002487_jpg.rf.c6bff58570206479bb997a0959a2c1dc,5,D40,0.449238,0.812992,0.102542,0.0852004,0.0596782,2,0.1193564,20.221598775546987,85.75242844605883,NH-16 (DEMO),SEG-015,2026-09-28,SYNTHETIC DEMO - NOT REAL GPS,Low
India_002487_jpg.rf.c6bff58570206479bb997a0959a2c1dc,5,D40,0.340593,0.704672,0.213646,0.102809,0.0538291,2,0.1076582,20.194870650253346,85.82963958913692,NH-16 (DEMO),SEG-015,2026-09-28,SYNTHETIC DEMO - NOT REAL GPS,Low
India_002487_jpg.rf.c6bff58570206479bb997a0959a2c1dc,4,D20,0.311367,0.788864,0.613498,0.405014,0.0516254,2,0.1032508,20.30989029844653,85.80783649064472,NH-16 (DEMO),SEG-015,2026-09-28,SYNTHETIC DEMO - NOT REAL GPS,Low
India_002509_jpg.rf.66216ea8ada0856e2e13b4b0b4a25812,5,D40,0.23725,0.877325,0.451951,0.238464,0.309693,2,0.619386,20.215319509320018,85.87112474653642,NH-16 (DEMO),SEG-015,2026-09-28,SYNTHETIC DEMO - NOT REAL GPS,Medium
India_002509_jpg.rf.66216ea8ada0856e2e13b4b0b4a25812,4,D20,0.226754,0.887568,0.442958,0.223898,0.285475,2,0.57095,20.259838303106303,85.79028352988968,NH-16 (DEMO),SEG-015,2026-09-28,SYNTHETIC DEMO - NOT REAL GPS,Medium
India_002509_jpg.rf.66216ea8ada0856e2e13b4b0b4a25812,4,D20,0.39341,0.843897,0.784017,0.312207,0.26421,2,0.52842,20.29671590802262,85.76296218362236,NH-16 (DEMO),SEG-015,2026-09-28,SYNTHETIC DEMO - NOT REAL GPS,Medium
India_002509_jpg.rf.66216ea8ada0856e2e13b4b0b4a25812,4,D20,0.153725,0.914939,0.30745,0.168648,0.151928,2,0.303856,20.295411857500113,85.74212592023905,NH-16 (DEMO),SEG-015,2026-09-28,SYNTHETIC DEMO - NOT REAL GPS,Low
India_002509_jpg.rf.66216ea8ada0856e2e13b4b0b4a25812,4,D20,0.26664,0.850312,0.533279,0.299377,0.106894,2,0.213788,20.240141801373472,85.83178137098987,NH-16 (DEMO),SEG-015,2026-09-28,SYNTHETIC DEMO - NOT REAL GPS,Low
India_002509_jpg.rf.66216ea8ada0856e2e13b4b0b4a25812,5,D40,0.260681,0.835899,0.428951,0.219761,0.0831315,2,0.166263,20.246201169373876,85.87585753903689,NH-16 (DEMO),SEG-015,2026-09-28,SYNTHETIC DEMO - NOT REAL GPS,Low
India_002509_jpg.rf.66216ea8ada0856e2e13b4b0b4a25812,5,D40,0.350507,0.815313,0.197769,0.0755072,0.0560684,2,0.1121368,20.329152279829604,85.72453500329142,NH-16 (DEMO),SEG-015,2026-09-28,SYNTHETIC DEMO - NOT REAL GPS,Low
India_002509_jpg.rf.66216ea8ada0856e2e13b4b0b4a25812,5,D40,0.328254,0.808321,0.161919,0.0576092,0.0503195,2,0.100639,20.277935596316645,85.83847125676449,NH-16 (DEMO),SEG-015,2026-09-28,SYNTHETIC DEMO - NOT REAL GPS,Low
India_002549_jpg.rf.315c00c5ce4d8c6729262dd98f3ea7f8,4,D20,0.403195,0.820737,0.80639,0.286069,0.982959,2,1.965918,20.30034215089886,85.86830885800954,NH-16 (DEMO),SEG-015,2026-09-28,SYNTHETIC DEMO - NOT REAL GPS,High
India_002549_jpg.rf.315c00c5ce4d8c6729262dd98f3ea7f8,5,D40,0.426328,0.775251,0.565102,0.229892,0.53837,2,1.07674,20.314408635075075,85.73196504547637,NH-16 (DEMO),SEG-015,2026-09-28,SYNTHETIC DEMO - NOT REAL GPS,Medium
India_002549_jpg.rf.315c00c5ce4d8c6729262dd98f3ea7f8,5,D40,0.333448,0.805611,0.571478,0.282849,0.388001,2,0.776002,20.296014373796694,85.73762720721697,NH-16 (DEMO),SEG-015,2026-09-28,SYNTHETIC DEMO - NOT REAL GPS,Medium
India_002549_jpg.rf.315c00c5ce4d8c6729262dd98f3ea7f8,4,D20,0.516333,0.803922,0.562329,0.241396,0.342525,2,0.68505,20.199628695192573,85.83071313575195,NH-16 (DEMO),SEG-015,2026-09-28,SYNTHETIC DEMO - NOT REAL GPS,Medium
India_002549_jpg.rf.315c00c5ce4d8c6729262dd98f3ea7f8,4,D20,0.401058,0.804764,0.531277,0.256324,0.240725,2,0.48145,20.259947317398012,85.82367414014332,NH-16 (DEMO),SEG-015,2026-09-28,SYNTHETIC DEMO - NOT REAL GPS,Low
India_002549_jpg.rf.315c00c5ce4d8c6729262dd98f3ea7f8,5,D40,0.372971,0.752074,0.547724,0.216872,0.212671,2,0.425342,20.18630306517033,85.7310123864506,NH-16 (DEMO),SEG-015,2026-09-28,SYNTHETIC DEMO - NOT REAL GPS,Low
India_002549_jpg.rf.315c00c5ce4d8c6729262dd98f3ea7f8,5,D40,0.374427,0.740142,0.224367,0.0624193,0.206438,2,0.412876,20.27446754025024,85.85350764034418,NH-16 (DEMO),SEG-015,2026-09-28,SYNTHETIC DEMO - NOT REAL GPS,Low
India_002549_jpg.rf.315c00c5ce4d8c6729262dd98f3ea7f8,5,D40,0.482486,0.728327,0.182155,0.0745356,0.204812,2,0.409624,20.32285590851005,85.80374781565519,NH-16 (DEMO),SEG-015,2026-09-28,SYNTHETIC DEMO - NOT REAL GPS,Low
India_002549_jpg.rf.315c00c5ce4d8c6729262dd98f3ea7f8,5,D40,0.410366,0.727726,0.231566,0.0782822,0.202928,2,0.405856,20.252037130288016,85.86515157973386,NH-16 (DEMO),SEG-015,2026-09-28,SYNTHETIC DEMO - NOT REAL GPS,Low
India_002549_jpg.rf.315c00c5ce4d8c6729262dd98f3ea7f8,5,D40,0.456416,0.726423,0.100284,0.0549319,0.199968,2,0.399936,20.239275598858843,85.86047854095882,NH-16 (DEMO),SEG-015,2026-09-28,SYNTHETIC DEMO - NOT REAL GPS,Low
India_002549_jpg.rf.315c00c5ce4d8c6729262dd98f3ea7f8,5,D40,0.429552,0.730685,0.315112,0.124146,0.177065,2,0.35413,20.175734840226905,85.85000124304803,NH-16 (DEMO),SEG-015,2026-09-28,SYNTHETIC DEMO - NOT REAL GPS,Low
India_002549_jpg.rf.315c00c5ce4d8c6729262dd98f3ea7f8,5,D40,0.39802,0.738538,0.310057,0.0854794,0.174119,2,0.348238,20.323563923572674,85.8025438233991,NH-16 (DEMO),SEG-015,2026-09-28,SYNTHETIC DEMO - NOT REAL GPS,Low
India_002549_jpg.rf.315c00c5ce4d8c6729262dd98f3ea7f8,4,D20,0.414461,0.864581,0.828922,0.243797,0.155364,2,0.310728,20.186480429460826,85.76027370267991,NH-16 (DEMO),SEG-015,2026-09-28,SYNTHETIC DEMO - NOT REAL GPS,Low
India_002549_jpg.rf.315c00c5ce4d8c6729262dd98f3ea7f8,4,D20,0.291791,0.816275,0.582854,0.283711,0.145448,2,0.290896,20.176572654928776,85.80095608062578,NH-16 (DEMO),SEG-015,2026-09-28,SYNTHETIC DEMO - NOT REAL GPS,Low
India_002549_jpg.rf.315c00c5ce4d8c6729262dd98f3ea7f8,5,D40,0.374128,0.756518,0.323113,0.136399,0.139378,2,0.278756,20.20937065784079,85.73612982044828,NH-16 (DEMO),SEG-015,2026-09-28,SYNTHETIC DEMO - NOT REAL GPS,Low
India_002549_jpg.rf.315c00c5ce4d8c6729262dd98f3ea7f8,5,D40,0.492976,0.718629,0.154127,0.0675027,0.12823,2,0.25646,20.18048486942694,85.82541538375574,NH-16 (DEMO),SEG-015,2026-09-28,SYNTHETIC DEMO - NOT REAL GPS,Low
India_002549_jpg.rf.315c00c5ce4d8c6729262dd98f3ea7f8,5,D40,0.492937,0.728023,0.176764,0.100348,0.111612,2,0.223224,20.24281885478588,85.74143635507664,NH-16 (DEMO),SEG-015,2026-09-28,SYNTHETIC DEMO - NOT REAL GPS,Low
India_002549_jpg.rf.315c00c5ce4d8c6729262dd98f3ea7f8,5,D40,0.094689,0.707675,0.18081,0.0710278,0.102897,2,0.205794,20.252574048201136,85.80178767400011,NH-16 (DEMO),SEG-015,2026-09-28,SYNTHETIC DEMO - NOT REAL GPS,Low
India_002549_jpg.rf.315c00c5ce4d8c6729262dd98f3ea7f8,5,D40,0.260506,0.825801,0.511508,0.342569,0.0995007,2,0.1990014,20.220011191844574,85.72870111586668,NH-16 (DEMO),SEG-015,2026-09-28,SYNTHETIC DEMO - NOT REAL GPS,Low
India_002549_jpg.rf.315c00c5ce4d8c6729262dd98f3ea7f8,5,D40,0.275827,0.748462,0.551655,0.215725,0.0872096,2,0.1744192,20.17815367721198,85.76792199844394,NH-16 (DEMO),SEG-015,2026-09-28,SYNTHETIC DEMO - NOT REAL GPS,Low
India_002549_jpg.rf.315c00c5ce4d8c6729262dd98f3ea7f8,4,D20,0.610183,0.814913,0.387292,0.221455,0.0728649,2,0.1457298,20.187856058919877,85.75713287370716,NH-16 (DEMO),SEG-015,2026-09-28,SYNTHETIC DEMO - NOT REAL GPS,Low
India_002549_jpg.rf.315c00c5ce4d8c6729262dd98f3ea7f8,4,D20,0.595235,0.829259,0.777693,0.286631,0.0654853,2,0.1309706,20.231520700478388,85.81920504683386,NH-16 (DEMO),SEG-015,2026-09-28,SYNTHETIC DEMO - NOT REAL GPS,Low
India_002549_jpg.rf.315c00c5ce4d8c6729262dd98f3ea7f8,5,D40,0.474847,0.751083,0.330944,0.150256,0.0541073,2,0.1082146,20.179684552132247,85.84588587392359,NH-16 (DEMO),SEG-015,2026-09-28,SYNTHETIC DEMO - NOT REAL GPS,Low
India_002563_jpg.rf.c7cd64e3c0ce9cfcf11346757dd9e8b7,4,D20,0.407258,0.828906,0.800336,0.269653,0.970443,2,1.940886,20.281710356097587,85.72916847272649,NH-16 (DEMO),SEG-015,2026-09-28,SYNTHETIC DEMO - NOT REAL GPS,High
India_002563_jpg.rf.c7cd64e3c0ce9cfcf11346757dd9e8b7,4,D20,0.425115,0.874482,0.85023,0.251035,0.54006,2,1.08012,20.20312328664397,85.85604538962485,NH-16 (DEMO),SEG-015,2026-09-28,SYNTHETIC DEMO - NOT REAL GPS,Medium
India_002563_jpg.rf.c7cd64e3c0ce9cfcf11346757dd9e8b7,4,D20,0.588431,0.810569,0.42421,0.210388,0.388635,2,0.77727,20.218331451005383,85.85772283119273,NH-16 (DEMO),SEG-015,2026-09-28,SYNTHETIC DEMO - NOT REAL GPS,Medium
India_002563_jpg.rf.c7cd64e3c0ce9cfcf11346757dd9e8b7,5,D40,0.540551,0.79672,0.517479,0.22563,0.370776,2,0.741552,20.233060124348494,85.77476305188608,NH-16 (DEMO),SEG-015,2026-09-28,SYNTHETIC DEMO - NOT REAL GPS,Medium
India_002563_jpg.rf.c7cd64e3c0ce9cfcf11346757dd9e8b7,5,D40,0.713116,0.811275,0.184327,0.161427,0.338677,2,0.677354,20.236657541291063,85.82544065055525,NH-16 (DEMO),SEG-015,2026-09-28,SYNTHETIC DEMO - NOT REAL GPS,Medium
India_002563_jpg.rf.c7cd64e3c0ce9cfcf11346757dd9e8b7,5,D40,0.260204,0.869751,0.496121,0.260498,0.337902,2,0.675804,20.17026571322797,85.78441808507255,NH-16 (DEMO),SEG-015,2026-09-28,SYNTHETIC DEMO - NOT REAL GPS,Medium
India_002563_jpg.rf.c7cd64e3c0ce9cfcf11346757dd9e8b7,5,D40,0.360262,0.827738,0.556708,0.219949,0.303816,2,0.607632,20.187931259359793,85.74467054115034,NH-16 (DEMO),SEG-015,2026-09-28,SYNTHETIC DEMO - NOT REAL GPS,Medium
India_002563_jpg.rf.c7cd64e3c0ce9cfcf11346757dd9e8b7,5,D40,0.4852,0.820467,0.58778,0.22712,0.291856,2,0.583712,20.30804233019854,85.8045859869701,NH-16 (DEMO),SEG-015,2026-09-28,SYNTHETIC DEMO - NOT REAL GPS,Medium
India_002563_jpg.rf.c7cd64e3c0ce9cfcf11346757dd9e8b7,4,D20,0.518772,0.815017,0.700973,0.237554,0.238505,2,0.47701,20.170197290001905,85.73381754792025,NH-16 (DEMO),SEG-015,2026-09-28,SYNTHETIC DEMO - NOT REAL GPS,Low
India_002563_jpg.rf.c7cd64e3c0ce9cfcf11346757dd9e8b7,5,D40,0.73534,0.782558,0.131154,0.0708767,0.230628,2,0.461256,20.25130677693006,85.86055554486336,NH-16 (DEMO),SEG-015,2026-09-28,SYNTHETIC DEMO - NOT REAL GPS,Low
India_002563_jpg.rf.c7cd64e3c0ce9cfcf11346757dd9e8b7,5,D40,0.715172,0.784145,0.17741,0.109981,0.137978,2,0.275956,20.248320321041152,85.86788636150554,NH-16 (DEMO),SEG-015,2026-09-28,SYNTHETIC DEMO - NOT REAL GPS,Low
India_002563_jpg.rf.c7cd64e3c0ce9cfcf11346757dd9e8b7,5,D40,0.432038,0.843321,0.600912,0.216719,0.121147,2,0.242294,20.2232950657617,85.85145810192182,NH-16 (DEMO),SEG-015,2026-09-28,SYNTHETIC DEMO - NOT REAL GPS,Low
India_002563_jpg.rf.c7cd64e3c0ce9cfcf11346757dd9e8b7,4,D20,0.300592,0.882139,0.601184,0.235722,0.120779,2,0.241558,20.23901232322343,85.81000449932095,NH-16 (DEMO),SEG-015,2026-09-28,SYNTHETIC DEMO - NOT REAL GPS,Low
India_002563_jpg.rf.c7cd64e3c0ce9cfcf11346757dd9e8b7,5,D40,0.756682,0.786027,0.0828186,0.0521015,0.101703,2,0.203406,20.294892982004253,85.80921577458007,NH-16 (DEMO),SEG-015,2026-09-28,SYNTHETIC DEMO - NOT REAL GPS,Low
India_002563_jpg.rf.c7cd64e3c0ce9cfcf11346757dd9e8b7,5,D40,0.708924,0.831916,0.165486,0.156729,0.0952763,2,0.1905526,20.304592592994393,85.87753718025614,NH-16 (DEMO),SEG-015,2026-09-28,SYNTHETIC DEMO - NOT REAL GPS,Low
India_002563_jpg.rf.c7cd64e3c0ce9cfcf11346757dd9e8b7,4,D20,0.187883,0.875399,0.368658,0.249202,0.0748158,2,0.1496316,20.21165576694644,85.75966427037298,NH-16 (DEMO),SEG-016,2026-09-28,SYNTHETIC DEMO - NOT REAL GPS,Low
India_002563_jpg.rf.c7cd64e3c0ce9cfcf11346757dd9e8b7,5,D40,0.675094,0.863976,0.0841982,0.0619786,0.0716663,2,0.1433326,20.221598470554838,85.73215173854483,NH-16 (DEMO),SEG-016,2026-09-28,SYNTHETIC DEMO - NOT REAL GPS,Low
India_002563_jpg.rf.c7cd64e3c0ce9cfcf11346757dd9e8b7,4,D20,0.653985,0.816962,0.301447,0.185391,0.0704212,2,0.1408424,20.208797256484534,85.80991054777618,NH-16 (DEMO),SEG-016,2026-09-28,SYNTHETIC DEMO - NOT REAL GPS,Low
India_002563_jpg.rf.c7cd64e3c0ce9cfcf11346757dd9e8b7,5,D40,0.281007,0.816157,0.538795,0.234877,0.0599355,2,0.119871,20.24677814408817,85.77260569564962,NH-16 (DEMO),SEG-016,2026-09-28,SYNTHETIC DEMO - NOT REAL GPS,Low
India_002563_jpg.rf.c7cd64e3c0ce9cfcf11346757dd9e8b7,5,D40,0.358897,0.727809,0.12862,0.0570196,0.0549702,2,0.1099404,20.27932133722541,85.77157420364928,NH-16 (DEMO),SEG-016,2026-09-28,SYNTHETIC DEMO - NOT REAL GPS,Low
India_002563_jpg.rf.c7cd64e3c0ce9cfcf11346757dd9e8b7,5,D40,0.542188,0.777725,0.11412,0.0608671,0.0509062,2,0.1018124,20.20652046007415,85.72113365666719,NH-16 (DEMO),SEG-016,2026-09-28,SYNTHETIC DEMO - NOT REAL GPS,Low
India_002572_jpg.rf.df8f3a1dace13aa6339512d05d7c24d3,5,D40,0.304286,0.64427,0.122857,0.0627121,0.0972594,2,0.1945188,20.22291771872878,85.81539830552767,NH-16 (DEMO),SEG-016,2026-09-28,SYNTHETIC DEMO - NOT REAL GPS,Low
India_002594_jpg.rf.7c9515d2a5ded568b295ccd8ecb34e61,4,D20,0.575985,0.868663,0.356147,0.262674,0.958938,2,1.917876,20.318861538814264,85.7622453923641,NH-16 (DEMO),SEG-016,2026-09-28,SYNTHETIC DEMO - NOT REAL GPS,High
India_002594_jpg.rf.7c9515d2a5ded568b295ccd8ecb34e61,4,D20,0.600724,0.889804,0.298562,0.220391,0.935507,2,1.871014,20.177771086375515,85.75005736771082,NH-16 (DEMO),SEG-016,2026-09-28,SYNTHETIC DEMO - NOT REAL GPS,High
India_002594_jpg.rf.7c9515d2a5ded568b295ccd8ecb34e61,4,D20,0.538805,0.867773,0.541739,0.264454,0.900176,2,1.800352,20.24372313683833,85.72646910902287,NH-16 (DEMO),SEG-016,2026-09-28,SYNTHETIC DEMO - NOT REAL GPS,High
India_002594_jpg.rf.7c9515d2a5ded568b295ccd8ecb34e61,4,D20,0.375998,0.891056,0.20521,0.21685,0.736405,2,1.47281,20.283849286655485,85.7782978522361,NH-16 (DEMO),SEG-016,2026-09-28,SYNTHETIC DEMO - NOT REAL GPS,Medium
India_002594_jpg.rf.7c9515d2a5ded568b295ccd8ecb34e61,4,D20,0.381596,0.876152,0.28453,0.247696,0.68771,2,1.37542,20.194072641849196,85.86063501958184,NH-16 (DEMO),SEG-016,2026-09-28,SYNTHETIC DEMO - NOT REAL GPS,Medium
India_002594_jpg.rf.7c9515d2a5ded568b295ccd8ecb34e61,4,D20,0.37694,0.91797,0.17058,0.163145,0.635261,2,1.270522,20.177579843200878,85.77386732921558,NH-16 (DEMO),SEG-016,2026-09-28,SYNTHETIC DEMO - NOT REAL GPS,Medium
India_002594_jpg.rf.7c9515d2a5ded568b295ccd8ecb34e61,4,D20,0.35193,0.890161,0.701264,0.219679,0.457419,2,0.914838,20.192112859462163,85.82865187361914,NH-16 (DEMO),SEG-016,2026-09-28,SYNTHETIC DEMO - NOT REAL GPS,Medium
India_002594_jpg.rf.7c9515d2a5ded568b295ccd8ecb34e61,4,D20,0.61215,0.902953,0.482205,0.193975,0.286546,2,0.573092,20.31701171096491,85.84104751414431,NH-16 (DEMO),SEG-016,2026-09-28,SYNTHETIC DEMO - NOT REAL GPS,Medium
India_002594_jpg.rf.7c9515d2a5ded568b295ccd8ecb34e61,4,D20,0.457652,0.884811,0.523696,0.225214,0.28629,2,0.57258,20.17148156509138,85.77249612947043,NH-16 (DEMO),SEG-016,2026-09-28,SYNTHETIC DEMO - NOT REAL GPS,Medium
India_002594_jpg.rf.7c9515d2a5ded568b295ccd8ecb34e61,4,D20,0.323708,0.884936,0.349499,0.230128,0.264418,2,0.528836,20.200131515969815,85.85146251760193,NH-16 (DEMO),SEG-016,2026-09-28,SYNTHETIC DEMO - NOT REAL GPS,Medium
India_002594_jpg.rf.7c9515d2a5ded568b295ccd8ecb34e61,4,D20,0.513196,0.907231,0.586596,0.184637,0.172334,2,0.344668,20.17500536206426,85.83070074554671,NH-16 (DEMO),SEG-016,2026-09-28,SYNTHETIC DEMO - NOT REAL GPS,Low
India_002594_jpg.rf.7c9515d2a5ded568b295ccd8ecb34e61,4,D20,0.680073,0.909853,0.470376,0.180293,0.169894,2,0.339788,20.187700714809953,85.80947875659216,NH-16 (DEMO),SEG-016,2026-09-28,SYNTHETIC DEMO - NOT REAL GPS,Low
India_002594_jpg.rf.7c9515d2a5ded568b295ccd8ecb34e61,5,D40,0.617007,0.930158,0.201515,0.128947,0.118957,2,0.237914,20.269223885860526,85.72015879424809,NH-16 (DEMO),SEG-016,2026-09-28,SYNTHETIC DEMO - NOT REAL GPS,Low
India_002594_jpg.rf.7c9515d2a5ded568b295ccd8ecb34e61,4,D20,0.567604,0.892689,0.202148,0.213099,0.110473,2,0.220946,20.208662225398253,85.72561452254764,NH-16 (DEMO),SEG-016,2026-09-28,SYNTHETIC DEMO - NOT REAL GPS,Low
India_002594_jpg.rf.7c9515d2a5ded568b295ccd8ecb34e61,4,D20,0.589547,0.86823,0.213327,0.25284,0.110447,2,0.220894,20.261073928068907,85.87853853505696,NH-16 (DEMO),SEG-016,2026-09-28,SYNTHETIC DEMO - NOT REAL GPS,Low
India_002594_jpg.rf.7c9515d2a5ded568b295ccd8ecb34e61,5,D40,0.375313,0.922177,0.169274,0.155646,0.077853,2,0.155706,20.26443126124258,85.84516542776056,NH-16 (DEMO),SEG-016,2026-09-28,SYNTHETIC DEMO - NOT REAL GPS,Low
India_002594_jpg.rf.7c9515d2a5ded568b295ccd8ecb34e61,4,D20,0.620176,0.922566,0.26534,0.154351,0.053576,2,0.107152,20.305909653294364,85.87001044140366,NH-16 (DEMO),SEG-016,2026-09-28,SYNTHETIC DEMO - NOT REAL GPS,Low
India_002614_jpg.rf.b83d17a565e7ec740c648035081136ca,4,D20,0.48541,0.827624,0.904512,0.281281,0.800763,2,1.601526,20.1707586228659,85.86436851278688,NH-16 (DEMO),SEG-016,2026-09-28,SYNTHETIC DEMO - NOT REAL GPS,High
India_002614_jpg.rf.b83d17a565e7ec740c648035081136ca,5,D40,0.557375,0.7925,0.495311,0.251333,0.211608,2,0.423216,20.30653911349478,85.72327087730284,NH-16 (DEMO),SEG-016,2026-09-28,SYNTHETIC DEMO - NOT REAL GPS,Low
India_002614_jpg.rf.b83d17a565e7ec740c648035081136ca,4,D20,0.444969,0.872652,0.887636,0.254696,0.208702,2,0.417404,20.269059053828315,85.84669556636656,NH-16 (DEMO),SEG-016,2026-09-28,SYNTHETIC DEMO - NOT REAL GPS,Low
India_002614_jpg.rf.b83d17a565e7ec740c648035081136ca,4,D20,0.493696,0.816226,0.561358,0.273425,0.107918,2,0.215836,20.196038957776793,85.79218331904178,NH-16 (DEMO),SEG-016,2026-09-28,SYNTHETIC DEMO - NOT REAL GPS,Low
India_002614_jpg.rf.b83d17a565e7ec740c648035081136ca,5,D40,0.497058,0.812472,0.541243,0.305553,0.0873698,2,0.1747396,20.293669982101644,85.84632931264011,NH-16 (DEMO),SEG-016,2026-09-28,SYNTHETIC DEMO - NOT REAL GPS,Low
India_002614_jpg.rf.b83d17a565e7ec740c648035081136ca,5,D40,0.547948,0.758887,0.451986,0.22718,0.0773951,2,0.1547902,20.306878646686492,85.72107452546614,NH-16 (DEMO),SEG-016,2026-09-28,SYNTHETIC DEMO - NOT REAL GPS,Low
India_002614_jpg.rf.b83d17a565e7ec740c648035081136ca,5,D40,0.631724,0.800081,0.574771,0.226135,0.0666043,2,0.1332086,20.210682157400665,85.76611188819209,NH-16 (DEMO),SEG-016,2026-09-28,SYNTHETIC DEMO - NOT REAL GPS,Low
India_002614_jpg.rf.b83d17a565e7ec740c648035081136ca,4,D20,0.386922,0.839145,0.582014,0.243964,0.0575729,2,0.1151458,20.317006988944428,85.84021180412661,NH-16 (DEMO),SEG-016,2026-09-28,SYNTHETIC DEMO - NOT REAL GPS,Low
India_002620_jpg.rf.44a83c114fa7c2b3ea2e408b21008df7,0,D00,0.555053,0.787343,0.0584085,0.168493,0.0790145,3,0.2370435,20.242713188847784,85.84688332617625,NH-16 (DEMO),SEG-016,2026-09-28,SYNTHETIC DEMO - NOT REAL GPS,Low
India_002692_jpg.rf.79cb6e7cb34feac3aa0a2783a2a250b8,0,D00,0.596633,0.718155,0.0809414,0.159679,0.0662999,3,0.1988996999999999,20.26654791269333,85.81915433619433,NH-16 (DEMO),SEG-016,2026-09-28,SYNTHETIC DEMO - NOT REAL GPS,Low
India_002696_jpg.rf.c8eaf34a088a8b997037a34e36db11e8,4,D20,0.424421,0.824611,0.838205,0.285673,0.639475,2,1.27895,20.327543925378823,85.7682009903114,NH-16 (DEMO),SEG-016,2026-09-28,SYNTHETIC DEMO - NOT REAL GPS,Medium
India_002696_jpg.rf.c8eaf34a088a8b997037a34e36db11e8,5,D40,0.288338,0.829404,0.57157,0.282545,0.179439,2,0.358878,20.22784577258227,85.76965801460605,NH-16 (DEMO),SEG-016,2026-09-28,SYNTHETIC DEMO - NOT REAL GPS,Low
India_002696_jpg.rf.c8eaf34a088a8b997037a34e36db11e8,5,D40,0.503441,0.662245,0.111386,0.0672308,0.162751,2,0.325502,20.300105495331216,85.87468223418273,NH-16 (DEMO),SEG-016,2026-09-28,SYNTHETIC DEMO - NOT REAL GPS,Low
India_002696_jpg.rf.c8eaf34a088a8b997037a34e36db11e8,5,D40,0.347944,0.79665,0.527499,0.297506,0.155827,2,0.311654,20.220943858852554,85.79027394867747,NH-16 (DEMO),SEG-016,2026-09-28,SYNTHETIC DEMO - NOT REAL GPS,Low
India_002696_jpg.rf.c8eaf34a088a8b997037a34e36db11e8,5,D40,0.504559,0.669517,0.0958406,0.0519499,0.154536,2,0.309072,20.29787416355864,85.79154008803901,NH-16 (DEMO),SEG-016,2026-09-28,SYNTHETIC DEMO - NOT REAL GPS,Low
India_002696_jpg.rf.c8eaf34a088a8b997037a34e36db11e8,4,D20,0.322919,0.823377,0.630828,0.330664,0.116322,2,0.232644,20.266117427018024,85.8083732400385,NH-16 (DEMO),SEG-016,2026-09-28,SYNTHETIC DEMO - NOT REAL GPS,Low
India_002696_jpg.rf.c8eaf34a088a8b997037a34e36db11e8,5,D40,0.299041,0.752984,0.564592,0.233568,0.0834846,2,0.1669692,20.204616911236066,85.7855203738983,NH-16 (DEMO),SEG-016,2026-09-28,SYNTHETIC DEMO - NOT REAL GPS,Low
India_002696_jpg.rf.c8eaf34a088a8b997037a34e36db11e8,5,D40,0.472541,0.670796,0.182259,0.0953035,0.0821654,2,0.1643308,20.236244175006277,85.80842745033559,NH-16 (DEMO),SEG-016,2026-09-28,SYNTHETIC DEMO - NOT REAL GPS,Low
India_002696_jpg.rf.c8eaf34a088a8b997037a34e36db11e8,0,D00,0.527682,0.744486,0.0960468,0.150813,0.074012,3,0.2220359999999999,20.22082170149817,85.7891736676428,NH-16 (DEMO),SEG-016,2026-09-28,SYNTHETIC DEMO - NOT REAL GPS,Low
India_002696_jpg.rf.c8eaf34a088a8b997037a34e36db11e8,5,D40,0.247214,0.782572,0.492643,0.294744,0.0580027,2,0.1160054,20.18249734289286,85.85227438713635,NH-16 (DEMO),SEG-016,2026-09-28,SYNTHETIC DEMO - NOT REAL GPS,Low
India_002696_jpg.rf.c8eaf34a088a8b997037a34e36db11e8,4,D20,0.311264,0.841323,0.567318,0.230869,0.057637,2,0.115274,20.17477356321595,85.86544816316773,NH-16 (DEMO),SEG-016,2026-09-28,SYNTHETIC DEMO - NOT REAL GPS,Low
India_002696_jpg.rf.c8eaf34a088a8b997037a34e36db11e8,5,D40,0.513826,0.659816,0.143879,0.0847313,0.0548954,2,0.1097908,20.22543658486515,85.86913764157046,NH-16 (DEMO),SEG-016,2026-09-28,SYNTHETIC DEMO - NOT REAL GPS,Low
India_002713_jpg.rf.ea82ca0fd2ce9a1cfaeb075144e7953d,4,D20,0.422596,0.729788,0.827872,0.263076,0.659726,2,1.319452,20.173045463650798,85.8102873929327,NH-16 (DEMO),SEG-016,2026-09-28,SYNTHETIC DEMO - NOT REAL GPS,Medium
India_002713_jpg.rf.ea82ca0fd2ce9a1cfaeb075144e7953d,5,D40,0.309957,0.708921,0.544457,0.188235,0.33427,2,0.66854,20.196478041213084,85.79074376919432,NH-16 (DEMO),SEG-016,2026-09-28,SYNTHETIC DEMO - NOT REAL GPS,Medium
India_002713_jpg.rf.ea82ca0fd2ce9a1cfaeb075144e7953d,4,D20,0.644649,0.737741,0.295274,0.240871,0.174947,2,0.349894,20.286029331336138,85.83283840940669,NH-16 (DEMO),SEG-016,2026-09-28,SYNTHETIC DEMO - NOT REAL GPS,Low
India_002713_jpg.rf.ea82ca0fd2ce9a1cfaeb075144e7953d,5,D40,0.500957,0.697585,0.117139,0.0638418,0.132261,2,0.264522,20.283294597709375,85.85413177460734,NH-16 (DEMO),SEG-016,2026-09-28,SYNTHETIC DEMO - NOT REAL GPS,Low
India_002713_jpg.rf.ea82ca0fd2ce9a1cfaeb075144e7953d,5,D40,0.512181,0.644222,0.0741905,0.0335354,0.128103,2,0.256206,20.288172861833182,85.81007715873062,NH-16 (DEMO),SEG-017,2026-09-28,SYNTHETIC DEMO - NOT REAL GPS,Low
India_002713_jpg.rf.ea82ca0fd2ce9a1cfaeb075144e7953d,5,D40,0.273481,0.736404,0.530318,0.211957,0.124928,2,0.249856,20.220744507380797,85.83199696349156,NH-16 (DEMO),SEG-017,2026-09-28,SYNTHETIC DEMO - NOT REAL GPS,Low
India_002713_jpg.rf.ea82ca0fd2ce9a1cfaeb075144e7953d,5,D40,0.383127,0.723213,0.502321,0.214057,0.108649,2,0.217298,20.31240311313883,85.8399566961154,NH-16 (DEMO),SEG-017,2026-09-28,SYNTHETIC DEMO - NOT REAL GPS,Low
India_002713_jpg.rf.ea82ca0fd2ce9a1cfaeb075144e7953d,4,D20,0.563218,0.746409,0.568743,0.226217,0.106868,2,0.213736,20.265012887684552,85.82822300427476,NH-16 (DEMO),SEG-017,2026-09-28,SYNTHETIC DEMO - NOT REAL GPS,Low
India_002713_jpg.rf.ea82ca0fd2ce9a1cfaeb075144e7953d,5,D40,0.478392,0.698649,0.154305,0.0862448,0.0999549,2,0.1999098,20.19016421467946,85.83938136891669,NH-16 (DEMO),SEG-017,2026-09-28,SYNTHETIC DEMO - NOT REAL GPS,Low
India_002713_jpg.rf.ea82ca0fd2ce9a1cfaeb075144e7953d,5,D40,0.463653,0.601442,0.0834185,0.0403473,0.077083,2,0.154166,20.192994985832886,85.75338325320895,NH-16 (DEMO),SEG-017,2026-09-28,SYNTHETIC DEMO - NOT REAL GPS,Low
India_002713_jpg.rf.ea82ca0fd2ce9a1cfaeb075144e7953d,5,D40,0.483844,0.687796,0.146049,0.118848,0.0766098,2,0.1532196,20.280895268308754,85.79973992752349,NH-16 (DEMO),SEG-017,2026-09-28,SYNTHETIC DEMO - NOT REAL GPS,Low
India_002713_jpg.rf.ea82ca0fd2ce9a1cfaeb075144e7953d,5,D40,0.510107,0.642619,0.0962902,0.0407026,0.0751611,2,0.1503222,20.197671029830733,85.81412296873681,NH-16 (DEMO),SEG-017,2026-09-28,SYNTHETIC DEMO - NOT REAL GPS,Low
India_002713_jpg.rf.ea82ca0fd2ce9a1cfaeb075144e7953d,5,D40,0.513967,0.649546,0.0849043,0.0383592,0.0686123,2,0.1372246,20.251166832253126,85.72039646893712,NH-16 (DEMO),SEG-017,2026-09-28,SYNTHETIC DEMO - NOT REAL GPS,Low
India_002713_jpg.rf.ea82ca0fd2ce9a1cfaeb075144e7953d,5,D40,0.503984,0.621148,0.160182,0.0853484,0.056228,2,0.112456,20.328683916148595,85.85695400141019,NH-16 (DEMO),SEG-017,2026-09-28,SYNTHETIC DEMO - NOT REAL GPS,Low
India_002713_jpg.rf.ea82ca0fd2ce9a1cfaeb075144e7953d,5,D40,0.515326,0.701765,0.0827286,0.0532183,0.0544546,2,0.1089092,20.170641216757335,85.81760392135118,NH-16 (DEMO),SEG-017,2026-09-28,SYNTHETIC DEMO - NOT REAL GPS,Low
India_002729_jpg.rf.81dd5e548a8b1926043beae2223fc0b2,4,D20,0.542649,0.730953,0.829032,0.274373,0.383724,2,0.767448,20.17265276830361,85.74066181307171,NH-16 (DEMO),SEG-017,2026-09-28,SYNTHETIC DEMO - NOT REAL GPS,Medium
India_002735_jpg.rf.efbcf441e8cddd02e0115097be4eacd5,4,D20,0.562286,0.723701,0.834631,0.247453,0.924202,2,1.848404,20.328893533108882,85.85061713161213,NH-16 (DEMO),SEG-017,2026-09-28,SYNTHETIC DEMO - NOT REAL GPS,High
India_002735_jpg.rf.efbcf441e8cddd02e0115097be4eacd5,4,D20,0.696738,0.710043,0.606523,0.256283,0.411822,2,0.823644,20.263542213461466,85.83472911463049,NH-16 (DEMO),SEG-017,2026-09-28,SYNTHETIC DEMO - NOT REAL GPS,Medium
India_002735_jpg.rf.efbcf441e8cddd02e0115097be4eacd5,4,D20,0.721312,0.706392,0.531919,0.195206,0.296599,2,0.593198,20.19030559608296,85.84132792695418,NH-16 (DEMO),SEG-017,2026-09-28,SYNTHETIC DEMO - NOT REAL GPS,Medium
India_002735_jpg.rf.efbcf441e8cddd02e0115097be4eacd5,5,D40,0.709664,0.701001,0.525397,0.210325,0.217649,2,0.435298,20.313568351960654,85.7827267938979,NH-16 (DEMO),SEG-017,2026-09-28,SYNTHETIC DEMO - NOT REAL GPS,Low
India_002735_jpg.rf.efbcf441e8cddd02e0115097be4eacd5,4,D20,0.639832,0.708117,0.427415,0.205097,0.153557,2,0.307114,20.310860848020432,85.8566724010712,NH-16 (DEMO),SEG-017,2026-09-28,SYNTHETIC DEMO - NOT REAL GPS,Low
India_002735_jpg.rf.efbcf441e8cddd02e0115097be4eacd5,4,D20,0.560928,0.715112,0.591768,0.204876,0.139694,2,0.279388,20.25579206609782,85.78624441314118,NH-16 (DEMO),SEG-017,2026-09-28,SYNTHETIC DEMO - NOT REAL GPS,Low
India_002735_jpg.rf.efbcf441e8cddd02e0115097be4eacd5,4,D20,0.594096,0.7238,0.308115,0.185811,0.0537541,2,0.1075082,20.26948672477772,85.81128146447129,NH-16 (DEMO),SEG-017,2026-09-28,SYNTHETIC DEMO - NOT REAL GPS,Low
India_002739_jpg.rf.a38aab09aa432c375bf9e6c5087909bd,4,D20,0.593056,0.884331,0.809084,0.22875,0.158982,2,0.317964,20.21370995064014,85.72010276859197,NH-16 (DEMO),SEG-017,2026-09-28,SYNTHETIC DEMO - NOT REAL GPS,Low
India_002739_jpg.rf.a38aab09aa432c375bf9e6c5087909bd,7,D44,0.605077,0.896491,0.131429,0.204319,0.0983852,3,0.2951556,20.17808315141952,85.82317969834845,NH-16 (DEMO),SEG-017,2026-09-28,SYNTHETIC DEMO - NOT REAL GPS,Low
India_002739_jpg.rf.a38aab09aa432c375bf9e6c5087909bd,7,D44,0.781259,0.880212,0.136646,0.202323,0.073914,3,0.221742,20.265130817422538,85.83490812674047,NH-16 (DEMO),SEG-017,2026-09-28,SYNTHETIC DEMO - NOT REAL GPS,Low
India_002739_jpg.rf.a38aab09aa432c375bf9e6c5087909bd,4,D20,0.679291,0.876859,0.369382,0.246283,0.072152,2,0.144304,20.21716083091244,85.8107374984782,NH-16 (DEMO),SEG-017,2026-09-28,SYNTHETIC DEMO - NOT REAL GPS,Low
India_002739_jpg.rf.a38aab09aa432c375bf9e6c5087909bd,7,D44,0.794188,0.875353,0.101379,0.171848,0.0695199,3,0.2085597,20.276179367465655,85.79944941072698,NH-16 (DEMO),SEG-017,2026-09-28,SYNTHETIC DEMO - NOT REAL GPS,Low
India_002739_jpg.rf.a38aab09aa432c375bf9e6c5087909bd,7,D44,0.60415,0.916852,0.099745,0.163874,0.0658408,3,0.1975224,20.303799228294817,85.84958983579386,NH-16 (DEMO),SEG-017,2026-09-28,SYNTHETIC DEMO - NOT REAL GPS,Low
India_002782_jpg.rf.5aefda3aa8d04e9961cb51bbd2609c68,7,D44,0.262576,0.713253,0.094026,0.118,0.0699327,3,0.2097981,20.172905687026297,85.82901963474643,NH-16 (DEMO),SEG-017,2026-09-28,SYNTHETIC DEMO - NOT REAL GPS,Low
India_002782_jpg.rf.5aefda3aa8d04e9961cb51bbd2609c68,7,D44,0.359556,0.537198,0.0428008,0.0542262,0.051911,3,0.155733,20.265314203949718,85.7644918463552,NH-16 (DEMO),SEG-017,2026-09-28,SYNTHETIC DEMO - NOT REAL GPS,Low
India_002810_jpg.rf.501e442314c63dc5a962afd211364765,5,D40,0.503386,0.889812,0.064015,0.03974,0.135757,2,0.271514,20.207004886349896,85.8734517340928,NH-16 (DEMO),SEG-017,2026-09-28,SYNTHETIC DEMO - NOT REAL GPS,Low
India_002810_jpg.rf.501e442314c63dc5a962afd211364765,5,D40,0.495502,0.886861,0.0863034,0.0393784,0.0627571,2,0.1255142,20.30982215966461,85.83316275107126,NH-16 (DEMO),SEG-017,2026-09-28,SYNTHETIC DEMO - NOT REAL GPS,Low
India_002811_jpg.rf.6c65858ddf753fdc7d5202a7f7adc2f0,4,D20,0.883219,0.869709,0.233562,0.241303,0.289539,2,0.579078,20.21058632104989,85.87807022862599,NH-16 (DEMO),SEG-017,2026-09-28,SYNTHETIC DEMO - NOT REAL GPS,Medium
India_002811_jpg.rf.6c65858ddf753fdc7d5202a7f7adc2f0,4,D20,0.897575,0.84818,0.20485,0.190741,0.110462,2,0.220924,20.267723221317667,85.87540181060302,NH-16 (DEMO),SEG-017,2026-09-28,SYNTHETIC DEMO - NOT REAL GPS,Low
India_002811_jpg.rf.6c65858ddf753fdc7d5202a7f7adc2f0,4,D20,0.915539,0.87644,0.168922,0.194098,0.089323,2,0.178646,20.25856653441434,85.8670255556496,NH-16 (DEMO),SEG-017,2026-09-28,SYNTHETIC DEMO - NOT REAL GPS,Low
India_002811_jpg.rf.6c65858ddf753fdc7d5202a7f7adc2f0,4,D20,0.794825,0.86782,0.41035,0.264359,0.0614255,2,0.122851,20.23338664000948,85.84085944659604,NH-16 (DEMO),SEG-017,2026-09-28,SYNTHETIC DEMO - NOT REAL GPS,Low
India_002837_jpg.rf.508e84307eae457807d1e450873b2115,7,D44,0.530733,0.846772,0.0952424,0.145419,0.190255,3,0.570765,20.278419322175967,85.81750869895951,NH-16 (DEMO),SEG-017,2026-09-28,SYNTHETIC DEMO - NOT REAL GPS,Medium
India_002837_jpg.rf.508e84307eae457807d1e450873b2115,7,D44,0.528879,0.838269,0.116236,0.178123,0.139118,3,0.417354,20.28612314155447,85.74754730618926,NH-16 (DEMO),SEG-017,2026-09-28,SYNTHETIC DEMO - NOT REAL GPS,Low
India_002837_jpg.rf.508e84307eae457807d1e450873b2115,7,D44,0.713966,0.836988,0.179509,0.180387,0.110822,3,0.332466,20.260710047251102,85.8069362267878,NH-16 (DEMO),SEG-017,2026-09-28,SYNTHETIC DEMO - NOT REAL GPS,Low
India_002837_jpg.rf.508e84307eae457807d1e450873b2115,7,D44,0.700726,0.819352,0.148047,0.15594,0.0992653,3,0.2977959,20.29134755794956,85.84246024358309,NH-16 (DEMO),SEG-017,2026-09-28,SYNTHETIC DEMO - NOT REAL GPS,Low
India_002837_jpg.rf.508e84307eae457807d1e450873b2115,7,D44,0.73437,0.859865,0.193081,0.185728,0.0715698,3,0.2147094,20.32734673215887,85.80333714539289,NH-16 (DEMO),SEG-017,2026-09-28,SYNTHETIC DEMO - NOT REAL GPS,Low
India_002846_jpg.rf.a8c8883a4313d162a322dd7d500b7e3c,4,D20,0.50337,0.891454,0.955066,0.217093,0.860677,2,1.721354,20.23708358206413,85.8589182605449,NH-16 (DEMO),SEG-017,2026-09-28,SYNTHETIC DEMO - NOT REAL GPS,High
India_002846_jpg.rf.a8c8883a4313d162a322dd7d500b7e3c,4,D20,0.43429,0.864356,0.412789,0.271289,0.754241,2,1.508482,20.252333288301685,85.73754494387067,NH-16 (DEMO),SEG-017,2026-09-28,SYNTHETIC DEMO - NOT REAL GPS,High
India_002846_jpg.rf.a8c8883a4313d162a322dd7d500b7e3c,4,D20,0.369478,0.877078,0.723725,0.245844,0.739811,2,1.479622,20.171995180470596,85.78095045568777,NH-16 (DEMO),SEG-017,2026-09-28,SYNTHETIC DEMO - NOT REAL GPS,Medium
India_002846_jpg.rf.a8c8883a4313d162a322dd7d500b7e3c,4,D20,0.522041,0.875552,0.532678,0.248896,0.446177,2,0.892354,20.29736456900966,85.80095430697499,NH-16 (DEMO),SEG-017,2026-09-28,SYNTHETIC DEMO - NOT REAL GPS,Medium
India_002846_jpg.rf.a8c8883a4313d162a322dd7d500b7e3c,5,D40,0.3958,0.881524,0.104674,0.0515135,0.235204,2,0.470408,20.25323681072736,85.78917204733905,NH-16 (DEMO),SEG-017,2026-09-28,SYNTHETIC DEMO - NOT REAL GPS,Low
India_002846_jpg.rf.a8c8883a4313d162a322dd7d500b7e3c,4,D20,0.660391,0.900461,0.554179,0.199079,0.174552,2,0.349104,20.23527382885769,85.73737384765144,NH-16 (DEMO),SEG-017,2026-09-28,SYNTHETIC DEMO - NOT REAL GPS,Low
India_002846_jpg.rf.a8c8883a4313d162a322dd7d500b7e3c,4,D20,0.366606,0.854405,0.497708,0.290796,0.143273,2,0.286546,20.185051514094305,85.74456452704713,NH-16 (DEMO),SEG-017,2026-09-28,SYNTHETIC DEMO - NOT REAL GPS,Low
India_002846_jpg.rf.a8c8883a4313d162a322dd7d500b7e3c,4,D20,0.4096,0.912892,0.235031,0.173502,0.116333,2,0.232666,20.312345027468062,85.85401876685688,NH-16 (DEMO),SEG-017,2026-09-28,SYNTHETIC DEMO - NOT REAL GPS,Low
India_002846_jpg.rf.a8c8883a4313d162a322dd7d500b7e3c,5,D40,0.423458,0.883585,0.158035,0.0876909,0.0983006,2,0.1966012,20.233201158406487,85.79750148147222,NH-16 (DEMO),SEG-017,2026-09-28,SYNTHETIC DEMO - NOT REAL GPS,Low
India_002846_jpg.rf.a8c8883a4313d162a322dd7d500b7e3c,4,D20,0.416102,0.902507,0.688914,0.194867,0.0758476,2,0.1516952,20.279213055713477,85.72779558828043,NH-16 (DEMO),SEG-017,2026-09-28,SYNTHETIC DEMO - NOT REAL GPS,Low
India_002846_jpg.rf.a8c8883a4313d162a322dd7d500b7e3c,4,D20,0.553747,0.907743,0.628957,0.184514,0.0731365,2,0.146273,20.193899865018903,85.72263860143642,NH-16 (DEMO),SEG-017,2026-09-28,SYNTHETIC DEMO - NOT REAL GPS,Low
India_002846_jpg.rf.a8c8883a4313d162a322dd7d500b7e3c,5,D40,0.419232,0.902007,0.284253,0.195655,0.066195,2,0.13239,20.323847940726566,85.7957560643191,NH-16 (DEMO),SEG-017,2026-09-28,SYNTHETIC DEMO - NOT REAL GPS,Low
India_002846_jpg.rf.a8c8883a4313d162a322dd7d500b7e3c,5,D40,0.388803,0.876176,0.135881,0.071616,0.0637669,2,0.1275338,20.198550681891493,85.7463005961479,NH-16 (DEMO),SEG-018,2026-09-28,SYNTHETIC DEMO - NOT REAL GPS,Low
India_002846_jpg.rf.a8c8883a4313d162a322dd7d500b7e3c,4,D20,0.665855,0.914875,0.66829,0.17025,0.0579513,2,0.1159026,20.20192671886392,85.83282015135987,NH-16 (DEMO),SEG-018,2026-09-28,SYNTHETIC DEMO - NOT REAL GPS,Low
India_002846_jpg.rf.a8c8883a4313d162a322dd7d500b7e3c,5,D40,0.717354,0.902437,0.565291,0.195126,0.0541609,2,0.1083218,20.307437257689234,85.84725175400443,NH-16 (DEMO),SEG-018,2026-09-28,SYNTHETIC DEMO - NOT REAL GPS,Low
India_002871_jpg.rf.cc82210bd5eacbe35cdc2388b6d8cbdc,4,D20,0.321833,0.886764,0.6319,0.225775,0.516402,2,1.032804,20.31601323906271,85.75652747335313,NH-16 (DEMO),SEG-018,2026-09-28,SYNTHETIC DEMO - NOT REAL GPS,Medium
India_002871_jpg.rf.cc82210bd5eacbe35cdc2388b6d8cbdc,4,D20,0.464751,0.86773,0.877564,0.26454,0.260767,2,0.521534,20.203943585203728,85.81474831118108,NH-16 (DEMO),SEG-018,2026-09-28,SYNTHETIC DEMO - NOT REAL GPS,Medium
India_002871_jpg.rf.cc82210bd5eacbe35cdc2388b6d8cbdc,5,D40,0.610869,0.694519,0.0833153,0.047854,0.122556,2,0.245112,20.24516814210797,85.74471114295766,NH-16 (DEMO),SEG-018,2026-09-28,SYNTHETIC DEMO - NOT REAL GPS,Low
India_002871_jpg.rf.cc82210bd5eacbe35cdc2388b6d8cbdc,5,D40,0.609709,0.707854,0.0767847,0.044928,0.11474,2,0.22948,20.287359184730054,85.76857322425509,NH-16 (DEMO),SEG-018,2026-09-28,SYNTHETIC DEMO - NOT REAL GPS,Low
India_002871_jpg.rf.cc82210bd5eacbe35cdc2388b6d8cbdc,5,D40,0.60458,0.685761,0.0817005,0.0455492,0.10757,2,0.21514,20.31053851740973,85.86220727906903,NH-16 (DEMO),SEG-018,2026-09-28,SYNTHETIC DEMO - NOT REAL GPS,Low
India_002871_jpg.rf.cc82210bd5eacbe35cdc2388b6d8cbdc,4,D20,0.437329,0.89497,0.603949,0.21006,0.0901993,2,0.1803986,20.230648431205967,85.80705569463717,NH-16 (DEMO),SEG-018,2026-09-28,SYNTHETIC DEMO - NOT REAL GPS,Low
India_002871_jpg.rf.cc82210bd5eacbe35cdc2388b6d8cbdc,5,D40,0.605991,0.70371,0.0918739,0.059215,0.086071,2,0.172142,20.252723117895908,85.86174219122307,NH-16 (DEMO),SEG-018,2026-09-28,SYNTHETIC DEMO - NOT REAL GPS,Low
India_002880_jpg.rf.592c167d369bf8864052a21c349bbe39,5,D40,0.519433,0.758515,0.17622,0.0858749,0.10323,2,0.20646,20.288674625683157,85.75603964866872,NH-16 (DEMO),SEG-018,2026-09-28,SYNTHETIC DEMO - NOT REAL GPS,Low
India_002880_jpg.rf.592c167d369bf8864052a21c349bbe39,5,D40,0.490946,0.766532,0.26412,0.149271,0.0751642,2,0.1503284,20.286981756264446,85.77280389491979,NH-16 (DEMO),SEG-018,2026-09-28,SYNTHETIC DEMO - NOT REAL GPS,Low
India_002880_jpg.rf.592c167d369bf8864052a21c349bbe39,5,D40,0.55797,0.753376,0.10781,0.0449779,0.0686441,2,0.1372882,20.295273620804174,85.7953523421531,NH-16 (DEMO),SEG-018,2026-09-28,SYNTHETIC DEMO - NOT REAL GPS,Low
India_002880_jpg.rf.592c167d369bf8864052a21c349bbe39,5,D40,0.546189,0.754106,0.134188,0.0626454,0.0684483,2,0.1368966,20.261189410982645,85.79681281203112,NH-16 (DEMO),SEG-018,2026-09-28,SYNTHETIC DEMO - NOT REAL GPS,Low
India_002880_jpg.rf.592c167d369bf8864052a21c349bbe39,5,D40,0.437591,0.767933,0.357348,0.202724,0.066178,2,0.132356,20.186738415488765,85.87962367474938,NH-16 (DEMO),SEG-018,2026-09-28,SYNTHETIC DEMO - NOT REAL GPS,Low
India_002880_jpg.rf.592c167d369bf8864052a21c349bbe39,5,D40,0.533834,0.675583,0.136344,0.0583479,0.063382,2,0.126764,20.314635726540487,85.73831125103538,NH-16 (DEMO),SEG-018,2026-09-28,SYNTHETIC DEMO - NOT REAL GPS,Low
India_002880_jpg.rf.592c167d369bf8864052a21c349bbe39,5,D40,0.516328,0.683453,0.179523,0.085075,0.0535583,2,0.1071166,20.308491606291366,85.85631440569625,NH-16 (DEMO),SEG-018,2026-09-28,SYNTHETIC DEMO - NOT REAL GPS,Low
India_002881_jpg.rf.efabd12396eb5cd65a4228518e4ea265,4,D20,0.51034,0.741278,0.95068,0.304409,0.13386,2,0.26772,20.29769558973093,85.8581891263075,NH-16 (DEMO),SEG-018,2026-09-28,SYNTHETIC DEMO - NOT REAL GPS,Low
India_002881_jpg.rf.efabd12396eb5cd65a4228518e4ea265,5,D40,0.275981,0.692074,0.551962,0.20371,0.131718,2,0.263436,20.185977996345716,85.80851178104604,NH-16 (DEMO),SEG-018,2026-09-28,SYNTHETIC DEMO - NOT REAL GPS,Low
India_002881_jpg.rf.efabd12396eb5cd65a4228518e4ea265,5,D40,0.25074,0.734673,0.501479,0.293243,0.121447,2,0.242894,20.20270357873303,85.77504594692147,NH-16 (DEMO),SEG-018,2026-09-28,SYNTHETIC DEMO - NOT REAL GPS,Low
India_002890_jpg.rf.df41f94a6a4fc4827d173d8c2d1e0c24,4,D20,0.395707,0.843695,0.76843,0.259123,0.0525969,2,0.1051938,20.288976058417223,85.80307617668612,NH-16 (DEMO),SEG-018,2026-09-28,SYNTHETIC DEMO - NOT REAL GPS,Low
India_002945_jpg.rf.ffa88f39553714f68585085a0bbfb7ed,4,D20,0.504454,0.83839,0.945928,0.269883,0.162587,2,0.325174,20.17370241513311,85.76679483276905,NH-16 (DEMO),SEG-018,2026-09-28,SYNTHETIC DEMO - NOT REAL GPS,Low
India_002945_jpg.rf.ffa88f39553714f68585085a0bbfb7ed,5,D40,0.591342,0.767181,0.251979,0.120437,0.118763,2,0.237526,20.326675941393166,85.84785719175039,NH-16 (DEMO),SEG-018,2026-09-28,SYNTHETIC DEMO - NOT REAL GPS,Low
India_002945_jpg.rf.ffa88f39553714f68585085a0bbfb7ed,5,D40,0.586513,0.830239,0.46344,0.24539,0.110942,2,0.221884,20.23034314885691,85.79972466539365,NH-16 (DEMO),SEG-018,2026-09-28,SYNTHETIC DEMO - NOT REAL GPS,Low
India_002945_jpg.rf.ffa88f39553714f68585085a0bbfb7ed,5,D40,0.64699,0.754313,0.0963487,0.0518086,0.0972424,2,0.1944848,20.285090005390533,85.86813474862039,NH-16 (DEMO),SEG-018,2026-09-28,SYNTHETIC DEMO - NOT REAL GPS,Low
India_002945_jpg.rf.ffa88f39553714f68585085a0bbfb7ed,5,D40,0.590281,0.770568,0.285608,0.15835,0.0960012,2,0.1920024,20.312011374158086,85.81963061509697,NH-16 (DEMO),SEG-018,2026-09-28,SYNTHETIC DEMO - NOT REAL GPS,Low
India_002945_jpg.rf.ffa88f39553714f68585085a0bbfb7ed,5,D40,0.559032,0.786061,0.189142,0.0763668,0.0722079,2,0.1444158,20.233140782104012,85.80229109329835,NH-16 (DEMO),SEG-018,2026-09-28,SYNTHETIC DEMO - NOT REAL GPS,Low
India_002945_jpg.rf.ffa88f39553714f68585085a0bbfb7ed,5,D40,0.500101,0.819993,0.559353,0.259068,0.0676707,2,0.1353414,20.221061198175946,85.83377109663643,NH-16 (DEMO),SEG-018,2026-09-28,SYNTHETIC DEMO - NOT REAL GPS,Low
India_002945_jpg.rf.ffa88f39553714f68585085a0bbfb7ed,5,D40,0.593766,0.747335,0.193971,0.0855513,0.0673147,2,0.1346294,20.26739858062372,85.80062927430883,NH-16 (DEMO),SEG-018,2026-09-28,SYNTHETIC DEMO - NOT REAL GPS,Low
India_002945_jpg.rf.ffa88f39553714f68585085a0bbfb7ed,5,D40,0.637091,0.747939,0.106807,0.0636575,0.0565595,2,0.113119,20.26295829979969,85.86472101606711,NH-16 (DEMO),SEG-018,2026-09-28,SYNTHETIC DEMO - NOT REAL GPS,Low
India_002945_jpg.rf.ffa88f39553714f68585085a0bbfb7ed,5,D40,0.657739,0.848744,0.490601,0.255568,0.0563322,2,0.1126644,20.23546239641997,85.7495113537419,NH-16 (DEMO),SEG-018,2026-09-28,SYNTHETIC DEMO - NOT REAL GPS,Low
India_002967_jpg.rf.b5390c8a041f27e201a1bdfd0d48eb81,4,D20,0.509493,0.807501,0.22447,0.223775,0.790827,2,1.581654,20.266283960938832,85.87573578939934,NH-16 (DEMO),SEG-018,2026-09-28,SYNTHETIC DEMO - NOT REAL GPS,High
India_002967_jpg.rf.b5390c8a041f27e201a1bdfd0d48eb81,4,D20,0.466134,0.808011,0.282175,0.231781,0.677955,2,1.35591,20.31966101913064,85.84995048829619,NH-16 (DEMO),SEG-018,2026-09-28,SYNTHETIC DEMO - NOT REAL GPS,Medium
India_002967_jpg.rf.b5390c8a041f27e201a1bdfd0d48eb81,4,D20,0.528256,0.816473,0.596662,0.218005,0.457495,2,0.91499,20.244822441060254,85.85771733789838,NH-16 (DEMO),SEG-018,2026-09-28,SYNTHETIC DEMO - NOT REAL GPS,Medium
India_002967_jpg.rf.b5390c8a041f27e201a1bdfd0d48eb81,4,D20,0.524558,0.826764,0.174036,0.179973,0.435328,2,0.870656,20.201478748920103,85.79726525317938,NH-16 (DEMO),SEG-018,2026-09-28,SYNTHETIC DEMO - NOT REAL GPS,Medium
India_002967_jpg.rf.b5390c8a041f27e201a1bdfd0d48eb81,4,D20,0.377249,0.822127,0.645141,0.261632,0.266296,2,0.532592,20.23035295726128,85.85395224789401,NH-16 (DEMO),SEG-018,2026-09-28,SYNTHETIC DEMO - NOT REAL GPS,Medium
India_002967_jpg.rf.b5390c8a041f27e201a1bdfd0d48eb81,0,D00,0.476776,0.814485,0.0756473,0.205249,0.123803,3,0.371409,20.233057117214898,85.76908385337235,NH-16 (DEMO),SEG-018,2026-09-28,SYNTHETIC DEMO - NOT REAL GPS,Low
India_002967_jpg.rf.b5390c8a041f27e201a1bdfd0d48eb81,4,D20,0.56883,0.804762,0.315313,0.234079,0.117613,2,0.235226,20.190977390884196,85.84191170857027,NH-16 (DEMO),SEG-018,2026-09-28,SYNTHETIC DEMO - NOT REAL GPS,Low
India_002967_jpg.rf.b5390c8a041f27e201a1bdfd0d48eb81,0,D00,0.501011,0.809888,0.132377,0.216327,0.114034,3,0.342102,20.196059440088728,85.74247202534224,NH-16 (DEMO),SEG-018,2026-09-28,SYNTHETIC DEMO - NOT REAL GPS,Low
India_002967_jpg.rf.b5390c8a041f27e201a1bdfd0d48eb81,4,D20,0.397717,0.799076,0.472459,0.257531,0.0830641,2,0.1661282,20.27952993174299,85.769128306554,NH-16 (DEMO),SEG-018,2026-09-28,SYNTHETIC DEMO - NOT REAL GPS,Low
India_002967_jpg.rf.b5390c8a041f27e201a1bdfd0d48eb81,4,D20,0.529463,0.788744,0.319635,0.282037,0.066642,2,0.133284,20.224316440673423,85.79131722613755,NH-16 (DEMO),SEG-018,2026-09-28,SYNTHETIC DEMO - NOT REAL GPS,Low
India_002968_jpg.rf.bfd679d96725f387bb7bf967774826a1,4,D20,0.422294,0.728988,0.735413,0.260966,0.382534,2,0.765068,20.32278374269693,85.77157115490294,NH-16 (DEMO),SEG-018,2026-09-28,SYNTHETIC DEMO - NOT REAL GPS,Medium
India_002968_jpg.rf.bfd679d96725f387bb7bf967774826a1,5,D40,0.315868,0.783834,0.35745,0.153535,0.0519275,2,0.103855,20.208975479257376,85.78192273849987,NH-16 (DEMO),SEG-018,2026-09-28,SYNTHETIC DEMO - NOT REAL GPS,Low
India_002968_jpg.rf.bfd679d96725f387bb7bf967774826a1,4,D20,0.538112,0.726613,0.544987,0.214327,0.0517369,2,0.1034738,20.18582792081677,85.85121675916538,NH-16 (DEMO),SEG-018,2026-09-28,SYNTHETIC DEMO - NOT REAL GPS,Low
India_002972_jpg.rf.5de95d9cc96c1f1de6816d0bde99e4cb,4,D20,0.507272,0.832757,0.911277,0.280331,0.867033,2,1.734066,20.290560730080042,85.76106814274274,NH-16 (DEMO),SEG-018,2026-09-28,SYNTHETIC DEMO - NOT REAL GPS,High
India_002972_jpg.rf.5de95d9cc96c1f1de6816d0bde99e4cb,5,D40,0.6144,0.810604,0.544336,0.243659,0.207817,2,0.415634,20.310965768306858,85.83924498754473,NH-16 (DEMO),SEG-018,2026-09-28,SYNTHETIC DEMO - NOT REAL GPS,Low
India_002972_jpg.rf.5de95d9cc96c1f1de6816d0bde99e4cb,4,D20,0.449126,0.872582,0.885732,0.254837,0.191581,2,0.383162,20.214498137099437,85.73179393105787,NH-16 (DEMO),SEG-018,2026-09-28,SYNTHETIC DEMO - NOT REAL GPS,Low
India_002972_jpg.rf.5de95d9cc96c1f1de6816d0bde99e4cb,5,D40,0.706582,0.695274,0.0838783,0.0457237,0.116017,2,0.232034,20.202334096263275,85.8425182572024,NH-16 (DEMO),SEG-018,2026-09-28,SYNTHETIC DEMO - NOT REAL GPS,Low
India_002972_jpg.rf.5de95d9cc96c1f1de6816d0bde99e4cb,5,D40,0.522064,0.820563,0.617232,0.245399,0.112731,2,0.225462,20.199722581579373,85.84672371885276,NH-16 (DEMO),SEG-018,2026-09-28,SYNTHETIC DEMO - NOT REAL GPS,Low
India_002972_jpg.rf.5de95d9cc96c1f1de6816d0bde99e4cb,5,D40,0.426428,0.847522,0.566285,0.266612,0.107427,2,0.214854,20.253521968218642,85.78427180408039,NH-16 (DEMO),SEG-018,2026-09-28,SYNTHETIC DEMO - NOT REAL GPS,Low
India_002972_jpg.rf.5de95d9cc96c1f1de6816d0bde99e4cb,4,D20,0.638176,0.848535,0.528493,0.206346,0.0889651,2,0.1779302,20.24494666259948,85.83559645170679,NH-16 (DEMO),SEG-019,2026-09-28,SYNTHETIC DEMO - NOT REAL GPS,Low
India_002972_jpg.rf.5de95d9cc96c1f1de6816d0bde99e4cb,5,D40,0.681022,0.830727,0.461699,0.232331,0.0829865,2,0.165973,20.211510374376726,85.86642214459921,NH-16 (DEMO),SEG-019,2026-09-28,SYNTHETIC DEMO - NOT REAL GPS,Low
India_002972_jpg.rf.5de95d9cc96c1f1de6816d0bde99e4cb,4,D20,0.679063,0.834861,0.641873,0.281582,0.082009,2,0.164018,20.17722769871831,85.84811407576872,NH-16 (DEMO),SEG-019,2026-09-28,SYNTHETIC DEMO - NOT REAL GPS,Low
India_002972_jpg.rf.5de95d9cc96c1f1de6816d0bde99e4cb,5,D40,0.575376,0.846136,0.613704,0.209264,0.0677495,2,0.135499,20.247038614452205,85.78247144166352,NH-16 (DEMO),SEG-019,2026-09-28,SYNTHETIC DEMO - NOT REAL GPS,Low
India_002972_jpg.rf.5de95d9cc96c1f1de6816d0bde99e4cb,5,D40,0.31202,0.860693,0.554169,0.278613,0.0672694,2,0.1345388,20.323493175621696,85.79747416228481,NH-16 (DEMO),SEG-019,2026-09-28,SYNTHETIC DEMO - NOT REAL GPS,Low
India_002972_jpg.rf.5de95d9cc96c1f1de6816d0bde99e4cb,5,D40,0.693025,0.704041,0.118006,0.0521898,0.0671188,2,0.1342376,20.274403072120425,85.84469720716572,NH-16 (DEMO),SEG-019,2026-09-28,SYNTHETIC DEMO - NOT REAL GPS,Low
India_002972_jpg.rf.5de95d9cc96c1f1de6816d0bde99e4cb,5,D40,0.688355,0.71058,0.121865,0.0770521,0.0658546,2,0.1317092,20.249281049060578,85.76681513437586,NH-16 (DEMO),SEG-019,2026-09-28,SYNTHETIC DEMO - NOT REAL GPS,Low
India_002972_jpg.rf.5de95d9cc96c1f1de6816d0bde99e4cb,5,D40,0.47763,0.850971,0.602846,0.216709,0.0652784,2,0.1305568,20.18771073184474,85.84862123844941,NH-16 (DEMO),SEG-019,2026-09-28,SYNTHETIC DEMO - NOT REAL GPS,Low
India_002972_jpg.rf.5de95d9cc96c1f1de6816d0bde99e4cb,5,D40,0.601438,0.769582,0.486682,0.248595,0.0599969,2,0.1199938,20.210389806487935,85.77249138280975,NH-16 (DEMO),SEG-019,2026-09-28,SYNTHETIC DEMO - NOT REAL GPS,Low
India_002991_jpg.rf.625883056dbde41d0cd7451a790cd3bb,4,D20,0.447152,0.684578,0.843468,0.253397,0.686995,2,1.37399,20.217163831931927,85.84895849318168,NH-16 (DEMO),SEG-019,2026-09-28,SYNTHETIC DEMO - NOT REAL GPS,Medium
India_002991_jpg.rf.625883056dbde41d0cd7451a790cd3bb,7,D44,0.495783,0.699607,0.114719,0.153148,0.228399,3,0.685197,20.292368568417157,85.73388807093612,NH-16 (DEMO),SEG-019,2026-09-28,SYNTHETIC DEMO - NOT REAL GPS,Medium
India_002991_jpg.rf.625883056dbde41d0cd7451a790cd3bb,4,D20,0.407565,0.726951,0.767416,0.287925,0.138862,2,0.277724,20.31027372756234,85.7271035675057,NH-16 (DEMO),SEG-019,2026-09-28,SYNTHETIC DEMO - NOT REAL GPS,Low
India_002991_jpg.rf.625883056dbde41d0cd7451a790cd3bb,7,D44,0.358897,0.688881,0.190687,0.15376,0.119169,3,0.357507,20.31426269657063,85.87962807157916,NH-16 (DEMO),SEG-019,2026-09-28,SYNTHETIC DEMO - NOT REAL GPS,Low
India_002991_jpg.rf.625883056dbde41d0cd7451a790cd3bb,4,D20,0.612154,0.702713,0.12092,0.179538,0.0969327,2,0.1938654,20.32753097732012,85.85911313971755,NH-16 (DEMO),SEG-019,2026-09-28,SYNTHETIC DEMO - NOT REAL GPS,Low
India_002991_jpg.rf.625883056dbde41d0cd7451a790cd3bb,7,D44,0.519513,0.651534,0.0555918,0.0909968,0.0848772,3,0.2546316,20.327178669296725,85.86125560055459,NH-16 (DEMO),SEG-019,2026-09-28,SYNTHETIC DEMO - NOT REAL GPS,Low
India_002991_jpg.rf.625883056dbde41d0cd7451a790cd3bb,7,D44,0.506817,0.682247,0.0859495,0.175193,0.0807611,3,0.2422833,20.322479861242876,85.87220479161705,NH-16 (DEMO),SEG-019,2026-09-28,SYNTHETIC DEMO - NOT REAL GPS,Low
India_002991_jpg.rf.625883056dbde41d0cd7451a790cd3bb,5,D40,0.487684,0.717277,0.115749,0.111578,0.075381,2,0.150762,20.18149154248046,85.79013060950632,NH-16 (DEMO),SEG-019,2026-09-28,SYNTHETIC DEMO - NOT REAL GPS,Low
India_002991_jpg.rf.625883056dbde41d0cd7451a790cd3bb,7,D44,0.518105,0.673729,0.0566601,0.116582,0.0752079,3,0.2256236999999999,20.19204696574845,85.76589368874882,NH-16 (DEMO),SEG-019,2026-09-28,SYNTHETIC DEMO - NOT REAL GPS,Low
India_002991_jpg.rf.625883056dbde41d0cd7451a790cd3bb,4,D20,0.461765,0.697826,0.173758,0.151773,0.0606686,2,0.1213372,20.218714644236165,85.74080399920287,NH-16 (DEMO),SEG-019,2026-09-28,SYNTHETIC DEMO - NOT REAL GPS,Low
India_002991_jpg.rf.625883056dbde41d0cd7451a790cd3bb,0,D00,0.493688,0.708629,0.106134,0.122979,0.0605047,3,0.1815141,20.258463720650315,85.80019346136615,NH-16 (DEMO),SEG-019,2026-09-28,SYNTHETIC DEMO - NOT REAL GPS,Low
India_002991_jpg.rf.625883056dbde41d0cd7451a790cd3bb,0,D00,0.483508,0.675879,0.141344,0.205691,0.0600459,3,0.1801377,20.185516462192876,85.75520773127626,NH-16 (DEMO),SEG-019,2026-09-28,SYNTHETIC DEMO - NOT REAL GPS,Low
India_002991_jpg.rf.625883056dbde41d0cd7451a790cd3bb,4,D20,0.471866,0.695256,0.36656,0.200413,0.054402,2,0.108804,20.305327513248344,85.86968813707828,NH-16 (DEMO),SEG-019,2026-09-28,SYNTHETIC DEMO - NOT REAL GPS,Low
India_002991_jpg.rf.625883056dbde41d0cd7451a790cd3bb,4,D20,0.456809,0.683438,0.471545,0.206159,0.0500929,2,0.1001858,20.26868098865237,85.72064050599084,NH-16 (DEMO),SEG-019,2026-09-28,SYNTHETIC DEMO - NOT REAL GPS,Low
India_002995_jpg.rf.3f523563daf15bd864e9e64958c96cf9,4,D20,0.235841,0.832113,0.471681,0.331936,0.180771,2,0.361542,20.256778304368353,85.74291147803889,NH-16 (DEMO),SEG-019,2026-09-28,SYNTHETIC DEMO - NOT REAL GPS,Low
India_002995_jpg.rf.3f523563daf15bd864e9e64958c96cf9,4,D20,0.440496,0.750736,0.858962,0.281595,0.0671455,2,0.134291,20.196449811738766,85.75943613649335,NH-16 (DEMO),SEG-019,2026-09-28,SYNTHETIC DEMO - NOT REAL GPS,Low
India_002995_jpg.rf.3f523563daf15bd864e9e64958c96cf9,4,D20,0.182071,0.845034,0.362578,0.298214,0.064832,2,0.129664,20.21052087590403,85.75183307385491,NH-16 (DEMO),SEG-019,2026-09-28,SYNTHETIC DEMO - NOT REAL GPS,Low
India_002995_jpg.rf.3f523563daf15bd864e9e64958c96cf9,4,D20,0.288843,0.799294,0.577685,0.250518,0.059144,2,0.118288,20.195649923997163,85.75612454985276,NH-16 (DEMO),SEG-019,2026-09-28,SYNTHETIC DEMO - NOT REAL GPS,Low
India_003006_jpg.rf.8886e18575a3257b522af39e66a3ef7c,4,D20,0.431566,0.723102,0.863133,0.273738,0.987994,2,1.975988,20.30630930524717,85.82496761680979,NH-16 (DEMO),SEG-019,2026-09-28,SYNTHETIC DEMO - NOT REAL GPS,High
India_003006_jpg.rf.8886e18575a3257b522af39e66a3ef7c,5,D40,0.416377,0.710702,0.512605,0.278889,0.534716,2,1.069432,20.263476457609794,85.7724019325301,NH-16 (DEMO),SEG-019,2026-09-28,SYNTHETIC DEMO - NOT REAL GPS,Medium
India_003006_jpg.rf.8886e18575a3257b522af39e66a3ef7c,4,D20,0.459668,0.718319,0.490799,0.245598,0.487624,2,0.975248,20.287620708403143,85.81840390110453,NH-16 (DEMO),SEG-019,2026-09-28,SYNTHETIC DEMO - NOT REAL GPS,Medium
India_003006_jpg.rf.8886e18575a3257b522af39e66a3ef7c,5,D40,0.333129,0.708785,0.588118,0.231761,0.280659,2,0.561318,20.217365258065605,85.86244126938341,NH-16 (DEMO),SEG-019,2026-09-28,SYNTHETIC DEMO - NOT REAL GPS,Medium
India_003006_jpg.rf.8886e18575a3257b522af39e66a3ef7c,4,D20,0.329991,0.749525,0.659982,0.294991,0.265494,2,0.530988,20.229400421934123,85.81640908248411,NH-16 (DEMO),SEG-019,2026-09-28,SYNTHETIC DEMO - NOT REAL GPS,Medium
India_003006_jpg.rf.8886e18575a3257b522af39e66a3ef7c,4,D20,0.595697,0.70632,0.628748,0.25742,0.166801,2,0.333602,20.234776794308246,85.83112524660582,NH-16 (DEMO),SEG-019,2026-09-28,SYNTHETIC DEMO - NOT REAL GPS,Low
India_003006_jpg.rf.8886e18575a3257b522af39e66a3ef7c,5,D40,0.294715,0.744295,0.589431,0.301063,0.153334,2,0.306668,20.291602395479046,85.77848052771542,NH-16 (DEMO),SEG-019,2026-09-28,SYNTHETIC DEMO - NOT REAL GPS,Low
India_003006_jpg.rf.8886e18575a3257b522af39e66a3ef7c,4,D20,0.564133,0.708768,0.290795,0.216775,0.106345,2,0.21269,20.29357647802793,85.74555815481963,NH-16 (DEMO),SEG-019,2026-09-28,SYNTHETIC DEMO - NOT REAL GPS,Low
India_003006_jpg.rf.8886e18575a3257b522af39e66a3ef7c,5,D40,0.445909,0.676241,0.479597,0.267105,0.0977581,2,0.1955162,20.203090164402244,85.77129344999199,NH-16 (DEMO),SEG-019,2026-09-28,SYNTHETIC DEMO - NOT REAL GPS,Low
India_003006_jpg.rf.8886e18575a3257b522af39e66a3ef7c,5,D40,0.5167,0.69474,0.433677,0.230336,0.0762574,2,0.1525148,20.320646217078096,85.87428522379265,NH-16 (DEMO),SEG-019,2026-09-28,SYNTHETIC DEMO - NOT REAL GPS,Low
India_003006_jpg.rf.8886e18575a3257b522af39e66a3ef7c,4,D20,0.669647,0.707567,0.450239,0.213477,0.0652153,2,0.1304306,20.18930485399099,85.8194898215125,NH-16 (DEMO),SEG-019,2026-09-28,SYNTHETIC DEMO - NOT REAL GPS,Low
India_003006_jpg.rf.8886e18575a3257b522af39e66a3ef7c,5,D40,0.358448,0.657281,0.562914,0.213197,0.0649777,2,0.1299554,20.31337953318778,85.76440177910943,NH-16 (DEMO),SEG-019,2026-09-28,SYNTHETIC DEMO - NOT REAL GPS,Low
India_003006_jpg.rf.8886e18575a3257b522af39e66a3ef7c,4,D20,0.232483,0.825393,0.464966,0.349214,0.0578612,2,0.1157224,20.18606330330397,85.79214644274593,NH-16 (DEMO),SEG-019,2026-09-28,SYNTHETIC DEMO - NOT REAL GPS,Low
India_003028_jpg.rf.af9cabf30f9b3a749e476fe9bab03f9a,4,D20,0.499717,0.735132,0.907124,0.262173,0.810932,2,1.621864,20.21232636978421,85.85368208598895,NH-16 (DEMO),SEG-019,2026-09-28,SYNTHETIC DEMO - NOT REAL GPS,High
India_003028_jpg.rf.af9cabf30f9b3a749e476fe9bab03f9a,5,D40,0.470982,0.718688,0.159104,0.118354,0.344948,2,0.689896,20.305436565770872,85.82695097131293,NH-16 (DEMO),SEG-019,2026-09-28,SYNTHETIC DEMO - NOT REAL GPS,Medium
India_003028_jpg.rf.af9cabf30f9b3a749e476fe9bab03f9a,4,D20,0.43485,0.807855,0.865741,0.32578,0.337766,2,0.675532,20.198718731575372,85.80970445451666,NH-16 (DEMO),SEG-019,2026-09-28,SYNTHETIC DEMO - NOT REAL GPS,Medium
India_003028_jpg.rf.af9cabf30f9b3a749e476fe9bab03f9a,4,D20,0.459936,0.81655,0.572841,0.362131,0.284804,2,0.569608,20.236170869009594,85.86162606026141,NH-16 (DEMO),SEG-019,2026-09-28,SYNTHETIC DEMO - NOT REAL GPS,Medium
India_003028_jpg.rf.af9cabf30f9b3a749e476fe9bab03f9a,5,D40,0.461337,0.746545,0.122857,0.0612836,0.238302,2,0.476604,20.24197748799106,85.82759033155469,NH-16 (DEMO),SEG-019,2026-09-28,SYNTHETIC DEMO - NOT REAL GPS,Low
India_003028_jpg.rf.af9cabf30f9b3a749e476fe9bab03f9a,5,D40,0.281413,0.631283,0.221914,0.0836712,0.236981,2,0.473962,20.209241435683712,85.82283675692658,NH-16 (DEMO),SEG-019,2026-09-28,SYNTHETIC DEMO - NOT REAL GPS,Low
India_003028_jpg.rf.af9cabf30f9b3a749e476fe9bab03f9a,5,D40,0.46839,0.738237,0.576002,0.216247,0.236522,2,0.473044,20.28363923221376,85.75036290195372,NH-16 (DEMO),SEG-019,2026-09-28,SYNTHETIC DEMO - NOT REAL GPS,Low
India_003028_jpg.rf.af9cabf30f9b3a749e476fe9bab03f9a,4,D20,0.482678,0.750359,0.589291,0.213583,0.227339,2,0.454678,20.306213543904352,85.73702218928199,NH-16 (DEMO),SEG-019,2026-09-28,SYNTHETIC DEMO - NOT REAL GPS,Low
India_003028_jpg.rf.af9cabf30f9b3a749e476fe9bab03f9a,5,D40,0.295728,0.638934,0.250559,0.121482,0.200598,2,0.401196,20.30993202237689,85.87442273872918,NH-16 (DEMO),SEG-019,2026-09-28,SYNTHETIC DEMO - NOT REAL GPS,Low
India_003028_jpg.rf.af9cabf30f9b3a749e476fe9bab03f9a,5,D40,0.322766,0.62648,0.323791,0.132211,0.18334,2,0.36668,20.22429154331785,85.81581733921605,NH-16 (DEMO),SEG-019,2026-09-28,SYNTHETIC DEMO - NOT REAL GPS,Low
India_003028_jpg.rf.af9cabf30f9b3a749e476fe9bab03f9a,4,D20,0.349167,0.823618,0.479075,0.341683,0.158211,2,0.316422,20.25493606308605,85.78650934546343,NH-16 (DEMO),SEG-020,2026-09-28,SYNTHETIC DEMO - NOT REAL GPS,Low
India_003028_jpg.rf.af9cabf30f9b3a749e476fe9bab03f9a,5,D40,0.45222,0.794637,0.566629,0.346553,0.147758,2,0.295516,20.209745024618503,85.81424333134564,NH-16 (DEMO),SEG-020,2026-09-28,SYNTHETIC DEMO - NOT REAL GPS,Low
India_003028_jpg.rf.af9cabf30f9b3a749e476fe9bab03f9a,5,D40,0.290967,0.665251,0.242096,0.160375,0.145177,2,0.290354,20.209167440248024,85.72988991377147,NH-16 (DEMO),SEG-020,2026-09-28,SYNTHETIC DEMO - NOT REAL GPS,Low
India_003028_jpg.rf.af9cabf30f9b3a749e476fe9bab03f9a,5,D40,0.306212,0.62862,0.179533,0.0736803,0.132971,2,0.265942,20.19580065005631,85.85154036382465,NH-16 (DEMO),SEG-020,2026-09-28,SYNTHETIC DEMO - NOT REAL GPS,Low
India_003028_jpg.rf.af9cabf30f9b3a749e476fe9bab03f9a,5,D40,0.637463,0.593135,0.132671,0.0541023,0.0981653,2,0.1963306,20.320403041729204,85.75466328569028,NH-16 (DEMO),SEG-020,2026-09-28,SYNTHETIC DEMO - NOT REAL GPS,Low
India_003028_jpg.rf.af9cabf30f9b3a749e476fe9bab03f9a,4,D20,0.208287,0.83006,0.416371,0.339879,0.0957776,2,0.1915552,20.312078212576893,85.84872736101087,NH-16 (DEMO),SEG-020,2026-09-28,SYNTHETIC DEMO - NOT REAL GPS,Low
India_003028_jpg.rf.af9cabf30f9b3a749e476fe9bab03f9a,5,D40,0.49105,0.703548,0.107049,0.0887992,0.0951746,2,0.1903492,20.294377394132432,85.80550055092218,NH-16 (DEMO),SEG-020,2026-09-28,SYNTHETIC DEMO - NOT REAL GPS,Low
India_003028_jpg.rf.af9cabf30f9b3a749e476fe9bab03f9a,5,D40,0.454673,0.723752,0.243987,0.170153,0.0906201,2,0.1812402,20.252825843406036,85.7642515221851,NH-16 (DEMO),SEG-020,2026-09-28,SYNTHETIC DEMO - NOT REAL GPS,Low
India_003028_jpg.rf.af9cabf30f9b3a749e476fe9bab03f9a,5,D40,0.431192,0.720913,0.532183,0.296308,0.0839202,2,0.1678404,20.2484972664819,85.72483359171873,NH-16 (DEMO),SEG-020,2026-09-28,SYNTHETIC DEMO - NOT REAL GPS,Low
India_003028_jpg.rf.af9cabf30f9b3a749e476fe9bab03f9a,4,D20,0.582564,0.747619,0.480988,0.195481,0.0692421,2,0.1384842,20.2547593065892,85.85053333685225,NH-16 (DEMO),SEG-020,2026-09-28,SYNTHETIC DEMO - NOT REAL GPS,Low
India_003028_jpg.rf.af9cabf30f9b3a749e476fe9bab03f9a,4,D20,0.287487,0.850616,0.538951,0.29826,0.0644266,2,0.1288532,20.255850882172336,85.74823362263508,NH-16 (DEMO),SEG-020,2026-09-28,SYNTHETIC DEMO - NOT REAL GPS,Low
India_003028_jpg.rf.af9cabf30f9b3a749e476fe9bab03f9a,5,D40,0.336197,0.758377,0.455245,0.346772,0.0540343,2,0.1080686,20.23953009355163,85.72828881850238,NH-16 (DEMO),SEG-020,2026-09-28,SYNTHETIC DEMO - NOT REAL GPS,Low
India_003028_jpg.rf.af9cabf30f9b3a749e476fe9bab03f9a,5,D40,0.26572,0.647841,0.172034,0.0669849,0.0522321,2,0.1044642,20.19108077326273,85.84094043693214,NH-16 (DEMO),SEG-020,2026-09-28,SYNTHETIC DEMO - NOT REAL GPS,Low
India_003039_jpg.rf.f3505d3c200442bbc674af74218ae28b,4,D20,0.843729,0.875545,0.312541,0.24891,0.999032,2,1.998064,20.190106216458965,85.77600691557967,NH-16 (DEMO),SEG-020,2026-09-28,SYNTHETIC DEMO - NOT REAL GPS,High
India_003039_jpg.rf.f3505d3c200442bbc674af74218ae28b,4,D20,0.616535,0.870715,0.76693,0.24525,0.992135,2,1.98427,20.322359954535308,85.78229344089466,NH-16 (DEMO),SEG-020,2026-09-28,SYNTHETIC DEMO - NOT REAL GPS,High
India_003039_jpg.rf.f3505d3c200442bbc674af74218ae28b,4,D20,0.792302,0.859836,0.415396,0.280327,0.988897,2,1.977794,20.247124921533818,85.75953081396491,NH-16 (DEMO),SEG-020,2026-09-28,SYNTHETIC DEMO - NOT REAL GPS,High
India_003039_jpg.rf.f3505d3c200442bbc674af74218ae28b,4,D20,0.891787,0.904613,0.215996,0.190774,0.63286,2,1.26572,20.32251288398483,85.8574685565915,NH-16 (DEMO),SEG-020,2026-09-28,SYNTHETIC DEMO - NOT REAL GPS,Medium
India_003039_jpg.rf.f3505d3c200442bbc674af74218ae28b,4,D20,0.723027,0.852907,0.507851,0.293564,0.628309,2,1.256618,20.196172300433616,85.76757272417704,NH-16 (DEMO),SEG-020,2026-09-28,SYNTHETIC DEMO - NOT REAL GPS,Medium
India_003039_jpg.rf.f3505d3c200442bbc674af74218ae28b,4,D20,0.869079,0.877614,0.253239,0.212502,0.487426,2,0.974852,20.25870664832639,85.75363081116016,NH-16 (DEMO),SEG-020,2026-09-28,SYNTHETIC DEMO - NOT REAL GPS,Medium
India_003039_jpg.rf.f3505d3c200442bbc674af74218ae28b,4,D20,0.826393,0.848172,0.272581,0.214396,0.334862,2,0.669724,20.203234760536247,85.76947995621379,NH-16 (DEMO),SEG-020,2026-09-28,SYNTHETIC DEMO - NOT REAL GPS,Medium
India_003039_jpg.rf.f3505d3c200442bbc674af74218ae28b,4,D20,0.909473,0.918822,0.181055,0.160372,0.190447,2,0.380894,20.210509536980258,85.75250393202678,NH-16 (DEMO),SEG-020,2026-09-28,SYNTHETIC DEMO - NOT REAL GPS,Low
India_003039_jpg.rf.f3505d3c200442bbc674af74218ae28b,4,D20,0.79472,0.824456,0.277261,0.224626,0.140871,2,0.281742,20.17480873260179,85.77082483532882,NH-16 (DEMO),SEG-020,2026-09-28,SYNTHETIC DEMO - NOT REAL GPS,Low
India_003039_jpg.rf.f3505d3c200442bbc674af74218ae28b,4,D20,0.751785,0.889607,0.496429,0.220786,0.0886134,2,0.1772268,20.189032529718435,85.7332697956589,NH-16 (DEMO),SEG-020,2026-09-28,SYNTHETIC DEMO - NOT REAL GPS,Low
India_003039_jpg.rf.f3505d3c200442bbc674af74218ae28b,4,D20,0.632058,0.861718,0.424035,0.267447,0.086248,2,0.172496,20.31669574522067,85.7453648046591,NH-16 (DEMO),SEG-020,2026-09-28,SYNTHETIC DEMO - NOT REAL GPS,Low
India_003039_jpg.rf.f3505d3c200442bbc674af74218ae28b,4,D20,0.758359,0.826954,0.248755,0.253393,0.069619,2,0.139238,20.221445278637173,85.78672846134339,NH-16 (DEMO),SEG-020,2026-09-28,SYNTHETIC DEMO - NOT REAL GPS,Low
India_003039_jpg.rf.f3505d3c200442bbc674af74218ae28b,4,D20,0.929948,0.93443,0.139226,0.130403,0.0587415,2,0.117483,20.267300673906334,85.86071469689438,NH-16 (DEMO),SEG-020,2026-09-28,SYNTHETIC DEMO - NOT REAL GPS,Low
India_003093_jpg.rf.7fc1108756e0d752ec354db330724e0a,4,D20,0.789526,0.842772,0.409326,0.27863,0.917967,2,1.835934,20.244402261118285,85.72916651947557,NH-16 (DEMO),SEG-020,2026-09-28,SYNTHETIC DEMO - NOT REAL GPS,High
India_003093_jpg.rf.7fc1108756e0d752ec354db330724e0a,4,D20,0.720604,0.821787,0.373108,0.26431,0.351865,2,0.70373,20.234072199239243,85.7540279530816,NH-16 (DEMO),SEG-020,2026-09-28,SYNTHETIC DEMO - NOT REAL GPS,Medium
India_003093_jpg.rf.7fc1108756e0d752ec354db330724e0a,4,D20,0.832193,0.872807,0.335614,0.244339,0.149584,2,0.299168,20.255101774615373,85.86533530808666,NH-16 (DEMO),SEG-020,2026-09-28,SYNTHETIC DEMO - NOT REAL GPS,Low
India_003093_jpg.rf.7fc1108756e0d752ec354db330724e0a,4,D20,0.699485,0.847051,0.601029,0.267002,0.102835,2,0.20567,20.199958231138453,85.86240234786558,NH-16 (DEMO),SEG-020,2026-09-28,SYNTHETIC DEMO - NOT REAL GPS,Low
India_003093_jpg.rf.7fc1108756e0d752ec354db330724e0a,5,D40,0.694274,0.76401,0.152614,0.0758827,0.0778309,2,0.1556618,20.32817662376313,85.82871213332734,NH-16 (DEMO),SEG-020,2026-09-28,SYNTHETIC DEMO - NOT REAL GPS,Low
India_003093_jpg.rf.7fc1108756e0d752ec354db330724e0a,0,D00,0.691512,0.846435,0.145091,0.217901,0.0608503,3,0.1825509,20.300929258992618,85.75847576865523,NH-16 (DEMO),SEG-020,2026-09-28,SYNTHETIC DEMO - NOT REAL GPS,Low
India_003093_jpg.rf.7fc1108756e0d752ec354db330724e0a,5,D40,0.676252,0.757747,0.123091,0.0662251,0.0504886,2,0.1009772,20.288658341237042,85.78716968976892,NH-16 (DEMO),SEG-020,2026-09-28,SYNTHETIC DEMO - NOT REAL GPS,Low
India_003120_jpg.rf.9edb83169909da018ce6b1a11a3828c5,7,D44,0.739117,0.964634,0.0668121,0.0700461,0.113157,3,0.3394709999999999,20.24500148752223,85.75379535911007,NH-16 (DEMO),SEG-020,2026-09-28,SYNTHETIC DEMO - NOT REAL GPS,Low
India_003120_jpg.rf.9edb83169909da018ce6b1a11a3828c5,7,D44,0.748201,0.968708,0.0619951,0.0599698,0.0872217,3,0.2616651,20.194460339540214,85.74057416146003,NH-16 (DEMO),SEG-020,2026-09-28,SYNTHETIC DEMO - NOT REAL GPS,Low
India_003120_jpg.rf.9edb83169909da018ce6b1a11a3828c5,5,D40,0.623316,0.899694,0.105844,0.0508379,0.0676943,2,0.1353886,20.31730653732377,85.78079974312222,NH-16 (DEMO),SEG-020,2026-09-28,SYNTHETIC DEMO - NOT REAL GPS,Low
India_003120_jpg.rf.9edb83169909da018ce6b1a11a3828c5,5,D40,0.577942,0.838349,0.0969386,0.0481434,0.0513114,2,0.1026228,20.224621930781076,85.81213145681126,NH-16 (DEMO),SEG-020,2026-09-28,SYNTHETIC DEMO - NOT REAL GPS,Low
India_003169_jpg.rf.e622913dd6f5a5d50751d006248b1015,4,D20,0.600709,0.863661,0.7977,0.268607,0.0841971,2,0.1683942,20.17801707035151,85.77758922807436,NH-16 (DEMO),SEG-020,2026-09-28,SYNTHETIC DEMO - NOT REAL GPS,Low
India_003172_jpg.rf.be1dca5a3191e0f2473a2e1b0805636a,5,D40,0.343604,0.874322,0.165445,0.0680981,0.491865,2,0.98373,20.2247845882897,85.81773192807455,NH-16 (DEMO),SEG-020,2026-09-28,SYNTHETIC DEMO - NOT REAL GPS,Medium
India_003172_jpg.rf.be1dca5a3191e0f2473a2e1b0805636a,5,D40,0.355145,0.875971,0.207903,0.0875698,0.481515,2,0.96303,20.297113124879342,85.76740075766068,NH-16 (DEMO),SEG-020,2026-09-28,SYNTHETIC DEMO - NOT REAL GPS,Medium
India_003172_jpg.rf.be1dca5a3191e0f2473a2e1b0805636a,5,D40,0.358014,0.871964,0.134412,0.0572357,0.340369,2,0.680738,20.269633399198113,85.77533608444172,NH-16 (DEMO),SEG-020,2026-09-28,SYNTHETIC DEMO - NOT REAL GPS,Medium
India_003172_jpg.rf.be1dca5a3191e0f2473a2e1b0805636a,4,D20,0.514597,0.863799,0.940367,0.261115,0.116458,2,0.232916,20.290134173559178,85.84650777466314,NH-16 (DEMO),SEG-020,2026-09-28,SYNTHETIC DEMO - NOT REAL GPS,Low
India_003172_jpg.rf.be1dca5a3191e0f2473a2e1b0805636a,5,D40,0.392524,0.850593,0.304961,0.126842,0.10741,2,0.21482,20.29698166141798,85.86053035694302,NH-16 (DEMO),SEG-020,2026-09-28,SYNTHETIC DEMO - NOT REAL GPS,Low
India_003172_jpg.rf.be1dca5a3191e0f2473a2e1b0805636a,5,D40,0.360618,0.86168,0.164683,0.0824518,0.076999,2,0.153998,20.203912737772885,85.77152545304496,NH-16 (DEMO),SEG-020,2026-09-28,SYNTHETIC DEMO - NOT REAL GPS,Low
India_003172_jpg.rf.be1dca5a3191e0f2473a2e1b0805636a,5,D40,0.30488,0.87833,0.0928626,0.0535347,0.0613145,2,0.122629,20.31780533057491,85.81144252821524,NH-16 (DEMO),SEG-020,2026-09-28,SYNTHETIC DEMO - NOT REAL GPS,Low
India_003179_jpg.rf.0a9707c6a76873c8431cf9d6de6fd95f,5,D40,0.665945,0.7355,0.153966,0.0624485,0.0506393,2,0.1012786,20.24007833646726,85.76450596542276,NH-16 (DEMO),SEG-020,2026-09-28,SYNTHETIC DEMO - NOT REAL GPS,Low
India_003181_jpg.rf.04d3d597d974e4fc507092409a4f684b,4,D20,0.358431,0.701252,0.703777,0.246553,0.531366,2,1.062732,20.272242183882266,85.72853354267319,NH-16 (DEMO),SEG-020,2026-09-28,SYNTHETIC DEMO - NOT REAL GPS,Medium
India_003181_jpg.rf.04d3d597d974e4fc507092409a4f684b,4,D20,0.478206,0.675521,0.900659,0.237783,0.377783,2,0.755566,20.17036940361388,85.83805714901766,NH-16 (DEMO),SEG-020,2026-09-28,SYNTHETIC DEMO - NOT REAL GPS,Medium
India_003181_jpg.rf.04d3d597d974e4fc507092409a4f684b,4,D20,0.502411,0.644485,0.237446,0.246105,0.285039,2,0.570078,20.328938959745788,85.74736055731778,NH-16 (DEMO),SEG-020,2026-09-28,SYNTHETIC DEMO - NOT REAL GPS,Medium
India_003181_jpg.rf.04d3d597d974e4fc507092409a4f684b,4,D20,0.46419,0.650728,0.287952,0.263345,0.175976,2,0.351952,20.214943421754263,85.7881140037995,NH-16 (DEMO),SEG-020,2026-09-28,SYNTHETIC DEMO - NOT REAL GPS,Low
India_003181_jpg.rf.04d3d597d974e4fc507092409a4f684b,4,D20,0.306189,0.733706,0.612377,0.308022,0.162459,2,0.324918,20.179930097046427,85.79792727894066,NH-16 (DEMO),SEG-021,2026-09-28,SYNTHETIC DEMO - NOT REAL GPS,Low
India_003181_jpg.rf.04d3d597d974e4fc507092409a4f684b,5,D40,0.537784,0.593508,0.124513,0.109773,0.12726,2,0.25452,20.24332192664584,85.74951545346866,NH-16 (DEMO),SEG-021,2026-09-28,SYNTHETIC DEMO - NOT REAL GPS,Low
India_003181_jpg.rf.04d3d597d974e4fc507092409a4f684b,4,D20,0.370464,0.691275,0.523988,0.213498,0.120018,2,0.240036,20.190644809149127,85.73512885610614,NH-16 (DEMO),SEG-021,2026-09-28,SYNTHETIC DEMO - NOT REAL GPS,Low
India_003181_jpg.rf.04d3d597d974e4fc507092409a4f684b,5,D40,0.327832,0.707845,0.558155,0.188906,0.10382,2,0.20764,20.194372273625213,85.77568208234737,NH-16 (DEMO),SEG-021,2026-09-28,SYNTHETIC DEMO - NOT REAL GPS,Low
India_003181_jpg.rf.04d3d597d974e4fc507092409a4f684b,4,D20,0.588507,0.636584,0.529512,0.245021,0.0728368,2,0.1456736,20.271165250084834,85.87236574520804,NH-16 (DEMO),SEG-021,2026-09-28,SYNTHETIC DEMO - NOT REAL GPS,Low
India_003181_jpg.rf.04d3d597d974e4fc507092409a4f684b,5,D40,0.522074,0.579038,0.142175,0.122208,0.0685317,2,0.1370634,20.232868382651237,85.81842169439814,NH-16 (DEMO),SEG-021,2026-09-28,SYNTHETIC DEMO - NOT REAL GPS,Low
India_003181_jpg.rf.04d3d597d974e4fc507092409a4f684b,4,D20,0.516459,0.622048,0.341005,0.229294,0.0570797,2,0.1141594,20.3174963920248,85.78102563654446,NH-16 (DEMO),SEG-021,2026-09-28,SYNTHETIC DEMO - NOT REAL GPS,Low
India_003181_jpg.rf.04d3d597d974e4fc507092409a4f684b,4,D20,0.400272,0.653581,0.447847,0.276112,0.0558605,2,0.111721,20.22106503913729,85.72622573132386,NH-16 (DEMO),SEG-021,2026-09-28,SYNTHETIC DEMO - NOT REAL GPS,Low
India_003181_jpg.rf.04d3d597d974e4fc507092409a4f684b,5,D40,0.5337,0.598263,0.144017,0.146254,0.0555853,2,0.1111706,20.286188820541422,85.81604372502257,NH-16 (DEMO),SEG-021,2026-09-28,SYNTHETIC DEMO - NOT REAL GPS,Low
India_003181_jpg.rf.04d3d597d974e4fc507092409a4f684b,4,D20,0.620101,0.664237,0.6235,0.234373,0.051133,2,0.102266,20.243775908824784,85.73476122254965,NH-16 (DEMO),SEG-021,2026-09-28,SYNTHETIC DEMO - NOT REAL GPS,Low
India_003183_jpg.rf.37bf6fcc3e0383c927a860491cb89893,4,D20,0.425882,0.762205,0.840311,0.298828,0.272251,2,0.544502,20.275592208180683,85.8068070513676,NH-16 (DEMO),SEG-021,2026-09-28,SYNTHETIC DEMO - NOT REAL GPS,Medium
India_003205_jpg.rf.cadbcdb258f99f2f6b2cdd4f5043c33f,4,D20,0.472244,0.749303,0.914086,0.49769,0.125257,2,0.250514,20.26595125707456,85.84031208132348,NH-16 (DEMO),SEG-021,2026-09-28,SYNTHETIC DEMO - NOT REAL GPS,Low
India_003205_jpg.rf.cadbcdb258f99f2f6b2cdd4f5043c33f,4,D20,0.518049,0.648277,0.375629,0.69492,0.0818817,2,0.1637634,20.24564543564144,85.78777365572716,NH-16 (DEMO),SEG-021,2026-09-28,SYNTHETIC DEMO - NOT REAL GPS,Low
India_003214_jpg.rf.7cc75970e89f4b9af97d5e97512bfa38,4,D20,0.407296,0.735434,0.806579,0.279608,0.748199,2,1.496398,20.32200977513991,85.76790583917064,NH-16 (DEMO),SEG-021,2026-09-28,SYNTHETIC DEMO - NOT REAL GPS,Medium
India_003214_jpg.rf.7cc75970e89f4b9af97d5e97512bfa38,4,D20,0.38051,0.77856,0.754562,0.269241,0.175513,2,0.351026,20.224834182840794,85.72758147741081,NH-16 (DEMO),SEG-021,2026-09-28,SYNTHETIC DEMO - NOT REAL GPS,Low
India_003214_jpg.rf.7cc75970e89f4b9af97d5e97512bfa38,5,D40,0.411687,0.72972,0.549617,0.253984,0.112764,2,0.225528,20.198357680199884,85.72396446002585,NH-16 (DEMO),SEG-021,2026-09-28,SYNTHETIC DEMO - NOT REAL GPS,Low
India_003214_jpg.rf.7cc75970e89f4b9af97d5e97512bfa38,5,D40,0.293814,0.76321,0.587627,0.2673,0.086588,2,0.173176,20.278495049740773,85.78880425114328,NH-16 (DEMO),SEG-021,2026-09-28,SYNTHETIC DEMO - NOT REAL GPS,Low
India_003214_jpg.rf.7cc75970e89f4b9af97d5e97512bfa38,5,D40,0.31982,0.724029,0.584884,0.240437,0.0851838,2,0.1703676,20.305361209809266,85.86133524331247,NH-16 (DEMO),SEG-021,2026-09-28,SYNTHETIC DEMO - NOT REAL GPS,Low
India_003214_jpg.rf.7cc75970e89f4b9af97d5e97512bfa38,4,D20,0.232158,0.827144,0.464316,0.345696,0.0762974,2,0.1525948,20.17644059839039,85.75905004460691,NH-16 (DEMO),SEG-021,2026-09-28,SYNTHETIC DEMO - NOT REAL GPS,Low
India_003214_jpg.rf.7cc75970e89f4b9af97d5e97512bfa38,5,D40,0.527145,0.645012,0.114201,0.0551546,0.0734189,2,0.1468378,20.241941230147628,85.81184888092508,NH-16 (DEMO),SEG-021,2026-09-28,SYNTHETIC DEMO - NOT REAL GPS,Low
India_003214_jpg.rf.7cc75970e89f4b9af97d5e97512bfa38,5,D40,0.272838,0.808733,0.539193,0.378022,0.0733679,2,0.1467358,20.31279803034997,85.82948893114876,NH-16 (DEMO),SEG-021,2026-09-28,SYNTHETIC DEMO - NOT REAL GPS,Low
India_003214_jpg.rf.7cc75970e89f4b9af97d5e97512bfa38,4,D20,0.473532,0.752127,0.578237,0.220365,0.0658032,2,0.1316064,20.28993897902766,85.72973277880021,NH-16 (DEMO),SEG-021,2026-09-28,SYNTHETIC DEMO - NOT REAL GPS,Low
India_003214_jpg.rf.7cc75970e89f4b9af97d5e97512bfa38,5,D40,0.507308,0.736027,0.507518,0.248377,0.0513813,2,0.1027626,20.328689234639622,85.74449606012854,NH-16 (DEMO),SEG-021,2026-09-28,SYNTHETIC DEMO - NOT REAL GPS,Low
India_003228_jpg.rf.52a176da64aedb5ad2202fdee777473b,4,D20,0.505004,0.826329,0.940333,0.27637,0.528714,2,1.057428,20.255026209855558,85.77300428694713,NH-16 (DEMO),SEG-021,2026-09-28,SYNTHETIC DEMO - NOT REAL GPS,Medium
India_003228_jpg.rf.52a176da64aedb5ad2202fdee777473b,5,D40,0.416182,0.75453,0.18755,0.110828,0.204888,2,0.409776,20.275599315008183,85.82721490786376,NH-16 (DEMO),SEG-021,2026-09-28,SYNTHETIC DEMO - NOT REAL GPS,Low
India_003228_jpg.rf.52a176da64aedb5ad2202fdee777473b,5,D40,0.310737,0.784527,0.55138,0.2423,0.182177,2,0.364354,20.218396844982067,85.79024561795649,NH-16 (DEMO),SEG-021,2026-09-28,SYNTHETIC DEMO - NOT REAL GPS,Low
India_003228_jpg.rf.52a176da64aedb5ad2202fdee777473b,5,D40,0.638278,0.740358,0.108808,0.0492672,0.144095,2,0.28819,20.32160569594656,85.83747121091491,NH-16 (DEMO),SEG-021,2026-09-28,SYNTHETIC DEMO - NOT REAL GPS,Low
India_003228_jpg.rf.52a176da64aedb5ad2202fdee777473b,5,D40,0.720065,0.713267,0.175946,0.061144,0.105452,2,0.210904,20.228613678169047,85.85881565849171,NH-16 (DEMO),SEG-021,2026-09-28,SYNTHETIC DEMO - NOT REAL GPS,Low
India_003228_jpg.rf.52a176da64aedb5ad2202fdee777473b,5,D40,0.347826,0.802851,0.413134,0.245859,0.100548,2,0.201096,20.28816171402986,85.84133956425576,NH-16 (DEMO),SEG-021,2026-09-28,SYNTHETIC DEMO - NOT REAL GPS,Low
India_003228_jpg.rf.52a176da64aedb5ad2202fdee777473b,5,D40,0.654411,0.763345,0.0694397,0.0411743,0.0963105,2,0.192621,20.234502432659053,85.87875955317011,NH-16 (DEMO),SEG-021,2026-09-28,SYNTHETIC DEMO - NOT REAL GPS,Low
India_003228_jpg.rf.52a176da64aedb5ad2202fdee777473b,5,D40,0.676126,0.7071,0.179146,0.077751,0.0935634,2,0.1871268,20.25989102881008,85.84069777099707,NH-16 (DEMO),SEG-021,2026-09-28,SYNTHETIC DEMO - NOT REAL GPS,Low
India_003228_jpg.rf.52a176da64aedb5ad2202fdee777473b,5,D40,0.257184,0.819495,0.501739,0.317021,0.0877995,2,0.175599,20.285165205603448,85.85634867120119,NH-16 (DEMO),SEG-021,2026-09-28,SYNTHETIC DEMO - NOT REAL GPS,Low
India_003228_jpg.rf.52a176da64aedb5ad2202fdee777473b,5,D40,0.359175,0.813253,0.574711,0.254981,0.0859605,2,0.171921,20.251429464280218,85.8531786173544,NH-16 (DEMO),SEG-021,2026-09-28,SYNTHETIC DEMO - NOT REAL GPS,Low
India_003228_jpg.rf.52a176da64aedb5ad2202fdee777473b,5,D40,0.406751,0.754405,0.240776,0.143409,0.0771368,2,0.1542736,20.315133812305522,85.83684252196481,NH-16 (DEMO),SEG-021,2026-09-28,SYNTHETIC DEMO - NOT REAL GPS,Low
India_003228_jpg.rf.52a176da64aedb5ad2202fdee777473b,5,D40,0.298109,0.748628,0.52164,0.219293,0.0764702,2,0.1529404,20.23708815806845,85.84828829066494,NH-16 (DEMO),SEG-021,2026-09-28,SYNTHETIC DEMO - NOT REAL GPS,Low
India_003228_jpg.rf.52a176da64aedb5ad2202fdee777473b,5,D40,0.468277,0.739964,0.0763959,0.0581241,0.070712,2,0.141424,20.273531487702932,85.86954931645879,NH-16 (DEMO),SEG-021,2026-09-28,SYNTHETIC DEMO - NOT REAL GPS,Low
India_003228_jpg.rf.52a176da64aedb5ad2202fdee777473b,5,D40,0.394976,0.788905,0.237537,0.174403,0.0680413,2,0.1360826,20.224777989328008,85.79603318056421,NH-16 (DEMO),SEG-021,2026-09-28,SYNTHETIC DEMO - NOT REAL GPS,Low
India_003228_jpg.rf.52a176da64aedb5ad2202fdee777473b,5,D40,0.647059,0.759488,0.0863821,0.053544,0.0671378,2,0.1342756,20.23530506691696,85.82212592382601,NH-16 (DEMO),SEG-021,2026-09-28,SYNTHETIC DEMO - NOT REAL GPS,Low
India_003228_jpg.rf.52a176da64aedb5ad2202fdee777473b,5,D40,0.655337,0.715688,0.155873,0.0974436,0.0607938,2,0.1215876,20.240408017317367,85.80239035545164,NH-16 (DEMO),SEG-021,2026-09-28,SYNTHETIC DEMO - NOT REAL GPS,Low
India_003228_jpg.rf.52a176da64aedb5ad2202fdee777473b,5,D40,0.709738,0.73411,0.233744,0.123471,0.0603399,2,0.1206798,20.190129122929967,85.85616591795073,NH-16 (DEMO),SEG-021,2026-09-28,SYNTHETIC DEMO - NOT REAL GPS,Low
India_003228_jpg.rf.52a176da64aedb5ad2202fdee777473b,5,D40,0.690476,0.726704,0.239781,0.0958493,0.0601618,2,0.1203236,20.18467578864944,85.78901753645944,NH-16 (DEMO),SEG-021,2026-09-28,SYNTHETIC DEMO - NOT REAL GPS,Low
India_003228_jpg.rf.52a176da64aedb5ad2202fdee777473b,5,D40,0.658756,0.783269,0.0627004,0.0375893,0.0564198,2,0.1128396,20.276798387703483,85.85115628338315,NH-16 (DEMO),SEG-021,2026-09-28,SYNTHETIC DEMO - NOT REAL GPS,Low
India_003228_jpg.rf.52a176da64aedb5ad2202fdee777473b,4,D20,0.378116,0.825568,0.740091,0.336772,0.0541176,2,0.1082352,20.27488283813489,85.84789673200913,NH-16 (DEMO),SEG-021,2026-09-28,SYNTHETIC DEMO - NOT REAL GPS,Low
India_003317_jpg.rf.15a765c97ccda3fff15eabc62c8ac65b,4,D20,0.57816,0.82825,0.810145,0.260176,0.999861,2,1.999722,20.276065554273615,85.87390177621897,NH-16 (DEMO),SEG-021,2026-09-28,SYNTHETIC DEMO - NOT REAL GPS,High
India_003317_jpg.rf.15a765c97ccda3fff15eabc62c8ac65b,4,D20,0.369417,0.840527,0.734667,0.300966,0.998608,2,1.997216,20.17316263125483,85.75982731188118,NH-16 (DEMO),SEG-021,2026-09-28,SYNTHETIC DEMO - NOT REAL GPS,High
India_003317_jpg.rf.15a765c97ccda3fff15eabc62c8ac65b,4,D20,0.702146,0.819219,0.595708,0.274916,0.994151,2,1.988302,20.222247494827485,85.83353912158174,NH-16 (DEMO),SEG-021,2026-09-28,SYNTHETIC DEMO - NOT REAL GPS,High
India_003317_jpg.rf.15a765c97ccda3fff15eabc62c8ac65b,4,D20,0.794241,0.812805,0.411517,0.276936,0.991883,2,1.983766,20.201649575561472,85.8411071196236,NH-16 (DEMO),SEG-021,2026-09-28,SYNTHETIC DEMO - NOT REAL GPS,High
India_003317_jpg.rf.15a765c97ccda3fff15eabc62c8ac65b,4,D20,0.480139,0.836412,0.360345,0.287149,0.982911,2,1.965822,20.294504227607042,85.86980455884874,NH-16 (DEMO),SEG-021,2026-09-28,SYNTHETIC DEMO - NOT REAL GPS,High
India_003317_jpg.rf.15a765c97ccda3fff15eabc62c8ac65b,4,D20,0.509862,0.873481,0.944103,0.253039,0.963494,2,1.926988,20.30770086422338,85.86510438688889,NH-16 (DEMO),SEG-021,2026-09-28,SYNTHETIC DEMO - NOT REAL GPS,High
India_003317_jpg.rf.15a765c97ccda3fff15eabc62c8ac65b,4,D20,0.495675,0.851066,0.512132,0.292018,0.939097,2,1.878194,20.209468860356182,85.81176413787335,NH-16 (DEMO),SEG-021,2026-09-28,SYNTHETIC DEMO - NOT REAL GPS,High
India_003317_jpg.rf.15a765c97ccda3fff15eabc62c8ac65b,4,D20,0.83269,0.840689,0.334619,0.252904,0.897516,2,1.795032,20.276855865415676,85.81266450973824,NH-16 (DEMO),SEG-022,2026-09-28,SYNTHETIC DEMO - NOT REAL GPS,High
India_003317_jpg.rf.15a765c97ccda3fff15eabc62c8ac65b,4,D20,0.545272,0.82905,0.443455,0.248822,0.839601,2,1.679202,20.190698048553323,85.74676659654467,NH-16 (DEMO),SEG-022,2026-09-28,SYNTHETIC DEMO - NOT REAL GPS,High
India_003317_jpg.rf.15a765c97ccda3fff15eabc62c8ac65b,4,D20,0.379144,0.859904,0.502377,0.280192,0.752084,2,1.504168,20.214024404096275,85.8759940323878,NH-16 (DEMO),SEG-022,2026-09-28,SYNTHETIC DEMO - NOT REAL GPS,High
India_003317_jpg.rf.15a765c97ccda3fff15eabc62c8ac65b,4,D20,0.609654,0.812949,0.573892,0.283902,0.51971,2,1.03942,20.192184719397346,85.76080279403254,NH-16 (DEMO),SEG-022,2026-09-28,SYNTHETIC DEMO - NOT REAL GPS,Medium
India_003317_jpg.rf.15a765c97ccda3fff15eabc62c8ac65b,4,D20,0.784203,0.853327,0.431593,0.204366,0.452628,2,0.905256,20.215363322655875,85.83595779495221,NH-16 (DEMO),SEG-022,2026-09-28,SYNTHETIC DEMO - NOT REAL GPS,Medium
India_003317_jpg.rf.15a765c97ccda3fff15eabc62c8ac65b,4,D20,0.654797,0.861838,0.690406,0.223103,0.413164,2,0.826328,20.277957847575884,85.84732720076885,NH-16 (DEMO),SEG-022,2026-09-28,SYNTHETIC DEMO - NOT REAL GPS,Medium
India_003317_jpg.rf.15a765c97ccda3fff15eabc62c8ac65b,4,D20,0.286553,0.864286,0.544546,0.271428,0.395054,2,0.790108,20.31565230562964,85.79059448073782,NH-16 (DEMO),SEG-022,2026-09-28,SYNTHETIC DEMO - NOT REAL GPS,Medium
India_003317_jpg.rf.15a765c97ccda3fff15eabc62c8ac65b,4,D20,0.540106,0.860937,0.525486,0.212911,0.260309,2,0.520618,20.20240358526787,85.75379099520465,NH-16 (DEMO),SEG-022,2026-09-28,SYNTHETIC DEMO - NOT REAL GPS,Medium
India_003317_jpg.rf.15a765c97ccda3fff15eabc62c8ac65b,4,D20,0.736899,0.827171,0.199298,0.221199,0.209218,2,0.418436,20.256732645592116,85.75023366147515,NH-16 (DEMO),SEG-022,2026-09-28,SYNTHETIC DEMO - NOT REAL GPS,Low
India_003317_jpg.rf.15a765c97ccda3fff15eabc62c8ac65b,4,D20,0.184034,0.872855,0.362154,0.254289,0.199994,2,0.399988,20.28222257619895,85.85703936014426,NH-16 (DEMO),SEG-022,2026-09-28,SYNTHETIC DEMO - NOT REAL GPS,Low
India_003317_jpg.rf.15a765c97ccda3fff15eabc62c8ac65b,0,D00,0.532214,0.809547,0.176583,0.270426,0.195727,3,0.5871810000000001,20.32246759495769,85.80172103787976,NH-16 (DEMO),SEG-022,2026-09-28,SYNTHETIC DEMO - NOT REAL GPS,Medium
India_003317_jpg.rf.15a765c97ccda3fff15eabc62c8ac65b,4,D20,0.851347,0.869967,0.296414,0.208702,0.150903,2,0.301806,20.267609677261948,85.73442191712611,NH-16 (DEMO),SEG-022,2026-09-28,SYNTHETIC DEMO - NOT REAL GPS,Low
India_003317_jpg.rf.15a765c97ccda3fff15eabc62c8ac65b,4,D20,0.777861,0.842617,0.311202,0.190475,0.109633,2,0.219266,20.21081710896438,85.83472311564206,NH-16 (DEMO),SEG-022,2026-09-28,SYNTHETIC DEMO - NOT REAL GPS,Low
India_003317_jpg.rf.15a765c97ccda3fff15eabc62c8ac65b,4,D20,0.365108,0.904331,0.701824,0.191338,0.0845929,2,0.1691858,20.27007650510623,85.7600273684488,NH-16 (DEMO),SEG-022,2026-09-28,SYNTHETIC DEMO - NOT REAL GPS,Low
India_003317_jpg.rf.15a765c97ccda3fff15eabc62c8ac65b,0,D00,0.538567,0.814159,0.130274,0.229399,0.083757,3,0.251271,20.221278585868482,85.86022316012014,NH-16 (DEMO),SEG-022,2026-09-28,SYNTHETIC DEMO - NOT REAL GPS,Low
India_003317_jpg.rf.15a765c97ccda3fff15eabc62c8ac65b,4,D20,0.892888,0.851483,0.214223,0.196582,0.0806358,2,0.1612716,20.326180542510674,85.76953148576479,NH-16 (DEMO),SEG-022,2026-09-28,SYNTHETIC DEMO - NOT REAL GPS,Low
India_003317_jpg.rf.15a765c97ccda3fff15eabc62c8ac65b,4,D20,0.705853,0.83148,0.147752,0.207423,0.0723841,2,0.1447682,20.233948181626182,85.75204333281442,NH-16 (DEMO),SEG-022,2026-09-28,SYNTHETIC DEMO - NOT REAL GPS,Low
India_003317_jpg.rf.15a765c97ccda3fff15eabc62c8ac65b,0,D00,0.668205,0.858514,0.0621233,0.146407,0.05704,3,0.17112,20.279668435321764,85.73357735096879,NH-16 (DEMO),SEG-022,2026-09-28,SYNTHETIC DEMO - NOT REAL GPS,Low
India_003345_jpg.rf.9b0622830e8d4c02fe631f8870de05df,4,D20,0.436249,0.832349,0.856713,0.292538,0.165005,2,0.33001,20.17371641317548,85.80184498186202,NH-16 (DEMO),SEG-022,2026-09-28,SYNTHETIC DEMO - NOT REAL GPS,Low
India_003346_jpg.rf.1b808cfe23764138d6540cbc2160be21,4,D20,0.622676,0.759753,0.736396,0.23005,0.132524,2,0.265048,20.23400983138156,85.79211801405093,NH-16 (DEMO),SEG-022,2026-09-28,SYNTHETIC DEMO - NOT REAL GPS,Low
India_003356_jpg.rf.0d82754c0ac4d3a88a13becb3bfb3a3b,4,D20,0.428538,0.867344,0.750831,0.245236,0.0902812,2,0.1805624,20.310017218131602,85.8402099431365,NH-16 (DEMO),SEG-022,2026-09-28,SYNTHETIC DEMO - NOT REAL GPS,Low
India_003356_jpg.rf.0d82754c0ac4d3a88a13becb3bfb3a3b,4,D20,0.468633,0.893724,0.880917,0.2125,0.0555012,2,0.1110024,20.26763639110932,85.79433641395089,NH-16 (DEMO),SEG-022,2026-09-28,SYNTHETIC DEMO - NOT REAL GPS,Low
India_003388_jpg.rf.918a0bffc078586b68119e0e2a418601,4,D20,0.612511,0.819844,0.760364,0.306731,0.967241,2,1.934482,20.241030861823358,85.77501055502789,NH-16 (DEMO),SEG-022,2026-09-28,SYNTHETIC DEMO - NOT REAL GPS,High
India_003388_jpg.rf.918a0bffc078586b68119e0e2a418601,4,D20,0.767718,0.837094,0.464565,0.305373,0.919866,2,1.839732,20.319749999909718,85.76186478650126,NH-16 (DEMO),SEG-022,2026-09-28,SYNTHETIC DEMO - NOT REAL GPS,High
India_003388_jpg.rf.918a0bffc078586b68119e0e2a418601,4,D20,0.658386,0.821366,0.519664,0.302875,0.773359,2,1.546718,20.306637500183555,85.76450347927519,NH-16 (DEMO),SEG-022,2026-09-28,SYNTHETIC DEMO - NOT REAL GPS,High
India_003388_jpg.rf.918a0bffc078586b68119e0e2a418601,4,D20,0.560395,0.811417,0.517137,0.329314,0.309526,2,0.619052,20.22155450781167,85.86845566429244,NH-16 (DEMO),SEG-022,2026-09-28,SYNTHETIC DEMO - NOT REAL GPS,Medium
India_003388_jpg.rf.918a0bffc078586b68119e0e2a418601,4,D20,0.598992,0.870887,0.792394,0.258226,0.230875,2,0.46175,20.257127744326613,85.74641257633405,NH-16 (DEMO),SEG-022,2026-09-28,SYNTHETIC DEMO - NOT REAL GPS,Low
India_003388_jpg.rf.918a0bffc078586b68119e0e2a418601,5,D40,0.775708,0.832668,0.448583,0.323476,0.0733316,2,0.1466632,20.248371880974794,85.87810822792915,NH-16 (DEMO),SEG-022,2026-09-28,SYNTHETIC DEMO - NOT REAL GPS,Low
India_003388_jpg.rf.918a0bffc078586b68119e0e2a418601,4,D20,0.725591,0.793778,0.548819,0.320131,0.0601101,2,0.1202202,20.271152400018376,85.77230711283076,NH-16 (DEMO),SEG-022,2026-09-28,SYNTHETIC DEMO - NOT REAL GPS,Low
India_003388_jpg.rf.918a0bffc078586b68119e0e2a418601,4,D20,0.650716,0.813336,0.213485,0.249764,0.059138,2,0.118276,20.2234578027134,85.73414243766679,NH-16 (DEMO),SEG-022,2026-09-28,SYNTHETIC DEMO - NOT REAL GPS,Low
India_003388_jpg.rf.918a0bffc078586b68119e0e2a418601,0,D00,0.453051,0.852469,0.106757,0.110685,0.0518469,3,0.1555407,20.20907280012254,85.75979046092606,NH-16 (DEMO),SEG-022,2026-09-28,SYNTHETIC DEMO - NOT REAL GPS,Low
India_003432_jpg.rf.adced25db50ac75fdddcb4ce6c17256d,4,D20,0.426196,0.846405,0.848213,0.304188,0.524921,2,1.049842,20.316027493640885,85.72934630072874,NH-16 (DEMO),SEG-022,2026-09-28,SYNTHETIC DEMO - NOT REAL GPS,Medium
India_003432_jpg.rf.adced25db50ac75fdddcb4ce6c17256d,5,D40,0.318053,0.827364,0.590873,0.248941,0.186035,2,0.37207,20.31781991991976,85.84640476306622,NH-16 (DEMO),SEG-022,2026-09-28,SYNTHETIC DEMO - NOT REAL GPS,Low
India_003432_jpg.rf.adced25db50ac75fdddcb4ce6c17256d,5,D40,0.400565,0.772893,0.54218,0.172997,0.170391,2,0.340782,20.304931661721916,85.80200846600657,NH-16 (DEMO),SEG-022,2026-09-28,SYNTHETIC DEMO - NOT REAL GPS,Low
India_003432_jpg.rf.adced25db50ac75fdddcb4ce6c17256d,5,D40,0.408282,0.81153,0.56617,0.227544,0.15819,2,0.31638,20.32651270892233,85.77391785901868,NH-16 (DEMO),SEG-022,2026-09-28,SYNTHETIC DEMO - NOT REAL GPS,Low
India_003432_jpg.rf.adced25db50ac75fdddcb4ce6c17256d,5,D40,0.307058,0.775821,0.579066,0.181124,0.14131,2,0.28262,20.28919864412475,85.82592793674105,NH-16 (DEMO),SEG-022,2026-09-28,SYNTHETIC DEMO - NOT REAL GPS,Low
India_003432_jpg.rf.adced25db50ac75fdddcb4ce6c17256d,5,D40,0.260049,0.852914,0.509111,0.294171,0.123023,2,0.246046,20.29234675656992,85.82090344415205,NH-16 (DEMO),SEG-022,2026-09-28,SYNTHETIC DEMO - NOT REAL GPS,Low
India_003432_jpg.rf.adced25db50ac75fdddcb4ce6c17256d,5,D40,0.367692,0.854745,0.598507,0.259705,0.0835611,2,0.1671222,20.29201441471402,85.87037953427641,NH-16 (DEMO),SEG-022,2026-09-28,SYNTHETIC DEMO - NOT REAL GPS,Low
India_003432_jpg.rf.adced25db50ac75fdddcb4ce6c17256d,5,D40,0.251754,0.804886,0.503508,0.238369,0.0742239,2,0.1484478,20.246897220950768,85.87380168267974,NH-16 (DEMO),SEG-022,2026-09-28,SYNTHETIC DEMO - NOT REAL GPS,Low
India_003444_jpg.rf.e4d40c866f02c045669d507897faa588,4,D20,0.548106,0.817438,0.862162,0.262323,0.411321,2,0.822642,20.243032351122284,85.82890940410647,NH-16 (DEMO),SEG-022,2026-09-28,SYNTHETIC DEMO - NOT REAL GPS,Medium
India_003444_jpg.rf.e4d40c866f02c045669d507897faa588,5,D40,0.691701,0.79416,0.529304,0.222819,0.0837419,2,0.1674838,20.20843620418384,85.85085054835906,NH-16 (DEMO),SEG-022,2026-09-28,SYNTHETIC DEMO - NOT REAL GPS,Low
India_003444_jpg.rf.e4d40c866f02c045669d507897faa588,4,D20,0.688395,0.811763,0.623211,0.261154,0.0583613,2,0.1167226,20.273171071097487,85.84678801605362,NH-16 (DEMO),SEG-022,2026-09-28,SYNTHETIC DEMO - NOT REAL GPS,Low
India_003444_jpg.rf.e4d40c866f02c045669d507897faa588,4,D20,0.753258,0.810335,0.48366,0.206348,0.0559586,2,0.1119172,20.216291221776373,85.79860856523199,NH-16 (DEMO),SEG-022,2026-09-28,SYNTHETIC DEMO - NOT REAL GPS,Low
India_003444_jpg.rf.e4d40c866f02c045669d507897faa588,5,D40,0.60941,0.772524,0.564213,0.228555,0.0500644,2,0.1001288,20.21124934555238,85.83271332608534,NH-16 (DEMO),SEG-022,2026-09-28,SYNTHETIC DEMO - NOT REAL GPS,Low
India_003445_jpg.rf.38ffd421ce20cad880b791d48d933e73,7,D44,0.373159,0.698337,0.0817634,0.088817,0.0615886,3,0.1847658,20.263753819855367,85.73252144122937,NH-16 (DEMO),SEG-022,2026-09-28,SYNTHETIC DEMO - NOT REAL GPS,Low
India_003468_jpg.rf.7094ca1c706caf5f0b717f4eb0ee0670,4,D20,0.490001,0.825143,0.910474,0.275481,0.976812,2,1.953624,20.235597182116006,85.84128337330405,NH-16 (DEMO),SEG-022,2026-09-28,SYNTHETIC DEMO - NOT REAL GPS,High
India_003468_jpg.rf.7094ca1c706caf5f0b717f4eb0ee0670,4,D20,0.603011,0.855491,0.787219,0.261513,0.496624,2,0.993248,20.20501705740714,85.87389328115077,NH-16 (DEMO),SEG-022,2026-09-28,SYNTHETIC DEMO - NOT REAL GPS,Medium
India_003468_jpg.rf.7094ca1c706caf5f0b717f4eb0ee0670,4,D20,0.574034,0.82284,0.553426,0.26992,0.353805,2,0.70761,20.300568962680455,85.73359596050011,NH-16 (DEMO),SEG-022,2026-09-28,SYNTHETIC DEMO - NOT REAL GPS,Medium
India_003468_jpg.rf.7094ca1c706caf5f0b717f4eb0ee0670,4,D20,0.381274,0.820989,0.748896,0.339369,0.206942,2,0.413884,20.3076911870871,85.8537785255347,NH-16 (DEMO),SEG-022,2026-09-28,SYNTHETIC DEMO - NOT REAL GPS,Low
India_003468_jpg.rf.7094ca1c706caf5f0b717f4eb0ee0670,4,D20,0.69553,0.847403,0.475247,0.272543,0.174618,2,0.349236,20.196831923148444,85.86927680426388,NH-16 (DEMO),SEG-022,2026-09-28,SYNTHETIC DEMO - NOT REAL GPS,Low
India_003468_jpg.rf.7094ca1c706caf5f0b717f4eb0ee0670,4,D20,0.440454,0.868244,0.880909,0.246858,0.160729,2,0.321458,20.171201125248,85.75619022236833,NH-16 (DEMO),SEG-023,2026-09-28,SYNTHETIC DEMO - NOT REAL GPS,Low
India_003468_jpg.rf.7094ca1c706caf5f0b717f4eb0ee0670,4,D20,0.611388,0.865377,0.549102,0.243865,0.103118,2,0.206236,20.2237807949647,85.80396979001748,NH-16 (DEMO),SEG-023,2026-09-28,SYNTHETIC DEMO - NOT REAL GPS,Low
India_003468_jpg.rf.7094ca1c706caf5f0b717f4eb0ee0670,4,D20,0.488256,0.815371,0.548924,0.26968,0.0913074,2,0.1826148,20.29760173370892,85.86845731607407,NH-16 (DEMO),SEG-023,2026-09-28,SYNTHETIC DEMO - NOT REAL GPS,Low
India_003468_jpg.rf.7094ca1c706caf5f0b717f4eb0ee0670,5,D40,0.565721,0.819281,0.532314,0.286003,0.0889622,2,0.1779244,20.30426781859749,85.87363616072368,NH-16 (DEMO),SEG-023,2026-09-28,SYNTHETIC DEMO - NOT REAL GPS,Low
India_003472_jpg.rf.29ff4848885047838cecd75394f8fa17,4,D20,0.435117,0.898098,0.851291,0.203634,0.13067,2,0.26134,20.192132651218568,85.74046118149637,NH-16 (DEMO),SEG-023,2026-09-28,SYNTHETIC DEMO - NOT REAL GPS,Low
India_003502_jpg.rf.6828958cd87570fcdb0e4791fda93f79,5,D40,0.621465,0.943597,0.208176,0.112145,0.459932,2,0.919864,20.293893744189287,85.77584067608888,NH-16 (DEMO),SEG-023,2026-09-28,SYNTHETIC DEMO - NOT REAL GPS,Medium
India_003502_jpg.rf.6828958cd87570fcdb0e4791fda93f79,5,D40,0.612908,0.950717,0.276345,0.0985662,0.0619474,2,0.1238948,20.18851266676951,85.83170314258413,NH-16 (DEMO),SEG-023,2026-09-28,SYNTHETIC DEMO - NOT REAL GPS,Low
India_003508_jpg.rf.de629b1321527c713ff3da03947d7167,4,D20,0.677451,0.801985,0.403591,0.39603,0.768444,2,1.536888,20.232410014425046,85.75544935990175,NH-16 (DEMO),SEG-023,2026-09-28,SYNTHETIC DEMO - NOT REAL GPS,High
India_003508_jpg.rf.de629b1321527c713ff3da03947d7167,4,D20,0.533736,0.801896,0.929419,0.396208,0.605859,2,1.211718,20.329777522401905,85.77196330058152,NH-16 (DEMO),SEG-023,2026-09-28,SYNTHETIC DEMO - NOT REAL GPS,Medium
India_003508_jpg.rf.de629b1321527c713ff3da03947d7167,4,D20,0.704481,0.821857,0.295202,0.353774,0.442715,2,0.88543,20.200814531716947,85.72372656960074,NH-16 (DEMO),SEG-023,2026-09-28,SYNTHETIC DEMO - NOT REAL GPS,Medium
India_003508_jpg.rf.de629b1321527c713ff3da03947d7167,4,D20,0.770347,0.81862,0.448194,0.361563,0.312203,2,0.624406,20.19463417321242,85.74456346894898,NH-16 (DEMO),SEG-023,2026-09-28,SYNTHETIC DEMO - NOT REAL GPS,Medium
India_003508_jpg.rf.de629b1321527c713ff3da03947d7167,4,D20,0.639164,0.760673,0.414935,0.335589,0.274623,2,0.549246,20.237648053207486,85.80997271910684,NH-16 (DEMO),SEG-023,2026-09-28,SYNTHETIC DEMO - NOT REAL GPS,Medium
India_003508_jpg.rf.de629b1321527c713ff3da03947d7167,4,D20,0.6699,0.812071,0.6602,0.375859,0.0707862,2,0.1415724,20.269146964155176,85.82449441060866,NH-16 (DEMO),SEG-023,2026-09-28,SYNTHETIC DEMO - NOT REAL GPS,Low
India_003508_jpg.rf.de629b1321527c713ff3da03947d7167,4,D20,0.743835,0.850392,0.304886,0.299217,0.0561415,2,0.112283,20.31926412518612,85.82382589297534,NH-16 (DEMO),SEG-023,2026-09-28,SYNTHETIC DEMO - NOT REAL GPS,Low
India_003525_jpg.rf.ad2bb6fe986219551d2b047dc364aed5,4,D20,0.311847,0.858756,0.615267,0.282488,0.269501,2,0.539002,20.326931383285284,85.84453767532452,NH-16 (DEMO),SEG-023,2026-09-28,SYNTHETIC DEMO - NOT REAL GPS,Medium
India_003525_jpg.rf.ad2bb6fe986219551d2b047dc364aed5,4,D20,0.425994,0.851478,0.841996,0.297045,0.250654,2,0.501308,20.181142501854623,85.78644502619821,NH-16 (DEMO),SEG-023,2026-09-28,SYNTHETIC DEMO - NOT REAL GPS,Medium
India_003525_jpg.rf.ad2bb6fe986219551d2b047dc364aed5,5,D40,0.254026,0.881711,0.485258,0.22997,0.218545,2,0.43709,20.192079602775664,85.76375851459858,NH-16 (DEMO),SEG-023,2026-09-28,SYNTHETIC DEMO - NOT REAL GPS,Low
India_003525_jpg.rf.ad2bb6fe986219551d2b047dc364aed5,5,D40,0.303638,0.856707,0.537785,0.285668,0.110802,2,0.221604,20.29651807582336,85.7224929120068,NH-16 (DEMO),SEG-023,2026-09-28,SYNTHETIC DEMO - NOT REAL GPS,Low
India_003525_jpg.rf.ad2bb6fe986219551d2b047dc364aed5,5,D40,0.443449,0.757362,0.190063,0.0768144,0.0838191,2,0.1676382,20.21330114436334,85.75306077216838,NH-16 (DEMO),SEG-023,2026-09-28,SYNTHETIC DEMO - NOT REAL GPS,Low
India_003525_jpg.rf.ad2bb6fe986219551d2b047dc364aed5,4,D20,0.183644,0.889588,0.362652,0.217713,0.0795849,2,0.1591698,20.311575849521017,85.76998204995232,NH-16 (DEMO),SEG-023,2026-09-28,SYNTHETIC DEMO - NOT REAL GPS,Low
India_003525_jpg.rf.ad2bb6fe986219551d2b047dc364aed5,5,D40,0.292423,0.858793,0.220015,0.109538,0.0601869,2,0.1203738,20.276152521156654,85.74851309703688,NH-16 (DEMO),SEG-023,2026-09-28,SYNTHETIC DEMO - NOT REAL GPS,Low
India_003525_jpg.rf.ad2bb6fe986219551d2b047dc364aed5,5,D40,0.211598,0.871269,0.329216,0.176076,0.0590415,2,0.118083,20.18789516838091,85.72322311543945,NH-16 (DEMO),SEG-023,2026-09-28,SYNTHETIC DEMO - NOT REAL GPS,Low
India_003547_jpg.rf.ded9516c7b44aab6272e5a1009298173,7,D44,0.100352,0.86046,0.200703,0.141965,0.0658583,3,0.1975749,20.30320468558784,85.74519161738642,NH-16 (DEMO),SEG-023,2026-09-28,SYNTHETIC DEMO - NOT REAL GPS,Low
India_003608_jpg.rf.576b60a8ff1f13feaeb513fbab0c6a78,7,D44,0.372444,0.817878,0.0723452,0.0729835,0.077975,3,0.233925,20.19821702080129,85.8265759285708,NH-16 (DEMO),SEG-023,2026-09-28,SYNTHETIC DEMO - NOT REAL GPS,Low
India_003608_jpg.rf.576b60a8ff1f13feaeb513fbab0c6a78,5,D40,0.632673,0.646279,0.0897596,0.0481687,0.0664229,2,0.1328458,20.237759263148746,85.82073366663562,NH-16 (DEMO),SEG-023,2026-09-28,SYNTHETIC DEMO - NOT REAL GPS,Low
India_003608_jpg.rf.576b60a8ff1f13feaeb513fbab0c6a78,5,D40,0.600345,0.646852,0.158916,0.0772991,0.0551706,2,0.1103412,20.258349588569494,85.86970938230368,NH-16 (DEMO),SEG-023,2026-09-28,SYNTHETIC DEMO - NOT REAL GPS,Low
India_003608_jpg.rf.576b60a8ff1f13feaeb513fbab0c6a78,4,D20,0.47927,0.844272,0.945652,0.306886,0.05215,2,0.1043,20.250122583852846,85.84770692662357,NH-16 (DEMO),SEG-023,2026-09-28,SYNTHETIC DEMO - NOT REAL GPS,Low
India_003626_jpg.rf.11a00a7abcc63c141c307ac297997598,4,D20,0.278923,0.794283,0.430193,0.411435,0.19303,2,0.38606,20.279786066498424,85.81084097869459,NH-16 (DEMO),SEG-023,2026-09-28,SYNTHETIC DEMO - NOT REAL GPS,Low
India_003626_jpg.rf.11a00a7abcc63c141c307ac297997598,4,D20,0.255212,0.822789,0.351117,0.349789,0.184532,2,0.369064,20.27442987757908,85.74200901559891,NH-16 (DEMO),SEG-023,2026-09-28,SYNTHETIC DEMO - NOT REAL GPS,Low
India_003633_jpg.rf.5ed21eaf4226419697cfc35a92041a4a,7,D44,0.472587,0.751823,0.0826126,0.0783386,0.0696665,3,0.2089995,20.32872672088449,85.81025149102803,NH-16 (DEMO),SEG-023,2026-09-28,SYNTHETIC DEMO - NOT REAL GPS,Low
India_003647_jpg.rf.00a344add2c3c8733317bced2dd8b2fc,4,D20,0.450758,0.734385,0.847912,0.273231,0.0747759,2,0.1495518,20.32990750547587,85.72985520974626,NH-16 (DEMO),SEG-023,2026-09-28,SYNTHETIC DEMO - NOT REAL GPS,Low
India_003661_jpg.rf.b5f563497069a3f74ddd56ad26349b37,4,D20,0.500431,0.793387,0.940889,0.284657,0.458752,2,0.917504,20.252633504421702,85.78894158358574,NH-16 (DEMO),SEG-023,2026-09-28,SYNTHETIC DEMO - NOT REAL GPS,Medium
India_003661_jpg.rf.b5f563497069a3f74ddd56ad26349b37,4,D20,0.458334,0.838026,0.908681,0.315065,0.339738,2,0.679476,20.185231853913738,85.78244138063155,NH-16 (DEMO),SEG-023,2026-09-28,SYNTHETIC DEMO - NOT REAL GPS,Medium
India_003661_jpg.rf.b5f563497069a3f74ddd56ad26349b37,4,D20,0.586274,0.782223,0.803541,0.241453,0.111534,2,0.223068,20.286454927834995,85.78845020949807,NH-16 (DEMO),SEG-023,2026-09-28,SYNTHETIC DEMO - NOT REAL GPS,Low
India_003661_jpg.rf.b5f563497069a3f74ddd56ad26349b37,5,D40,0.561708,0.7164,0.529306,0.174124,0.0722353,2,0.1444706,20.326266252514653,85.76477214694316,NH-16 (DEMO),SEG-023,2026-09-28,SYNTHETIC DEMO - NOT REAL GPS,Low
India_003661_jpg.rf.b5f563497069a3f74ddd56ad26349b37,5,D40,0.497033,0.739218,0.49868,0.208834,0.0509455,2,0.101891,20.220932222020643,85.82973287161981,NH-16 (DEMO),SEG-023,2026-09-28,SYNTHETIC DEMO - NOT REAL GPS,Low
India_003673_jpg.rf.4c8e3cc8a719363d71a3df28c12b9094,4,D20,0.449611,0.825178,0.798122,0.266236,0.966226,2,1.932452,20.24379342173401,85.8545511147678,NH-16 (DEMO),SEG-023,2026-09-28,SYNTHETIC DEMO - NOT REAL GPS,High
India_003673_jpg.rf.4c8e3cc8a719363d71a3df28c12b9094,4,D20,0.607048,0.81908,0.44477,0.208235,0.733928,2,1.467856,20.237964307970472,85.84296271881584,NH-16 (DEMO),SEG-023,2026-09-28,SYNTHETIC DEMO - NOT REAL GPS,Medium
India_003673_jpg.rf.4c8e3cc8a719363d71a3df28c12b9094,5,D40,0.584692,0.790898,0.480743,0.264007,0.487942,2,0.975884,20.178227064729107,85.82044033532654,NH-16 (DEMO),SEG-023,2026-09-28,SYNTHETIC DEMO - NOT REAL GPS,Medium
India_003673_jpg.rf.4c8e3cc8a719363d71a3df28c12b9094,4,D20,0.566261,0.823714,0.591192,0.251418,0.318758,2,0.637516,20.27756230899575,85.80613516789327,NH-16 (DEMO),SEG-023,2026-09-28,SYNTHETIC DEMO - NOT REAL GPS,Medium
India_003673_jpg.rf.4c8e3cc8a719363d71a3df28c12b9094,5,D40,0.551445,0.71069,0.277824,0.0799053,0.308849,2,0.617698,20.226534031210956,85.72497346880128,NH-16 (DEMO),SEG-023,2026-09-28,SYNTHETIC DEMO - NOT REAL GPS,Medium
India_003673_jpg.rf.4c8e3cc8a719363d71a3df28c12b9094,5,D40,0.470649,0.782691,0.566892,0.276488,0.255758,2,0.511516,20.29599421994104,85.8356694397907,NH-16 (DEMO),SEG-023,2026-09-28,SYNTHETIC DEMO - NOT REAL GPS,Medium
India_003673_jpg.rf.4c8e3cc8a719363d71a3df28c12b9094,5,D40,0.624216,0.713498,0.138462,0.0587509,0.236515,2,0.47303,20.303139212045117,85.80719727033255,NH-16 (DEMO),SEG-023,2026-09-28,SYNTHETIC DEMO - NOT REAL GPS,Low
India_003673_jpg.rf.4c8e3cc8a719363d71a3df28c12b9094,5,D40,0.484936,0.712034,0.282294,0.0724737,0.211881,2,0.423762,20.301396925855656,85.76331856810621,NH-16 (DEMO),SEG-023,2026-09-28,SYNTHETIC DEMO - NOT REAL GPS,Low
India_003673_jpg.rf.4c8e3cc8a719363d71a3df28c12b9094,5,D40,0.421323,0.711498,0.240175,0.0780715,0.193914,2,0.387828,20.23666655968638,85.77245472621655,NH-16 (DEMO),SEG-023,2026-09-28,SYNTHETIC DEMO - NOT REAL GPS,Low
India_003673_jpg.rf.4c8e3cc8a719363d71a3df28c12b9094,5,D40,0.477526,0.728635,0.50929,0.178235,0.190389,2,0.380778,20.221447309158545,85.86969708583516,NH-16 (DEMO),SEG-023,2026-09-28,SYNTHETIC DEMO - NOT REAL GPS,Low
India_003673_jpg.rf.4c8e3cc8a719363d71a3df28c12b9094,5,D40,0.389982,0.71402,0.169978,0.0717667,0.184525,2,0.36905,20.28981132474673,85.81989795921875,NH-16 (DEMO),SEG-023,2026-09-28,SYNTHETIC DEMO - NOT REAL GPS,Low
India_003673_jpg.rf.4c8e3cc8a719363d71a3df28c12b9094,5,D40,0.516055,0.812277,0.506089,0.235413,0.178329,2,0.356658,20.298222309414836,85.7961459895452,NH-16 (DEMO),SEG-023,2026-09-28,SYNTHETIC DEMO - NOT REAL GPS,Low
India_003673_jpg.rf.4c8e3cc8a719363d71a3df28c12b9094,5,D40,0.51016,0.705936,0.367528,0.0874668,0.171431,2,0.342862,20.24860119142262,85.81934747835334,NH-16 (DEMO),SEG-023,2026-09-28,SYNTHETIC DEMO - NOT REAL GPS,Low
India_003673_jpg.rf.4c8e3cc8a719363d71a3df28c12b9094,4,D20,0.577879,0.841467,0.152579,0.152411,0.167607,2,0.335214,20.312884963125807,85.7861987719977,NH-16 (DEMO),SEG-023,2026-09-28,SYNTHETIC DEMO - NOT REAL GPS,Low
India_003673_jpg.rf.4c8e3cc8a719363d71a3df28c12b9094,5,D40,0.637554,0.717475,0.107657,0.0487589,0.161784,2,0.323568,20.19302539137257,85.79522916371248,NH-16 (DEMO),SEG-024,2026-09-28,SYNTHETIC DEMO - NOT REAL GPS,Low
India_003673_jpg.rf.4c8e3cc8a719363d71a3df28c12b9094,5,D40,0.527019,0.746419,0.471263,0.210402,0.155915,2,0.31183,20.310651004745434,85.76644948107322,NH-16 (DEMO),SEG-024,2026-09-28,SYNTHETIC DEMO - NOT REAL GPS,Low
India_003673_jpg.rf.4c8e3cc8a719363d71a3df28c12b9094,4,D20,0.479106,0.845408,0.646929,0.194653,0.143673,2,0.287346,20.1853752372755,85.79037652809465,NH-16 (DEMO),SEG-024,2026-09-28,SYNTHETIC DEMO - NOT REAL GPS,Low
India_003673_jpg.rf.4c8e3cc8a719363d71a3df28c12b9094,4,D20,0.540089,0.840462,0.352673,0.166919,0.141248,2,0.282496,20.19456408352874,85.82969475719007,NH-16 (DEMO),SEG-024,2026-09-28,SYNTHETIC DEMO - NOT REAL GPS,Low
India_003673_jpg.rf.4c8e3cc8a719363d71a3df28c12b9094,5,D40,0.343252,0.711782,0.234977,0.0714205,0.12439,2,0.24878,20.255414402123833,85.72639070801384,NH-16 (DEMO),SEG-024,2026-09-28,SYNTHETIC DEMO - NOT REAL GPS,Low
India_003673_jpg.rf.4c8e3cc8a719363d71a3df28c12b9094,5,D40,0.441372,0.708583,0.3538,0.0888243,0.116255,2,0.23251,20.180802956829986,85.84720438516739,NH-16 (DEMO),SEG-024,2026-09-28,SYNTHETIC DEMO - NOT REAL GPS,Low
India_003673_jpg.rf.4c8e3cc8a719363d71a3df28c12b9094,4,D20,0.60777,0.856195,0.454793,0.174357,0.100655,2,0.20131,20.178449136224017,85.7652767265378,NH-16 (DEMO),SEG-024,2026-09-28,SYNTHETIC DEMO - NOT REAL GPS,Low
India_003673_jpg.rf.4c8e3cc8a719363d71a3df28c12b9094,5,D40,0.578457,0.848171,0.138466,0.146806,0.0926954,2,0.1853908,20.170082999066512,85.8292095669492,NH-16 (DEMO),SEG-024,2026-09-28,SYNTHETIC DEMO - NOT REAL GPS,Low
India_003673_jpg.rf.4c8e3cc8a719363d71a3df28c12b9094,5,D40,0.588639,0.819025,0.0893822,0.0514868,0.0837787,2,0.1675574,20.239810665551083,85.82283605034881,NH-16 (DEMO),SEG-024,2026-09-28,SYNTHETIC DEMO - NOT REAL GPS,Low
India_003673_jpg.rf.4c8e3cc8a719363d71a3df28c12b9094,5,D40,0.608212,0.709455,0.182446,0.0637916,0.0818082,2,0.1636164,20.293939821006756,85.82442048786261,NH-16 (DEMO),SEG-024,2026-09-28,SYNTHETIC DEMO - NOT REAL GPS,Low
India_003673_jpg.rf.4c8e3cc8a719363d71a3df28c12b9094,4,D20,0.443661,0.866091,0.881239,0.246037,0.0736897,2,0.1473794,20.175574136044787,85.81730062660093,NH-16 (DEMO),SEG-024,2026-09-28,SYNTHETIC DEMO - NOT REAL GPS,Low
India_003673_jpg.rf.4c8e3cc8a719363d71a3df28c12b9094,4,D20,0.65747,0.830324,0.384858,0.178377,0.0689478,2,0.1378956,20.27436121703454,85.87345629409113,NH-16 (DEMO),SEG-024,2026-09-28,SYNTHETIC DEMO - NOT REAL GPS,Low
India_003673_jpg.rf.4c8e3cc8a719363d71a3df28c12b9094,5,D40,0.413482,0.808507,0.59071,0.252487,0.0569123,2,0.1138246,20.30170037078659,85.80133506603126,NH-16 (DEMO),SEG-024,2026-09-28,SYNTHETIC DEMO - NOT REAL GPS,Low
India_003673_jpg.rf.4c8e3cc8a719363d71a3df28c12b9094,5,D40,0.576888,0.849546,0.0963101,0.132354,0.0564002,2,0.1128004,20.19688013577246,85.83717105848245,NH-16 (DEMO),SEG-024,2026-09-28,SYNTHETIC DEMO - NOT REAL GPS,Low
India_003673_jpg.rf.4c8e3cc8a719363d71a3df28c12b9094,5,D40,0.583011,0.827262,0.11375,0.0701123,0.0556689,2,0.1113378,20.193498197571426,85.83287189299753,NH-16 (DEMO),SEG-024,2026-09-28,SYNTHETIC DEMO - NOT REAL GPS,Low
India_003698_jpg.rf.692fd8a0dc606ff53c7520eb9e94c835,4,D20,0.560428,0.764232,0.811704,0.222234,0.0941447,2,0.1882894,20.307728155779287,85.75780281236453,NH-16 (DEMO),SEG-024,2026-09-28,SYNTHETIC DEMO - NOT REAL GPS,Low
India_003698_jpg.rf.692fd8a0dc606ff53c7520eb9e94c835,4,D20,0.737838,0.777324,0.442393,0.18869,0.0891363,2,0.1782726,20.301699937592016,85.76532893426989,NH-16 (DEMO),SEG-024,2026-09-28,SYNTHETIC DEMO - NOT REAL GPS,Low
India_003698_jpg.rf.692fd8a0dc606ff53c7520eb9e94c835,4,D20,0.815307,0.777177,0.344865,0.194252,0.0811974,2,0.1623948,20.25623068260227,85.78784273570511,NH-16 (DEMO),SEG-024,2026-09-28,SYNTHETIC DEMO - NOT REAL GPS,Low
India_003698_jpg.rf.692fd8a0dc606ff53c7520eb9e94c835,4,D20,0.681732,0.777637,0.636535,0.18162,0.065342,2,0.130684,20.301071980687038,85.76443166887411,NH-16 (DEMO),SEG-024,2026-09-28,SYNTHETIC DEMO - NOT REAL GPS,Low
India_003698_jpg.rf.692fd8a0dc606ff53c7520eb9e94c835,4,D20,0.721788,0.789946,0.134162,0.147515,0.0599822,2,0.1199644,20.18484097238792,85.77867889582879,NH-16 (DEMO),SEG-024,2026-09-28,SYNTHETIC DEMO - NOT REAL GPS,Low
India_003698_jpg.rf.692fd8a0dc606ff53c7520eb9e94c835,4,D20,0.760035,0.786229,0.222323,0.165012,0.054911,2,0.109822,20.2331170428702,85.78255369822853,NH-16 (DEMO),SEG-024,2026-09-28,SYNTHETIC DEMO - NOT REAL GPS,Low
India_003722_jpg.rf.f628104f9bd13c5a089f9a886db90681,5,D40,0.392107,0.706505,0.486183,0.215244,0.250769,2,0.501538,20.28804760897702,85.81661832975013,NH-16 (DEMO),SEG-024,2026-09-28,SYNTHETIC DEMO - NOT REAL GPS,Medium
India_003722_jpg.rf.f628104f9bd13c5a089f9a886db90681,4,D20,0.424716,0.802995,0.83486,0.366769,0.174011,2,0.348022,20.211192313491836,85.7551824068376,NH-16 (DEMO),SEG-024,2026-09-28,SYNTHETIC DEMO - NOT REAL GPS,Low
India_003722_jpg.rf.f628104f9bd13c5a089f9a886db90681,5,D40,0.396539,0.637477,0.170683,0.070303,0.164825,2,0.32965,20.29037262630937,85.84868669854026,NH-16 (DEMO),SEG-024,2026-09-28,SYNTHETIC DEMO - NOT REAL GPS,Low
India_003722_jpg.rf.f628104f9bd13c5a089f9a886db90681,4,D20,0.329203,0.827854,0.646045,0.344292,0.154495,2,0.30899,20.25066857670253,85.79000581708344,NH-16 (DEMO),SEG-024,2026-09-28,SYNTHETIC DEMO - NOT REAL GPS,Low
India_003722_jpg.rf.f628104f9bd13c5a089f9a886db90681,5,D40,0.360688,0.654206,0.266762,0.117194,0.142595,2,0.28519,20.29004255807172,85.83299905786932,NH-16 (DEMO),SEG-024,2026-09-28,SYNTHETIC DEMO - NOT REAL GPS,Low
India_003722_jpg.rf.f628104f9bd13c5a089f9a886db90681,5,D40,0.362062,0.645091,0.362914,0.12256,0.118535,2,0.23707,20.244348742057173,85.73303079699853,NH-16 (DEMO),SEG-024,2026-09-28,SYNTHETIC DEMO - NOT REAL GPS,Low
India_003722_jpg.rf.f628104f9bd13c5a089f9a886db90681,5,D40,0.295408,0.659233,0.267836,0.112685,0.115969,2,0.231938,20.22886469443549,85.7951944630599,NH-16 (DEMO),SEG-024,2026-09-28,SYNTHETIC DEMO - NOT REAL GPS,Low
India_003722_jpg.rf.f628104f9bd13c5a089f9a886db90681,5,D40,0.427762,0.629848,0.107681,0.0506021,0.111013,2,0.222026,20.205070274636583,85.72451512514837,NH-16 (DEMO),SEG-024,2026-09-28,SYNTHETIC DEMO - NOT REAL GPS,Low
India_003722_jpg.rf.f628104f9bd13c5a089f9a886db90681,5,D40,0.392918,0.791554,0.562907,0.353718,0.107259,2,0.214518,20.203340694629603,85.82814559869048,NH-16 (DEMO),SEG-024,2026-09-28,SYNTHETIC DEMO - NOT REAL GPS,Low
India_003722_jpg.rf.f628104f9bd13c5a089f9a886db90681,4,D20,0.507758,0.772559,0.960054,0.29289,0.101681,2,0.203362,20.290238529691422,85.77499361231953,NH-16 (DEMO),SEG-024,2026-09-28,SYNTHETIC DEMO - NOT REAL GPS,Low
India_003722_jpg.rf.f628104f9bd13c5a089f9a886db90681,5,D40,0.271554,0.668013,0.211135,0.102625,0.0677504,2,0.1355008,20.189025655685434,85.87188045025692,NH-16 (DEMO),SEG-024,2026-09-28,SYNTHETIC DEMO - NOT REAL GPS,Low
India_003722_jpg.rf.f628104f9bd13c5a089f9a886db90681,5,D40,0.432206,0.637339,0.127499,0.0698353,0.0670851,2,0.1341702,20.18375717601775,85.77185987433623,NH-16 (DEMO),SEG-024,2026-09-28,SYNTHETIC DEMO - NOT REAL GPS,Low
India_003722_jpg.rf.f628104f9bd13c5a089f9a886db90681,5,D40,0.422349,0.653432,0.147373,0.0873419,0.0577973,2,0.1155946,20.198206618403542,85.81020894368284,NH-16 (DEMO),SEG-024,2026-09-28,SYNTHETIC DEMO - NOT REAL GPS,Low
India_003722_jpg.rf.f628104f9bd13c5a089f9a886db90681,5,D40,0.28691,0.750906,0.552865,0.28523,0.0500137,2,0.1000274,20.19805544183263,85.76118201211114,NH-16 (DEMO),SEG-024,2026-09-28,SYNTHETIC DEMO - NOT REAL GPS,Low
India_003747_jpg.rf.357d33454f6d666b9dda2e53b81562ab,4,D20,0.489309,0.827087,0.907005,0.275746,0.834041,2,1.668082,20.301697219649103,85.81921802063157,NH-16 (DEMO),SEG-024,2026-09-28,SYNTHETIC DEMO - NOT REAL GPS,High
India_003747_jpg.rf.357d33454f6d666b9dda2e53b81562ab,4,D20,0.29543,0.853595,0.484759,0.289979,0.402895,2,0.80579,20.233761059755874,85.79472677602132,NH-16 (DEMO),SEG-024,2026-09-28,SYNTHETIC DEMO - NOT REAL GPS,Medium
India_003747_jpg.rf.357d33454f6d666b9dda2e53b81562ab,5,D40,0.341441,0.821011,0.193268,0.127703,0.336569,2,0.673138,20.32846215317768,85.7793005218409,NH-16 (DEMO),SEG-024,2026-09-28,SYNTHETIC DEMO - NOT REAL GPS,Medium
India_003747_jpg.rf.357d33454f6d666b9dda2e53b81562ab,4,D20,0.343568,0.846567,0.333803,0.28175,0.323909,2,0.647818,20.1919538012465,85.75259029585283,NH-16 (DEMO),SEG-024,2026-09-28,SYNTHETIC DEMO - NOT REAL GPS,Medium
India_003747_jpg.rf.357d33454f6d666b9dda2e53b81562ab,5,D40,0.314281,0.8441,0.105616,0.0704521,0.247825,2,0.49565,20.274566372110982,85.73784341503543,NH-16 (DEMO),SEG-024,2026-09-28,SYNTHETIC DEMO - NOT REAL GPS,Low
India_003747_jpg.rf.357d33454f6d666b9dda2e53b81562ab,5,D40,0.37877,0.80018,0.292736,0.184343,0.180483,2,0.360966,20.241796721152202,85.73918066143307,NH-16 (DEMO),SEG-024,2026-09-28,SYNTHETIC DEMO - NOT REAL GPS,Low
India_003747_jpg.rf.357d33454f6d666b9dda2e53b81562ab,4,D20,0.58471,0.807767,0.690239,0.258794,0.158155,2,0.31631,20.232866908271532,85.87984640280088,NH-16 (DEMO),SEG-024,2026-09-28,SYNTHETIC DEMO - NOT REAL GPS,Low
India_003747_jpg.rf.357d33454f6d666b9dda2e53b81562ab,4,D20,0.355231,0.809664,0.222066,0.157611,0.156483,2,0.312966,20.310013471848652,85.78596971629716,NH-16 (DEMO),SEG-024,2026-09-28,SYNTHETIC DEMO - NOT REAL GPS,Low
India_003747_jpg.rf.357d33454f6d666b9dda2e53b81562ab,5,D40,0.290226,0.8417,0.537932,0.313302,0.139642,2,0.279284,20.326095303332544,85.72030875325973,NH-16 (DEMO),SEG-024,2026-09-28,SYNTHETIC DEMO - NOT REAL GPS,Low
India_003747_jpg.rf.357d33454f6d666b9dda2e53b81562ab,4,D20,0.460936,0.819794,0.496107,0.252839,0.107379,2,0.214758,20.309657433403867,85.87246860650016,NH-16 (DEMO),SEG-024,2026-09-28,SYNTHETIC DEMO - NOT REAL GPS,Low
India_003747_jpg.rf.357d33454f6d666b9dda2e53b81562ab,4,D20,0.448031,0.872969,0.896062,0.253413,0.0842938,2,0.1685876,20.200768108645622,85.72319678787677,NH-16 (DEMO),SEG-024,2026-09-28,SYNTHETIC DEMO - NOT REAL GPS,Low
India_003747_jpg.rf.357d33454f6d666b9dda2e53b81562ab,5,D40,0.425782,0.743186,0.123335,0.0676761,0.0827873,2,0.1655746,20.20532766739343,85.78697378008873,NH-16 (DEMO),SEG-024,2026-09-28,SYNTHETIC DEMO - NOT REAL GPS,Low
India_003747_jpg.rf.357d33454f6d666b9dda2e53b81562ab,4,D20,0.630226,0.797336,0.534053,0.231787,0.0808755,2,0.161751,20.27497182065521,85.8347964137553,NH-16 (DEMO),SEG-024,2026-09-28,SYNTHETIC DEMO - NOT REAL GPS,Low
India_003747_jpg.rf.357d33454f6d666b9dda2e53b81562ab,5,D40,0.414247,0.785733,0.177048,0.174388,0.0746803,2,0.1493606,20.21625337306211,85.86633587909948,NH-16 (DEMO),SEG-024,2026-09-28,SYNTHETIC DEMO - NOT REAL GPS,Low
India_003755_jpg.rf.6152e2907cdd9891c53b8cfe91c6b6c3,4,D20,0.344544,0.86042,0.667082,0.27916,0.200234,2,0.400468,20.287556020924892,85.83406180662914,NH-16 (DEMO),SEG-024,2026-09-28,SYNTHETIC DEMO - NOT REAL GPS,Low
India_003755_jpg.rf.6152e2907cdd9891c53b8cfe91c6b6c3,4,D20,0.262116,0.878926,0.512516,0.240522,0.132238,2,0.264476,20.260627304129542,85.794180120784,NH-16 (DEMO),SEG-025,2026-09-28,SYNTHETIC DEMO - NOT REAL GPS,Low
India_003755_jpg.rf.6152e2907cdd9891c53b8cfe91c6b6c3,0,D00,0.446465,0.890726,0.119283,0.189106,0.124397,3,0.373191,20.258145402958466,85.87591072623745,NH-16 (DEMO),SEG-025,2026-09-28,SYNTHETIC DEMO - NOT REAL GPS,Low
India_003755_jpg.rf.6152e2907cdd9891c53b8cfe91c6b6c3,4,D20,0.368209,0.858329,0.377231,0.270085,0.100097,2,0.200194,20.302567507974207,85.72629110128533,NH-16 (DEMO),SEG-025,2026-09-28,SYNTHETIC DEMO - NOT REAL GPS,Low
India_003755_jpg.rf.6152e2907cdd9891c53b8cfe91c6b6c3,4,D20,0.406183,0.877385,0.278344,0.241081,0.0961483,2,0.1922966,20.28368524347883,85.87790275240607,NH-16 (DEMO),SEG-025,2026-09-28,SYNTHETIC DEMO - NOT REAL GPS,Low
India_003755_jpg.rf.6152e2907cdd9891c53b8cfe91c6b6c3,4,D20,0.498642,0.854456,0.942446,0.274845,0.0853298,2,0.1706596,20.174252442399567,85.85590264827334,NH-16 (DEMO),SEG-025,2026-09-28,SYNTHETIC DEMO - NOT REAL GPS,Low
India_003755_jpg.rf.6152e2907cdd9891c53b8cfe91c6b6c3,7,D44,0.447988,0.888528,0.106751,0.176996,0.0735539,3,0.2206617,20.177913461943362,85.86862880274022,NH-16 (DEMO),SEG-025,2026-09-28,SYNTHETIC DEMO - NOT REAL GPS,Low
India_003755_jpg.rf.6152e2907cdd9891c53b8cfe91c6b6c3,0,D00,0.46953,0.894742,0.0892559,0.201072,0.062773,3,0.188319,20.26624935239296,85.7607635878556,NH-16 (DEMO),SEG-025,2026-09-28,SYNTHETIC DEMO - NOT REAL GPS,Low
India_003755_jpg.rf.6152e2907cdd9891c53b8cfe91c6b6c3,0,D00,0.480513,0.929604,0.0504168,0.111768,0.0615523,3,0.1846568999999999,20.247790732099563,85.74279329156548,NH-16 (DEMO),SEG-025,2026-09-28,SYNTHETIC DEMO - NOT REAL GPS,Low
India_003772_jpg.rf.9e29e81cab5f33ecba55f20cede3e341,5,D40,0.408827,0.849717,0.0704577,0.0493221,0.14851,2,0.29702,20.21162954485488,85.82613044469963,NH-16 (DEMO),SEG-025,2026-09-28,SYNTHETIC DEMO - NOT REAL GPS,Low
India_003795_jpg.rf.ddcc723675eb8e9af41c247833d8ef91,4,D20,0.504457,0.830955,0.944845,0.306524,0.50725,2,1.0145,20.23698497397037,85.80253751007777,NH-16 (DEMO),SEG-025,2026-09-28,SYNTHETIC DEMO - NOT REAL GPS,Medium
India_003795_jpg.rf.ddcc723675eb8e9af41c247833d8ef91,4,D20,0.458378,0.873418,0.903412,0.252806,0.114301,2,0.228602,20.291265650997257,85.8037068737191,NH-16 (DEMO),SEG-025,2026-09-28,SYNTHETIC DEMO - NOT REAL GPS,Low
India_003795_jpg.rf.ddcc723675eb8e9af41c247833d8ef91,4,D20,0.361375,0.851691,0.703606,0.296618,0.111733,2,0.223466,20.30225783754527,85.8679390685573,NH-16 (DEMO),SEG-025,2026-09-28,SYNTHETIC DEMO - NOT REAL GPS,Low
India_003795_jpg.rf.ddcc723675eb8e9af41c247833d8ef91,4,D20,0.587796,0.795827,0.794912,0.275906,0.0815763,2,0.1631526,20.259795690862408,85.81921294506452,NH-16 (DEMO),SEG-025,2026-09-28,SYNTHETIC DEMO - NOT REAL GPS,Low
India_003795_jpg.rf.ddcc723675eb8e9af41c247833d8ef91,4,D20,0.449498,0.836671,0.535355,0.321357,0.076425,2,0.15285,20.231659116937138,85.76977021361674,NH-16 (DEMO),SEG-025,2026-09-28,SYNTHETIC DEMO - NOT REAL GPS,Low
India_003795_jpg.rf.ddcc723675eb8e9af41c247833d8ef91,5,D40,0.601985,0.652634,0.223108,0.0932875,0.062201,2,0.124402,20.213311481839217,85.78401064902685,NH-16 (DEMO),SEG-025,2026-09-28,SYNTHETIC DEMO - NOT REAL GPS,Low
India_003795_jpg.rf.ddcc723675eb8e9af41c247833d8ef91,5,D40,0.586946,0.757313,0.571711,0.288373,0.0517053,2,0.1034106,20.25350695532308,85.7413593336147,NH-16 (DEMO),SEG-025,2026-09-28,SYNTHETIC DEMO - NOT REAL GPS,Low
India_003807_jpg.rf.decd738f768060132764b545b17c224b,4,D20,0.39568,0.732022,0.753568,0.245845,0.109041,2,0.218082,20.2203599389703,85.7507702464441,NH-16 (DEMO),SEG-025,2026-09-28,SYNTHETIC DEMO - NOT REAL GPS,Low
India_003810_jpg.rf.b91353106dc4e0244aaa49f45cbfb27d,4,D20,0.433724,0.732854,0.852201,0.268526,0.285352,2,0.570704,20.260255221927554,85.74293601123352,NH-16 (DEMO),SEG-025,2026-09-28,SYNTHETIC DEMO - NOT REAL GPS,Medium
India_003810_jpg.rf.b91353106dc4e0244aaa49f45cbfb27d,4,D20,0.228082,0.823695,0.456164,0.35261,0.140588,2,0.281176,20.27826438120154,85.84964661459381,NH-16 (DEMO),SEG-025,2026-09-28,SYNTHETIC DEMO - NOT REAL GPS,Low
India_003810_jpg.rf.b91353106dc4e0244aaa49f45cbfb27d,0,D00,0.583213,0.787335,0.0438007,0.133829,0.124102,3,0.372306,20.180572673747104,85.83277975487553,NH-16 (DEMO),SEG-025,2026-09-28,SYNTHETIC DEMO - NOT REAL GPS,Low
India_003810_jpg.rf.b91353106dc4e0244aaa49f45cbfb27d,4,D20,0.182946,0.843896,0.364768,0.312208,0.0998028,2,0.1996056,20.17017079440364,85.80485520281773,NH-16 (DEMO),SEG-025,2026-09-28,SYNTHETIC DEMO - NOT REAL GPS,Low
India_003810_jpg.rf.b91353106dc4e0244aaa49f45cbfb27d,5,D40,0.272,0.710795,0.544001,0.226028,0.0843278,2,0.1686556,20.20396434221452,85.7798988533804,NH-16 (DEMO),SEG-025,2026-09-28,SYNTHETIC DEMO - NOT REAL GPS,Low
India_003810_jpg.rf.b91353106dc4e0244aaa49f45cbfb27d,5,D40,0.259861,0.752435,0.510478,0.313687,0.070682,2,0.141364,20.313121839635006,85.8269590864519,NH-16 (DEMO),SEG-025,2026-09-28,SYNTHETIC DEMO - NOT REAL GPS,Low
India_003810_jpg.rf.b91353106dc4e0244aaa49f45cbfb27d,4,D20,0.551107,0.74651,0.549231,0.237734,0.0577111,2,0.1154222,20.27340652211657,85.85006485563132,NH-16 (DEMO),SEG-025,2026-09-28,SYNTHETIC DEMO - NOT REAL GPS,Low
India_003810_jpg.rf.b91353106dc4e0244aaa49f45cbfb27d,0,D00,0.581575,0.766301,0.0572395,0.169777,0.0510509,3,0.1531527,20.197513656309923,85.86099731450747,NH-16 (DEMO),SEG-025,2026-09-28,SYNTHETIC DEMO - NOT REAL GPS,Low
India_003849_jpg.rf.ff769e83b8ecccf416eb53fdc73accb2,4,D20,0.37311,0.8588,0.738709,0.2824,0.920619,2,1.841238,20.31244223389178,85.80752259651301,NH-16 (DEMO),SEG-025,2026-09-28,SYNTHETIC DEMO - NOT REAL GPS,High
India_003849_jpg.rf.ff769e83b8ecccf416eb53fdc73accb2,4,D20,0.347326,0.859568,0.456252,0.280865,0.389456,2,0.778912,20.245192950445976,85.85118161949114,NH-16 (DEMO),SEG-025,2026-09-28,SYNTHETIC DEMO - NOT REAL GPS,Medium
India_003849_jpg.rf.ff769e83b8ecccf416eb53fdc73accb2,4,D20,0.512115,0.861545,0.85132,0.275914,0.352129,2,0.704258,20.246174681068585,85.80180895254603,NH-16 (DEMO),SEG-025,2026-09-28,SYNTHETIC DEMO - NOT REAL GPS,Medium
India_003849_jpg.rf.ff769e83b8ecccf416eb53fdc73accb2,4,D20,0.415487,0.872351,0.521293,0.255298,0.300012,2,0.600024,20.319686711014825,85.79592481427007,NH-16 (DEMO),SEG-025,2026-09-28,SYNTHETIC DEMO - NOT REAL GPS,Medium
India_003849_jpg.rf.ff769e83b8ecccf416eb53fdc73accb2,4,D20,0.298087,0.878047,0.596174,0.243905,0.164457,2,0.328914,20.179517870749333,85.85846909689953,NH-16 (DEMO),SEG-025,2026-09-28,SYNTHETIC DEMO - NOT REAL GPS,Low
India_003849_jpg.rf.ff769e83b8ecccf416eb53fdc73accb2,4,D20,0.221157,0.862666,0.442314,0.274668,0.11525,2,0.2305,20.204428523940596,85.78181982980234,NH-16 (DEMO),SEG-025,2026-09-28,SYNTHETIC DEMO - NOT REAL GPS,Low
India_003849_jpg.rf.ff769e83b8ecccf416eb53fdc73accb2,4,D20,0.412043,0.907201,0.596205,0.185121,0.05786,2,0.11572,20.263723412024756,85.7833460286465,NH-16 (DEMO),SEG-025,2026-09-28,SYNTHETIC DEMO - NOT REAL GPS,Low
India_003857_jpg.rf.ecc76e430aa9306671ec29205a0c4c4a,4,D20,0.304841,0.81991,0.589198,0.27847,0.809903,2,1.619806,20.20127784153312,85.76878581524558,NH-16 (DEMO),SEG-025,2026-09-28,SYNTHETIC DEMO - NOT REAL GPS,High
India_003857_jpg.rf.ecc76e430aa9306671ec29205a0c4c4a,4,D20,0.354323,0.818677,0.508948,0.222515,0.444037,2,0.888074,20.278724321473433,85.80299227652714,NH-16 (DEMO),SEG-025,2026-09-28,SYNTHETIC DEMO - NOT REAL GPS,Medium
India_003857_jpg.rf.ecc76e430aa9306671ec29205a0c4c4a,5,D40,0.44293,0.768189,0.144278,0.0683517,0.377486,2,0.754972,20.204254766293875,85.80717600539032,NH-16 (DEMO),SEG-025,2026-09-28,SYNTHETIC DEMO - NOT REAL GPS,Medium
India_003857_jpg.rf.ecc76e430aa9306671ec29205a0c4c4a,5,D40,0.453673,0.762396,0.119426,0.0525398,0.370949,2,0.741898,20.18586511529581,85.82567378324967,NH-16 (DEMO),SEG-025,2026-09-28,SYNTHETIC DEMO - NOT REAL GPS,Medium
India_003857_jpg.rf.ecc76e430aa9306671ec29205a0c4c4a,5,D40,0.428391,0.801811,0.188934,0.155607,0.284191,2,0.568382,20.203117625542536,85.78888036961753,NH-16 (DEMO),SEG-025,2026-09-28,SYNTHETIC DEMO - NOT REAL GPS,Medium
India_003857_jpg.rf.ecc76e430aa9306671ec29205a0c4c4a,5,D40,0.277959,0.829295,0.541629,0.230297,0.274761,2,0.549522,20.23763744548353,85.75485396670138,NH-16 (DEMO),SEG-025,2026-09-28,SYNTHETIC DEMO - NOT REAL GPS,Medium
India_003857_jpg.rf.ecc76e430aa9306671ec29205a0c4c4a,4,D20,0.277047,0.84558,0.547453,0.206534,0.219722,2,0.439444,20.198182127867693,85.85869472998621,NH-16 (DEMO),SEG-025,2026-09-28,SYNTHETIC DEMO - NOT REAL GPS,Low
India_003857_jpg.rf.ecc76e430aa9306671ec29205a0c4c4a,4,D20,0.369653,0.7969,0.385699,0.248537,0.201815,2,0.40363,20.191550723987735,85.77536013875807,NH-16 (DEMO),SEG-025,2026-09-28,SYNTHETIC DEMO - NOT REAL GPS,Low
India_003857_jpg.rf.ecc76e430aa9306671ec29205a0c4c4a,5,D40,0.447632,0.787399,0.146749,0.115906,0.17669,2,0.35338,20.307645101795032,85.86767094717443,NH-16 (DEMO),SEG-025,2026-09-28,SYNTHETIC DEMO - NOT REAL GPS,Low
India_003857_jpg.rf.ecc76e430aa9306671ec29205a0c4c4a,5,D40,0.200005,0.83668,0.142375,0.0934974,0.168468,2,0.336936,20.221263552575568,85.75317653328423,NH-16 (DEMO),SEG-025,2026-09-28,SYNTHETIC DEMO - NOT REAL GPS,Low
India_003857_jpg.rf.ecc76e430aa9306671ec29205a0c4c4a,5,D40,0.460815,0.760607,0.190548,0.0815714,0.15557,2,0.31114,20.22772138984292,85.8096091961978,NH-16 (DEMO),SEG-025,2026-09-28,SYNTHETIC DEMO - NOT REAL GPS,Low
India_003857_jpg.rf.ecc76e430aa9306671ec29205a0c4c4a,5,D40,0.471688,0.691327,0.0839048,0.0569324,0.14884,2,0.29768,20.178843265520197,85.8058584149647,NH-16 (DEMO),SEG-025,2026-09-28,SYNTHETIC DEMO - NOT REAL GPS,Low
India_003857_jpg.rf.ecc76e430aa9306671ec29205a0c4c4a,5,D40,0.175087,0.851698,0.222037,0.128193,0.141386,2,0.282772,20.227179139760327,85.85258365566831,NH-16 (DEMO),SEG-025,2026-09-28,SYNTHETIC DEMO - NOT REAL GPS,Low
India_003857_jpg.rf.ecc76e430aa9306671ec29205a0c4c4a,5,D40,0.312889,0.795857,0.554405,0.263657,0.141033,2,0.282066,20.212369148371454,85.74221622188013,NH-16 (DEMO),SEG-025,2026-09-28,SYNTHETIC DEMO - NOT REAL GPS,Low
India_003857_jpg.rf.ecc76e430aa9306671ec29205a0c4c4a,5,D40,0.443516,0.678883,0.165729,0.0917193,0.126992,2,0.253984,20.267677610774687,85.86558994766679,NH-16 (DEMO),SEG-025,2026-09-28,SYNTHETIC DEMO - NOT REAL GPS,Low
India_003857_jpg.rf.ecc76e430aa9306671ec29205a0c4c4a,5,D40,0.401824,0.682292,0.0780799,0.0525963,0.12452,2,0.24904,20.202862447627584,85.80502850754753,NH-16 (DEMO),SEG-025,2026-09-28,SYNTHETIC DEMO - NOT REAL GPS,Low
India_003857_jpg.rf.ecc76e430aa9306671ec29205a0c4c4a,4,D20,0.226538,0.830643,0.451856,0.318452,0.104131,2,0.208262,20.312138472490055,85.8137775014263,NH-16 (DEMO),SEG-025,2026-09-28,SYNTHETIC DEMO - NOT REAL GPS,Low
India_003857_jpg.rf.ecc76e430aa9306671ec29205a0c4c4a,5,D40,0.449569,0.700997,0.178355,0.110636,0.0988375,2,0.197675,20.318746659347127,85.80162660692764,NH-16 (DEMO),SEG-025,2026-09-28,SYNTHETIC DEMO - NOT REAL GPS,Low
India_003857_jpg.rf.ecc76e430aa9306671ec29205a0c4c4a,5,D40,0.48039,0.698714,0.0715544,0.0445669,0.0957622,2,0.1915244,20.185972969148285,85.7257639850938,NH-16 (DEMO),SEG-026,2026-09-28,SYNTHETIC DEMO - NOT REAL GPS,Low
India_003857_jpg.rf.ecc76e430aa9306671ec29205a0c4c4a,5,D40,0.423344,0.672689,0.12563,0.0759538,0.0754209,2,0.1508418,20.187184473006173,85.79953450588906,NH-16 (DEMO),SEG-026,2026-09-28,SYNTHETIC DEMO - NOT REAL GPS,Low
India_003857_jpg.rf.ecc76e430aa9306671ec29205a0c4c4a,5,D40,0.211754,0.848575,0.213759,0.140435,0.0716913,2,0.1433826,20.18845223009776,85.76216794602831,NH-16 (DEMO),SEG-026,2026-09-28,SYNTHETIC DEMO - NOT REAL GPS,Low
India_003857_jpg.rf.ecc76e430aa9306671ec29205a0c4c4a,5,D40,0.306568,0.773386,0.0593385,0.0404739,0.0637337,2,0.1274674,20.26913108100965,85.77483010886046,NH-16 (DEMO),SEG-026,2026-09-28,SYNTHETIC DEMO - NOT REAL GPS,Low
India_003857_jpg.rf.ecc76e430aa9306671ec29205a0c4c4a,4,D20,0.366415,0.860718,0.73283,0.231079,0.0624959,2,0.1249918,20.18951503427354,85.82385625586994,NH-16 (DEMO),SEG-026,2026-09-28,SYNTHETIC DEMO - NOT REAL GPS,Low
India_003857_jpg.rf.ecc76e430aa9306671ec29205a0c4c4a,4,D20,0.403913,0.810441,0.227022,0.182477,0.0534298,2,0.1068596,20.306381170868843,85.79963154071585,NH-16 (DEMO),SEG-026,2026-09-28,SYNTHETIC DEMO - NOT REAL GPS,Low
India_003881_jpg.rf.e5bc0d581996874530dcaa6b0d42ddfb,4,D20,0.407913,0.83578,0.800544,0.291778,0.135455,2,0.27091,20.290683442390062,85.73491491402679,NH-16 (DEMO),SEG-026,2026-09-28,SYNTHETIC DEMO - NOT REAL GPS,Low
India_003889_jpg.rf.9b5ff4b8d3680e34a9454c2f1deb64af,7,D44,0.533605,0.792512,0.0745585,0.0951552,0.0873166,3,0.2619498,20.301169417318082,85.73168660396188,NH-16 (DEMO),SEG-026,2026-09-28,SYNTHETIC DEMO - NOT REAL GPS,Low
India_003911_jpg.rf.5a76ef900e9082941a04b0904630e16b,4,D20,0.497539,0.844469,0.954573,0.311061,0.113946,2,0.227892,20.254169684301765,85.74970523129878,NH-16 (DEMO),SEG-026,2026-09-28,SYNTHETIC DEMO - NOT REAL GPS,Low
India_003920_jpg.rf.7af9e75c9260cd22589c9e0dc9d79538,4,D20,0.589437,0.877092,0.797036,0.245815,0.929363,2,1.858726,20.329468353843065,85.75054162345155,NH-16 (DEMO),SEG-026,2026-09-28,SYNTHETIC DEMO - NOT REAL GPS,High
India_003920_jpg.rf.7af9e75c9260cd22589c9e0dc9d79538,4,D20,0.624764,0.86509,0.564997,0.268152,0.516619,2,1.033238,20.177068016471065,85.81732812111541,NH-16 (DEMO),SEG-026,2026-09-28,SYNTHETIC DEMO - NOT REAL GPS,Medium
India_003920_jpg.rf.7af9e75c9260cd22589c9e0dc9d79538,4,D20,0.727344,0.873736,0.497401,0.252527,0.315099,2,0.630198,20.23420239426978,85.74845031424728,NH-16 (DEMO),SEG-026,2026-09-28,SYNTHETIC DEMO - NOT REAL GPS,Medium
India_003920_jpg.rf.7af9e75c9260cd22589c9e0dc9d79538,4,D20,0.465642,0.879608,0.56762,0.240784,0.306013,2,0.612026,20.22182986703002,85.86107510772396,NH-16 (DEMO),SEG-026,2026-09-28,SYNTHETIC DEMO - NOT REAL GPS,Medium
India_003920_jpg.rf.7af9e75c9260cd22589c9e0dc9d79538,4,D20,0.533546,0.854744,0.552476,0.290252,0.214023,2,0.428046,20.321783279794023,85.75356170569815,NH-16 (DEMO),SEG-026,2026-09-28,SYNTHETIC DEMO - NOT REAL GPS,Low
India_003920_jpg.rf.7af9e75c9260cd22589c9e0dc9d79538,5,D40,0.563063,0.840151,0.510327,0.291162,0.066978,2,0.133956,20.262297753359615,85.73458103126822,NH-16 (DEMO),SEG-026,2026-09-28,SYNTHETIC DEMO - NOT REAL GPS,Low
India_003920_jpg.rf.7af9e75c9260cd22589c9e0dc9d79538,4,D20,0.49767,0.912474,0.657136,0.175052,0.0639095,2,0.127819,20.298990554471157,85.86011936261754,NH-16 (DEMO),SEG-026,2026-09-28,SYNTHETIC DEMO - NOT REAL GPS,Low
India_003920_jpg.rf.7af9e75c9260cd22589c9e0dc9d79538,4,D20,0.79644,0.892016,0.40712,0.215969,0.0622239,2,0.1244478,20.197254590985363,85.76725241217227,NH-16 (DEMO),SEG-026,2026-09-28,SYNTHETIC DEMO - NOT REAL GPS,Low
India_003920_jpg.rf.7af9e75c9260cd22589c9e0dc9d79538,4,D20,0.39525,0.89194,0.483906,0.21612,0.0581956,2,0.1163912,20.32658146302407,85.78806762077339,NH-16 (DEMO),SEG-026,2026-09-28,SYNTHETIC DEMO - NOT REAL GPS,Low
India_003920_jpg.rf.7af9e75c9260cd22589c9e0dc9d79538,4,D20,0.717486,0.909063,0.565028,0.180584,0.0528247,2,0.1056494,20.24978232750021,85.87344422144199,NH-16 (DEMO),SEG-026,2026-09-28,SYNTHETIC DEMO - NOT REAL GPS,Low
India_003936_jpg.rf.77a7c4ce13f7c2ffdb37b192a052fe86,4,D20,0.480531,0.822025,0.896552,0.283093,0.743741,2,1.487482,20.248987532203305,85.87109907506525,NH-16 (DEMO),SEG-026,2026-09-28,SYNTHETIC DEMO - NOT REAL GPS,Medium
India_003936_jpg.rf.77a7c4ce13f7c2ffdb37b192a052fe86,4,D20,0.3809,0.821011,0.750501,0.339657,0.079454,2,0.158908,20.325341556567317,85.83438670228239,NH-16 (DEMO),SEG-026,2026-09-28,SYNTHETIC DEMO - NOT REAL GPS,Low
India_003936_jpg.rf.77a7c4ce13f7c2ffdb37b192a052fe86,4,D20,0.495393,0.824223,0.535964,0.223626,0.0605525,2,0.121105,20.230917177794744,85.7310302322772,NH-16 (DEMO),SEG-026,2026-09-28,SYNTHETIC DEMO - NOT REAL GPS,Low
India_003976_jpg.rf.f81026d60e1650f4302ee9bcdb75e059,4,D20,0.850044,0.790753,0.293097,0.418494,0.575113,2,1.150226,20.2336040039288,85.81493442006582,NH-16 (DEMO),SEG-026,2026-09-28,SYNTHETIC DEMO - NOT REAL GPS,Medium
India_003976_jpg.rf.f81026d60e1650f4302ee9bcdb75e059,4,D20,0.810377,0.761318,0.379246,0.420541,0.458189,2,0.916378,20.26356043244879,85.87825246960676,NH-16 (DEMO),SEG-026,2026-09-28,SYNTHETIC DEMO - NOT REAL GPS,Medium
India_003976_jpg.rf.f81026d60e1650f4302ee9bcdb75e059,4,D20,0.873268,0.830691,0.25256,0.334087,0.420646,2,0.841292,20.190488417687646,85.87150659654783,NH-16 (DEMO),SEG-026,2026-09-28,SYNTHETIC DEMO - NOT REAL GPS,Medium
India_003976_jpg.rf.f81026d60e1650f4302ee9bcdb75e059,5,D40,0.397901,0.558122,0.156095,0.121658,0.204771,2,0.409542,20.221373700225897,85.73696039880319,NH-16 (DEMO),SEG-026,2026-09-28,SYNTHETIC DEMO - NOT REAL GPS,Low
India_003976_jpg.rf.f81026d60e1650f4302ee9bcdb75e059,5,D40,0.405912,0.556207,0.134378,0.0768041,0.153013,2,0.306026,20.20091333159122,85.78335476849446,NH-16 (DEMO),SEG-026,2026-09-28,SYNTHETIC DEMO - NOT REAL GPS,Low
India_003976_jpg.rf.f81026d60e1650f4302ee9bcdb75e059,4,D20,0.785248,0.694693,0.379619,0.355872,0.136894,2,0.273788,20.18652535665713,85.77048587934445,NH-16 (DEMO),SEG-026,2026-09-28,SYNTHETIC DEMO - NOT REAL GPS,Low
India_003976_jpg.rf.f81026d60e1650f4302ee9bcdb75e059,4,D20,0.756979,0.633446,0.336617,0.262323,0.0901089,2,0.1802178,20.308583137012963,85.74075649710478,NH-16 (DEMO),SEG-026,2026-09-28,SYNTHETIC DEMO - NOT REAL GPS,Low
India_003976_jpg.rf.f81026d60e1650f4302ee9bcdb75e059,5,D40,0.3896,0.568422,0.132503,0.0937963,0.0636,2,0.1272,20.264292986580397,85.8311677297998,NH-16 (DEMO),SEG-026,2026-09-28,SYNTHETIC DEMO - NOT REAL GPS,Low
India_003976_jpg.rf.f81026d60e1650f4302ee9bcdb75e059,4,D20,0.587788,0.765632,0.824423,0.450978,0.0624126,2,0.1248252,20.227387646644466,85.76381573829764,NH-16 (DEMO),SEG-026,2026-09-28,SYNTHETIC DEMO - NOT REAL GPS,Low
India_004050_jpg.rf.6ab60d1d7c48cf5f17c1840b03750392,4,D20,0.504709,0.841827,0.947184,0.289952,0.621208,2,1.242416,20.235387100378674,85.77517852850005,NH-16 (DEMO),SEG-026,2026-09-28,SYNTHETIC DEMO - NOT REAL GPS,Medium
India_004050_jpg.rf.6ab60d1d7c48cf5f17c1840b03750392,4,D20,0.397577,0.871466,0.793484,0.255269,0.14217,2,0.28434,20.239043040589976,85.73445742027222,NH-16 (DEMO),SEG-026,2026-09-28,SYNTHETIC DEMO - NOT REAL GPS,Low
India_004050_jpg.rf.6ab60d1d7c48cf5f17c1840b03750392,4,D20,0.580386,0.871917,0.837744,0.253607,0.0737143,2,0.1474286,20.271303869143154,85.79967480940458,NH-16 (DEMO),SEG-026,2026-09-28,SYNTHETIC DEMO - NOT REAL GPS,Low
India_004050_jpg.rf.6ab60d1d7c48cf5f17c1840b03750392,4,D20,0.173672,0.859593,0.343519,0.280815,0.0568342,2,0.1136684,20.31828310263824,85.74530685818432,NH-16 (DEMO),SEG-026,2026-09-28,SYNTHETIC DEMO - NOT REAL GPS,Low
India_004073_jpg.rf.84352edf949a82225296c51592f9e4f1,4,D20,0.457552,0.816236,0.840986,0.253712,0.758587,2,1.517174,20.319244739145116,85.78913446777271,NH-16 (DEMO),SEG-026,2026-09-28,SYNTHETIC DEMO - NOT REAL GPS,High
India_004073_jpg.rf.84352edf949a82225296c51592f9e4f1,4,D20,0.543836,0.788109,0.300938,0.236204,0.0714655,2,0.142931,20.232638716724907,85.74293475553652,NH-16 (DEMO),SEG-026,2026-09-28,SYNTHETIC DEMO - NOT REAL GPS,Low
India_004073_jpg.rf.84352edf949a82225296c51592f9e4f1,4,D20,0.58082,0.793688,0.646007,0.237436,0.0712426,2,0.1424852,20.222681993535645,85.87261598239202,NH-16 (DEMO),SEG-026,2026-09-28,SYNTHETIC DEMO - NOT REAL GPS,Low
India_004073_jpg.rf.84352edf949a82225296c51592f9e4f1,4,D20,0.466454,0.796681,0.552106,0.227757,0.05636,2,0.11272,20.24216744002964,85.74319720531155,NH-16 (DEMO),SEG-026,2026-09-28,SYNTHETIC DEMO - NOT REAL GPS,Low
India_004073_jpg.rf.84352edf949a82225296c51592f9e4f1,5,D40,0.453131,0.788217,0.49971,0.23859,0.0556047,2,0.1112094,20.26086947686856,85.8035019446161,NH-16 (DEMO),SEG-026,2026-09-28,SYNTHETIC DEMO - NOT REAL GPS,Low
India_004073_jpg.rf.84352edf949a82225296c51592f9e4f1,4,D20,0.441306,0.869135,0.882093,0.254604,0.0505212,2,0.1010424,20.24389086583196,85.75151677205103,NH-16 (DEMO),SEG-026,2026-09-28,SYNTHETIC DEMO - NOT REAL GPS,Low
India_004116_jpg.rf.c62181ca996f5a3491534c52adda2ffd,4,D20,0.447144,0.817687,0.885628,0.277208,0.895157,2,1.790314,20.275400545570673,85.73221788855561,NH-16 (DEMO),SEG-026,2026-09-28,SYNTHETIC DEMO - NOT REAL GPS,High
India_004116_jpg.rf.c62181ca996f5a3491534c52adda2ffd,5,D40,0.412003,0.788993,0.519741,0.224781,0.184686,2,0.369372,20.25870384374076,85.75236937901474,NH-16 (DEMO),SEG-026,2026-09-28,SYNTHETIC DEMO - NOT REAL GPS,Low
India_004116_jpg.rf.c62181ca996f5a3491534c52adda2ffd,4,D20,0.565296,0.785477,0.70304,0.245558,0.0550452,2,0.1100904,20.22131448747105,85.72876385718247,NH-16 (DEMO),SEG-026,2026-09-28,SYNTHETIC DEMO - NOT REAL GPS,Low
India_004116_jpg.rf.c62181ca996f5a3491534c52adda2ffd,5,D40,0.312919,0.787033,0.563006,0.221924,0.0541115,2,0.108223,20.22531692892202,85.74230358129935,NH-16 (DEMO),SEG-026,2026-09-28,SYNTHETIC DEMO - NOT REAL GPS,Low
India_004120_jpg.rf.81768482ed72407c799fda0cbb89661e,4,D20,0.741958,0.895408,0.443238,0.207735,0.785054,2,1.570108,20.230574846009556,85.79895746524211,NH-16 (DEMO),SEG-026,2026-09-28,SYNTHETIC DEMO - NOT REAL GPS,High
India_004120_jpg.rf.81768482ed72407c799fda0cbb89661e,4,D20,0.617066,0.889491,0.738194,0.218214,0.538111,2,1.076222,20.1851423629199,85.82429048336921,NH-16 (DEMO),SEG-026,2026-09-28,SYNTHETIC DEMO - NOT REAL GPS,Medium
India_004120_jpg.rf.81768482ed72407c799fda0cbb89661e,7,D44,0.634608,0.918606,0.128856,0.160314,0.504627,3,1.513881,20.196570021186236,85.73397437041149,NH-16 (DEMO),SEG-026,2026-09-28,SYNTHETIC DEMO - NOT REAL GPS,High
India_004120_jpg.rf.81768482ed72407c799fda0cbb89661e,4,D20,0.690636,0.877988,0.378506,0.244025,0.400084,2,0.800168,20.285698208343263,85.79056297982468,NH-16 (DEMO),SEG-026,2026-09-28,SYNTHETIC DEMO - NOT REAL GPS,Medium
India_004120_jpg.rf.81768482ed72407c799fda0cbb89661e,7,D44,0.620832,0.90486,0.102943,0.142037,0.375661,3,1.126983,20.232255473843534,85.81299952365653,NH-16 (DEMO),SEG-026,2026-09-28,SYNTHETIC DEMO - NOT REAL GPS,Medium
India_004120_jpg.rf.81768482ed72407c799fda0cbb89661e,4,D20,0.785488,0.911794,0.429024,0.173824,0.253036,2,0.506072,20.204326235609624,85.75747610819377,NH-16 (DEMO),SEG-027,2026-09-28,SYNTHETIC DEMO - NOT REAL GPS,Medium
India_004120_jpg.rf.81768482ed72407c799fda0cbb89661e,4,D20,0.51237,0.872533,0.940915,0.253368,0.10279,2,0.20558,20.260027585691976,85.77953254584256,NH-16 (DEMO),SEG-027,2026-09-28,SYNTHETIC DEMO - NOT REAL GPS,Low
India_004120_jpg.rf.81768482ed72407c799fda0cbb89661e,7,D44,0.626296,0.889657,0.160225,0.216875,0.0748029,3,0.2244087,20.29088632679575,85.73149357915737,NH-16 (DEMO),SEG-027,2026-09-28,SYNTHETIC DEMO - NOT REAL GPS,Low
India_004193_jpg.rf.e2a07a8a036bc8b340b42eb60e505604,4,D20,0.583869,0.786275,0.761127,0.251085,0.323691,2,0.647382,20.21118757797526,85.7552209728373,NH-16 (DEMO),SEG-027,2026-09-28,SYNTHETIC DEMO - NOT REAL GPS,Medium
India_004193_jpg.rf.e2a07a8a036bc8b340b42eb60e505604,4,D20,0.520131,0.817738,0.893521,0.263879,0.13758,2,0.27516,20.3022863811078,85.79468046814702,NH-16 (DEMO),SEG-027,2026-09-28,SYNTHETIC DEMO - NOT REAL GPS,Low
India_004193_jpg.rf.e2a07a8a036bc8b340b42eb60e505604,7,D44,0.744767,0.830928,0.123454,0.144851,0.0537579,3,0.1612737,20.318400777540006,85.87847074862805,NH-16 (DEMO),SEG-027,2026-09-28,SYNTHETIC DEMO - NOT REAL GPS,Low
India_004194_jpg.rf.4f0aab9ebc48c5e537e64d553c80c1d4,4,D20,0.41899,0.772678,0.821217,0.251055,0.180541,2,0.361082,20.265583124651815,85.87940241007026,NH-16 (DEMO),SEG-027,2026-09-28,SYNTHETIC DEMO - NOT REAL GPS,Low
India_004194_jpg.rf.4f0aab9ebc48c5e537e64d553c80c1d4,4,D20,0.233546,0.831175,0.467091,0.33765,0.0929919,2,0.1859838,20.277031625438653,85.87673946897988,NH-16 (DEMO),SEG-027,2026-09-28,SYNTHETIC DEMO - NOT REAL GPS,Low
India_004194_jpg.rf.4f0aab9ebc48c5e537e64d553c80c1d4,5,D40,0.257393,0.819806,0.511644,0.349398,0.0817489,2,0.1634978,20.17841215845169,85.78769382180805,NH-16 (DEMO),SEG-027,2026-09-28,SYNTHETIC DEMO - NOT REAL GPS,Low
India_004194_jpg.rf.4f0aab9ebc48c5e537e64d553c80c1d4,4,D20,0.183251,0.845961,0.362658,0.304,0.0596565,2,0.119313,20.321283182563505,85.73290886054635,NH-16 (DEMO),SEG-027,2026-09-28,SYNTHETIC DEMO - NOT REAL GPS,Low
India_004194_jpg.rf.4f0aab9ebc48c5e537e64d553c80c1d4,5,D40,0.266382,0.762958,0.532764,0.285626,0.0555765,2,0.111153,20.232797557482392,85.7717717499599,NH-16 (DEMO),SEG-027,2026-09-28,SYNTHETIC DEMO - NOT REAL GPS,Low
India_004224_jpg.rf.c6c903d84c3993ec96c27a0e2b07c1db,4,D20,0.336082,0.838599,0.662681,0.31674,0.48009,2,0.96018,20.31782406408727,85.75803430005935,NH-16 (DEMO),SEG-027,2026-09-28,SYNTHETIC DEMO - NOT REAL GPS,Medium
India_004224_jpg.rf.c6c903d84c3993ec96c27a0e2b07c1db,4,D20,0.223321,0.852905,0.446642,0.29419,0.270177,2,0.540354,20.262636403960038,85.72226025198557,NH-16 (DEMO),SEG-027,2026-09-28,SYNTHETIC DEMO - NOT REAL GPS,Medium
India_004224_jpg.rf.c6c903d84c3993ec96c27a0e2b07c1db,4,D20,0.278355,0.877919,0.531805,0.244162,0.165293,2,0.330586,20.170739007814934,85.73523737764614,NH-16 (DEMO),SEG-027,2026-09-28,SYNTHETIC DEMO - NOT REAL GPS,Low
India_004224_jpg.rf.c6c903d84c3993ec96c27a0e2b07c1db,4,D20,0.487496,0.784694,0.926143,0.276778,0.112867,2,0.225734,20.17616671989175,85.79251070960785,NH-16 (DEMO),SEG-027,2026-09-28,SYNTHETIC DEMO - NOT REAL GPS,Low
India_004243_jpg.rf.7daa3d5146beeac64f00c91cbe5c790e,4,D20,0.418594,0.864926,0.82804,0.270148,0.7796,2,1.5592,20.278867008907188,85.77434599420869,NH-16 (DEMO),SEG-027,2026-09-28,SYNTHETIC DEMO - NOT REAL GPS,High
India_004243_jpg.rf.7daa3d5146beeac64f00c91cbe5c790e,5,D40,0.238759,0.941269,0.260107,0.117461,0.527662,2,1.055324,20.260026882213108,85.74885659546152,NH-16 (DEMO),SEG-027,2026-09-28,SYNTHETIC DEMO - NOT REAL GPS,Medium
India_004243_jpg.rf.7daa3d5146beeac64f00c91cbe5c790e,5,D40,0.240277,0.951089,0.214213,0.0973285,0.30815,2,0.6163,20.174245189952973,85.8345759953054,NH-16 (DEMO),SEG-027,2026-09-28,SYNTHETIC DEMO - NOT REAL GPS,Medium
India_004243_jpg.rf.7daa3d5146beeac64f00c91cbe5c790e,7,D44,0.529477,0.91121,0.149199,0.133965,0.239076,3,0.717228,20.288953593795583,85.77713849534345,NH-16 (DEMO),SEG-027,2026-09-28,SYNTHETIC DEMO - NOT REAL GPS,Medium
India_004243_jpg.rf.7daa3d5146beeac64f00c91cbe5c790e,5,D40,0.293581,0.903682,0.587162,0.192635,0.123603,2,0.247206,20.306343253931068,85.85629885691944,NH-16 (DEMO),SEG-027,2026-09-28,SYNTHETIC DEMO - NOT REAL GPS,Low
India_004243_jpg.rf.7daa3d5146beeac64f00c91cbe5c790e,4,D20,0.285886,0.873142,0.571772,0.253717,0.118088,2,0.236176,20.24942679719029,85.75855634564209,NH-16 (DEMO),SEG-027,2026-09-28,SYNTHETIC DEMO - NOT REAL GPS,Low
India_004243_jpg.rf.7daa3d5146beeac64f00c91cbe5c790e,7,D44,0.521917,0.917739,0.114314,0.10945,0.0916767,3,0.2750301,20.24452119045716,85.80614295841386,NH-16 (DEMO),SEG-027,2026-09-28,SYNTHETIC DEMO - NOT REAL GPS,Low
India_004243_jpg.rf.7daa3d5146beeac64f00c91cbe5c790e,0,D00,0.531866,0.915445,0.141707,0.118602,0.0751183,3,0.2253549,20.17087569741354,85.74946227474386,NH-16 (DEMO),SEG-027,2026-09-28,SYNTHETIC DEMO - NOT REAL GPS,Low
India_004243_jpg.rf.7daa3d5146beeac64f00c91cbe5c790e,5,D40,0.267621,0.960709,0.147106,0.0774341,0.0729351,2,0.1458702,20.295863953998975,85.79924809862173,NH-16 (DEMO),SEG-027,2026-09-28,SYNTHETIC DEMO - NOT REAL GPS,Low
India_004243_jpg.rf.7daa3d5146beeac64f00c91cbe5c790e,5,D40,0.533027,0.91638,0.131571,0.119693,0.070522,2,0.141044,20.222914570679375,85.74439464143654,NH-16 (DEMO),SEG-027,2026-09-28,SYNTHETIC DEMO - NOT REAL GPS,Low
India_004243_jpg.rf.7daa3d5146beeac64f00c91cbe5c790e,4,D20,0.382323,0.867552,0.514352,0.262091,0.0570874,2,0.1141748,20.310602179165205,85.74585257989943,NH-16 (DEMO),SEG-027,2026-09-28,SYNTHETIC DEMO - NOT REAL GPS,Low
India_004243_jpg.rf.7daa3d5146beeac64f00c91cbe5c790e,4,D20,0.355528,0.933679,0.711057,0.132642,0.0563543,2,0.1127086,20.229689694009288,85.81795574032672,NH-16 (DEMO),SEG-027,2026-09-28,SYNTHETIC DEMO - NOT REAL GPS,Low
India_004274_jpg.rf.6874e099205d786c105e2c8dd09f5539,4,D20,0.364074,0.810432,0.710999,0.256722,0.6747,2,1.3494,20.260412465700913,85.76220576674812,NH-16 (DEMO),SEG-027,2026-09-28,SYNTHETIC DEMO - NOT REAL GPS,Medium
India_004277_jpg.rf.7168a7a3a36a49ba5ee35826529f1866,7,D44,0.270696,0.920144,0.185051,0.158,0.0743559,3,0.2230677,20.213254686111892,85.74757875625028,NH-16 (DEMO),SEG-027,2026-09-28,SYNTHETIC DEMO - NOT REAL GPS,Low
India_004277_jpg.rf.7168a7a3a36a49ba5ee35826529f1866,7,D44,0.293776,0.9048,0.18228,0.1904,0.0629684,3,0.1889052,20.195694130013585,85.86876292002161,NH-16 (DEMO),SEG-027,2026-09-28,SYNTHETIC DEMO - NOT REAL GPS,Low
India_004315_jpg.rf.26a6902ee7097138b7524dd060b306bf,4,D20,0.781617,0.874005,0.428663,0.25199,0.237211,2,0.474422,20.293985264541014,85.7268805201184,NH-16 (DEMO),SEG-027,2026-09-28,SYNTHETIC DEMO - NOT REAL GPS,Low
India_004315_jpg.rf.26a6902ee7097138b7524dd060b306bf,4,D20,0.576712,0.872261,0.844088,0.252391,0.189222,2,0.378444,20.249454476615405,85.81042369803134,NH-16 (DEMO),SEG-027,2026-09-28,SYNTHETIC DEMO - NOT REAL GPS,Low
India_004315_jpg.rf.26a6902ee7097138b7524dd060b306bf,5,D40,0.771692,0.860704,0.44649,0.278593,0.0846906,2,0.1693812,20.25583806780036,85.80772221469331,NH-16 (DEMO),SEG-027,2026-09-28,SYNTHETIC DEMO - NOT REAL GPS,Low
India_004315_jpg.rf.26a6902ee7097138b7524dd060b306bf,4,D20,0.698221,0.876668,0.603557,0.246664,0.0779487,2,0.1558974,20.324466552557077,85.76009741990448,NH-16 (DEMO),SEG-027,2026-09-28,SYNTHETIC DEMO - NOT REAL GPS,Low
India_004319_jpg.rf.3a2c9fcaddabbad680a1bd135891a7c7,4,D20,0.50813,0.832473,0.954416,0.286061,0.194814,2,0.389628,20.324172785955543,85.79244347921805,NH-16 (DEMO),SEG-027,2026-09-28,SYNTHETIC DEMO - NOT REAL GPS,Low
India_004321_jpg.rf.18837beff07de9e300de09776ca0a979,4,D20,0.380215,0.71241,0.63458,0.27701,0.201545,2,0.40309,20.306902739472385,85.73403804529322,NH-16 (DEMO),SEG-027,2026-09-28,SYNTHETIC DEMO - NOT REAL GPS,Low
India_004321_jpg.rf.18837beff07de9e300de09776ca0a979,4,D20,0.506693,0.678967,0.919883,0.260839,0.171705,2,0.34341,20.200017486842405,85.83540322334783,NH-16 (DEMO),SEG-027,2026-09-28,SYNTHETIC DEMO - NOT REAL GPS,Low
India_004321_jpg.rf.18837beff07de9e300de09776ca0a979,5,D40,0.474995,0.667696,0.535165,0.261538,0.100014,2,0.200028,20.265083631088253,85.75547154374028,NH-16 (DEMO),SEG-027,2026-09-28,SYNTHETIC DEMO - NOT REAL GPS,Low
India_004321_jpg.rf.18837beff07de9e300de09776ca0a979,4,D20,0.42469,0.702979,0.52974,0.222706,0.0976317,2,0.1952634,20.310503587944886,85.75094165757224,NH-16 (DEMO),SEG-027,2026-09-28,SYNTHETIC DEMO - NOT REAL GPS,Low
India_004321_jpg.rf.18837beff07de9e300de09776ca0a979,4,D20,0.366444,0.712436,0.463377,0.293943,0.0620525,2,0.124105,20.22991422983183,85.7703805565244,NH-16 (DEMO),SEG-027,2026-09-28,SYNTHETIC DEMO - NOT REAL GPS,Low
India_004321_jpg.rf.18837beff07de9e300de09776ca0a979,5,D40,0.640002,0.552098,0.0984843,0.0444366,0.055251,2,0.110502,20.186176986549693,85.8643791872421,NH-16 (DEMO),SEG-027,2026-09-28,SYNTHETIC DEMO - NOT REAL GPS,Low
India_004321_jpg.rf.18837beff07de9e300de09776ca0a979,5,D40,0.538723,0.648798,0.429929,0.282924,0.0504341,2,0.1008682,20.29975406435839,85.84743466372537,NH-16 (DEMO),SEG-027,2026-09-28,SYNTHETIC DEMO - NOT REAL GPS,Low
India_004367_jpg.rf.b73b4362f34d7fc0d449a0997c75c7fb,4,D20,0.542373,0.75461,0.872071,0.25269,0.0789768,2,0.1579536,20.247082168217947,85.8715027665814,NH-16 (DEMO),SEG-027,2026-09-28,SYNTHETIC DEMO - NOT REAL GPS,Low
India_004367_jpg.rf.b73b4362f34d7fc0d449a0997c75c7fb,4,D20,0.507848,0.796923,0.953655,0.318456,0.0590781,2,0.1181562,20.26030282885747,85.82431397536529,NH-16 (DEMO),SEG-027,2026-09-28,SYNTHETIC DEMO - NOT REAL GPS,Low
India_004423_jpg.rf.d4b0be75e2433e36cd148fd92588290a,4,D20,0.380369,0.879645,0.748126,0.231951,0.164458,2,0.328916,20.327143087410857,85.82606744176513,NH-16 (DEMO),SEG-027,2026-09-28,SYNTHETIC DEMO - NOT REAL GPS,Low
India_004423_jpg.rf.d4b0be75e2433e36cd148fd92588290a,4,D20,0.269162,0.898144,0.538323,0.201551,0.103266,2,0.206532,20.267153828879053,85.79680495990819,NH-16 (DEMO),SEG-027,2026-09-28,SYNTHETIC DEMO - NOT REAL GPS,Low
India_004446_jpg.rf.52208735cb2dbc520fa391d336b5d52d,4,D20,0.427203,0.828899,0.842937,0.290995,0.517614,2,1.035228,20.237996701706574,85.86482981173872,NH-16 (DEMO),SEG-027,2026-09-28,SYNTHETIC DEMO - NOT REAL GPS,Medium
India_004512_jpg.rf.1d2fd562185083f514d67d23d3b8cf5e,4,D20,0.499338,0.848794,0.935739,0.298896,0.729383,2,1.458766,20.22919749885555,85.80174034388325,NH-16 (DEMO),SEG-027,2026-09-28,SYNTHETIC DEMO - NOT REAL GPS,Medium
India_004512_jpg.rf.1d2fd562185083f514d67d23d3b8cf5e,4,D20,0.394723,0.871649,0.783886,0.255557,0.177358,2,0.354716,20.236819086824646,85.7768096113272,NH-16 (DEMO),SEG-027,2026-09-28,SYNTHETIC DEMO - NOT REAL GPS,Low
India_004537_jpg.rf.b57969376a6e03ff333f0eef5bd415cf,4,D20,0.766654,0.75192,0.463069,0.381152,0.178221,2,0.356442,20.188943853308587,85.82246000158682,NH-16 (DEMO),SEG-027,2026-09-28,SYNTHETIC DEMO - NOT REAL GPS,Low
India_004537_jpg.rf.b57969376a6e03ff333f0eef5bd415cf,4,D20,0.518905,0.761821,0.96219,0.475899,0.0725088,2,0.1450176,20.29716008934681,85.80738231894415,NH-16 (DEMO),SEG-028,2026-09-28,SYNTHETIC DEMO - NOT REAL GPS,Low
India_004537_jpg.rf.b57969376a6e03ff333f0eef5bd415cf,4,D20,0.711947,0.718738,0.429083,0.403099,0.0677072,2,0.1354144,20.304034697309927,85.73984317044957,NH-16 (DEMO),SEG-028,2026-09-28,SYNTHETIC DEMO - NOT REAL GPS,Low
India_004537_jpg.rf.b57969376a6e03ff333f0eef5bd415cf,5,D40,0.8837,0.586331,0.220972,0.118913,0.0519479,2,0.1038958,20.215503541531746,85.78283606622598,NH-16 (DEMO),SEG-028,2026-09-28,SYNTHETIC DEMO - NOT REAL GPS,Low
India_004563_jpg.rf.fe6a2119596b03ed22c320e7a248cdc9,4,D20,0.792298,0.79592,0.411176,0.306814,0.74584,2,1.49168,20.21860745894559,85.77013206577512,NH-16 (DEMO),SEG-028,2026-09-28,SYNTHETIC DEMO - NOT REAL GPS,Medium
India_004563_jpg.rf.fe6a2119596b03ed22c320e7a248cdc9,4,D20,0.735642,0.759585,0.363204,0.334793,0.343701,2,0.687402,20.30989348101357,85.85549340400178,NH-16 (DEMO),SEG-028,2026-09-28,SYNTHETIC DEMO - NOT REAL GPS,Medium
India_004563_jpg.rf.fe6a2119596b03ed22c320e7a248cdc9,7,D44,0.693015,0.710618,0.161582,0.16049,0.175594,3,0.526782,20.173835256884473,85.78061480911569,NH-16 (DEMO),SEG-028,2026-09-28,SYNTHETIC DEMO - NOT REAL GPS,Medium
India_004563_jpg.rf.fe6a2119596b03ed22c320e7a248cdc9,7,D44,0.711458,0.735448,0.181667,0.184469,0.123054,3,0.369162,20.253273191002755,85.85144883722222,NH-16 (DEMO),SEG-028,2026-09-28,SYNTHETIC DEMO - NOT REAL GPS,Low
India_004563_jpg.rf.fe6a2119596b03ed22c320e7a248cdc9,4,D20,0.62415,0.786797,0.751699,0.337198,0.121545,2,0.24309,20.24418811434904,85.79078233502415,NH-16 (DEMO),SEG-028,2026-09-28,SYNTHETIC DEMO - NOT REAL GPS,Low
India_004563_jpg.rf.fe6a2119596b03ed22c320e7a248cdc9,4,D20,0.842141,0.826633,0.315717,0.279668,0.109517,2,0.219034,20.280420283132553,85.8405600901513,NH-16 (DEMO),SEG-028,2026-09-28,SYNTHETIC DEMO - NOT REAL GPS,Low
India_004563_jpg.rf.fe6a2119596b03ed22c320e7a248cdc9,0,D00,0.701476,0.728978,0.194074,0.19779,0.0799537,3,0.2398611,20.196142672023914,85.74164510856178,NH-16 (DEMO),SEG-028,2026-09-28,SYNTHETIC DEMO - NOT REAL GPS,Low
India_004563_jpg.rf.fe6a2119596b03ed22c320e7a248cdc9,0,D00,0.674812,0.710105,0.211773,0.191257,0.057617,3,0.172851,20.276932918527226,85.86794403514536,NH-16 (DEMO),SEG-028,2026-09-28,SYNTHETIC DEMO - NOT REAL GPS,Low
India_004563_jpg.rf.fe6a2119596b03ed22c320e7a248cdc9,7,D44,0.669765,0.694703,0.195598,0.168883,0.0515166,3,0.1545498,20.23027744125998,85.79688958252783,NH-16 (DEMO),SEG-028,2026-09-28,SYNTHETIC DEMO - NOT REAL GPS,Low
India_004565_jpg.rf.20b25688a26856625ef1f4fba62e0a88,5,D40,0.738817,0.671869,0.0653892,0.0469872,0.0617722,2,0.1235444,20.268994364507144,85.7615677193002,NH-16 (DEMO),SEG-028,2026-09-28,SYNTHETIC DEMO - NOT REAL GPS,Low
India_004589_jpg.rf.959cf67ad01ddf82f064ca9659c2666d,4,D20,0.814067,0.76942,0.371866,0.268512,0.522714,2,1.045428,20.176415201579644,85.75863833701837,NH-16 (DEMO),SEG-028,2026-09-28,SYNTHETIC DEMO - NOT REAL GPS,Medium
India_004589_jpg.rf.959cf67ad01ddf82f064ca9659c2666d,4,D20,0.604145,0.760021,0.791709,0.264553,0.390978,2,0.781956,20.24387635154952,85.76241236617199,NH-16 (DEMO),SEG-028,2026-09-28,SYNTHETIC DEMO - NOT REAL GPS,Medium
India_004589_jpg.rf.959cf67ad01ddf82f064ca9659c2666d,4,D20,0.859273,0.777992,0.281455,0.246159,0.288483,2,0.576966,20.25356014303718,85.77867586766688,NH-16 (DEMO),SEG-028,2026-09-28,SYNTHETIC DEMO - NOT REAL GPS,Medium
India_004589_jpg.rf.959cf67ad01ddf82f064ca9659c2666d,4,D20,0.512899,0.798955,0.962769,0.252244,0.106805,2,0.21361,20.204292224456797,85.83480312522809,NH-16 (DEMO),SEG-028,2026-09-28,SYNTHETIC DEMO - NOT REAL GPS,Low
India_004589_jpg.rf.959cf67ad01ddf82f064ca9659c2666d,4,D20,0.680567,0.784546,0.638865,0.254141,0.0711048,2,0.1422096,20.192339784668658,85.87193648686413,NH-16 (DEMO),SEG-028,2026-09-28,SYNTHETIC DEMO - NOT REAL GPS,Low
India_004650_jpg.rf.236ba1d6a65bf36a81ef3d4a16857abf,4,D20,0.535983,0.839106,0.718963,0.306415,0.0568251,2,0.1136502,20.20015588848197,85.82704598881978,NH-16 (DEMO),SEG-028,2026-09-28,SYNTHETIC DEMO - NOT REAL GPS,Low
India_004689_jpg.rf.b248b051ec38ab871d7314ad1265c2ea,4,D20,0.43133,0.847819,0.855016,0.297221,0.81815,2,1.6363,20.225062572490135,85.80754660335106,NH-16 (DEMO),SEG-028,2026-09-28,SYNTHETIC DEMO - NOT REAL GPS,High
India_004689_jpg.rf.b248b051ec38ab871d7314ad1265c2ea,4,D20,0.416984,0.859929,0.498229,0.280142,0.231949,2,0.463898,20.185489623888795,85.79177564928274,NH-16 (DEMO),SEG-028,2026-09-28,SYNTHETIC DEMO - NOT REAL GPS,Low
India_004689_jpg.rf.b248b051ec38ab871d7314ad1265c2ea,4,D20,0.177301,0.874729,0.352053,0.249502,0.209183,2,0.418366,20.321571167316737,85.85251111472601,NH-16 (DEMO),SEG-028,2026-09-28,SYNTHETIC DEMO - NOT REAL GPS,Low
India_004689_jpg.rf.b248b051ec38ab871d7314ad1265c2ea,4,D20,0.376041,0.875745,0.652638,0.24851,0.166477,2,0.332954,20.23479904983933,85.85594515239137,NH-16 (DEMO),SEG-028,2026-09-28,SYNTHETIC DEMO - NOT REAL GPS,Low
India_004689_jpg.rf.b248b051ec38ab871d7314ad1265c2ea,4,D20,0.509996,0.85602,0.529638,0.266816,0.148426,2,0.296852,20.29943513640108,85.76688602790925,NH-16 (DEMO),SEG-028,2026-09-28,SYNTHETIC DEMO - NOT REAL GPS,Low
India_004689_jpg.rf.b248b051ec38ab871d7314ad1265c2ea,4,D20,0.251719,0.867587,0.483047,0.264826,0.0617423,2,0.1234846,20.325906739697416,85.87254723978455,NH-16 (DEMO),SEG-028,2026-09-28,SYNTHETIC DEMO - NOT REAL GPS,Low
India_004694_jpg.rf.2ced8bec0fe482acaa388121087887f0,7,D44,0.269902,0.669754,0.178686,0.133748,0.0525956,3,0.1577868,20.182917644800437,85.78321845811301,NH-16 (DEMO),SEG-028,2026-09-28,SYNTHETIC DEMO - NOT REAL GPS,Low
India_004698_jpg.rf.42a189fc35a01796346d63ff931ad8ed,4,D20,0.545806,0.732342,0.85179,0.26574,0.21164,2,0.42328,20.2742671148696,85.84801249107065,NH-16 (DEMO),SEG-028,2026-09-28,SYNTHETIC DEMO - NOT REAL GPS,Low
India_004703_jpg.rf.3696ef65ada0645788cfe3bc36096dc1,4,D20,0.400987,0.737394,0.776561,0.272764,0.218665,2,0.43733,20.309425453878593,85.87469118049316,NH-16 (DEMO),SEG-028,2026-09-28,SYNTHETIC DEMO - NOT REAL GPS,Low
India_004719_jpg.rf.d69119d30e04017e74c8f4ebe8ab2c30,4,D20,0.284062,0.890644,0.563432,0.21793,0.21311,2,0.42622,20.271477509434675,85.8325852961369,NH-16 (DEMO),SEG-028,2026-09-28,SYNTHETIC DEMO - NOT REAL GPS,Low
India_004719_jpg.rf.d69119d30e04017e74c8f4ebe8ab2c30,5,D40,0.319055,0.910068,0.577793,0.179864,0.178127,2,0.356254,20.238644179417186,85.74584811623218,NH-16 (DEMO),SEG-028,2026-09-28,SYNTHETIC DEMO - NOT REAL GPS,Low
India_004719_jpg.rf.d69119d30e04017e74c8f4ebe8ab2c30,4,D20,0.373668,0.924325,0.747337,0.15135,0.106791,2,0.213582,20.23897221722207,85.81378191282782,NH-16 (DEMO),SEG-028,2026-09-28,SYNTHETIC DEMO - NOT REAL GPS,Low
India_004719_jpg.rf.d69119d30e04017e74c8f4ebe8ab2c30,4,D20,0.441401,0.877959,0.859341,0.244082,0.0954032,2,0.1908064,20.175743821761177,85.73900433969528,NH-16 (DEMO),SEG-028,2026-09-28,SYNTHETIC DEMO - NOT REAL GPS,Low
India_004719_jpg.rf.d69119d30e04017e74c8f4ebe8ab2c30,5,D40,0.323357,0.882456,0.49775,0.235087,0.0529357,2,0.1058714,20.255536120206283,85.84626272637902,NH-16 (DEMO),SEG-028,2026-09-28,SYNTHETIC DEMO - NOT REAL GPS,Low
India_004721_jpg.rf.a6d025fd7f97712aa13be605958ed0d8,4,D20,0.398457,0.777755,0.755058,0.240685,0.131386,2,0.262772,20.328966879485897,85.76501042781982,NH-16 (DEMO),SEG-028,2026-09-28,SYNTHETIC DEMO - NOT REAL GPS,Low
India_004727_jpg.rf.c90a3d9d2f795bd1b4aa506c525cc4e6,4,D20,0.375059,0.856279,0.745324,0.287442,0.983064,2,1.966128,20.323393204155508,85.8312343716896,NH-16 (DEMO),SEG-028,2026-09-28,SYNTHETIC DEMO - NOT REAL GPS,High
India_004727_jpg.rf.c90a3d9d2f795bd1b4aa506c525cc4e6,4,D20,0.498593,0.875864,0.833817,0.248272,0.389184,2,0.778368,20.176463876614747,85.86561434786083,NH-16 (DEMO),SEG-028,2026-09-28,SYNTHETIC DEMO - NOT REAL GPS,Medium
India_004727_jpg.rf.c90a3d9d2f795bd1b4aa506c525cc4e6,5,D40,0.428829,0.85405,0.561405,0.2919,0.155223,2,0.310446,20.282927520580717,85.74896157610722,NH-16 (DEMO),SEG-028,2026-09-28,SYNTHETIC DEMO - NOT REAL GPS,Low
India_004727_jpg.rf.c90a3d9d2f795bd1b4aa506c525cc4e6,5,D40,0.321168,0.861869,0.593151,0.27263,0.08708,2,0.17416,20.21828237867151,85.78285725417618,NH-16 (DEMO),SEG-028,2026-09-28,SYNTHETIC DEMO - NOT REAL GPS,Low
India_004727_jpg.rf.c90a3d9d2f795bd1b4aa506c525cc4e6,5,D40,0.411615,0.810071,0.538661,0.273976,0.0811379,2,0.1622758,20.31447826454498,85.82353900609176,NH-16 (DEMO),SEG-028,2026-09-28,SYNTHETIC DEMO - NOT REAL GPS,Low
India_004727_jpg.rf.c90a3d9d2f795bd1b4aa506c525cc4e6,4,D20,0.523028,0.865082,0.559555,0.269836,0.075936,2,0.151872,20.177218359313486,85.78714537484952,NH-16 (DEMO),SEG-028,2026-09-28,SYNTHETIC DEMO - NOT REAL GPS,Low
India_004727_jpg.rf.c90a3d9d2f795bd1b4aa506c525cc4e6,4,D20,0.220994,0.857563,0.432629,0.284875,0.0523843,2,0.1047686,20.319739856321775,85.74797103065995,NH-16 (DEMO),SEG-028,2026-09-28,SYNTHETIC DEMO - NOT REAL GPS,Low
India_004743_jpg.rf.83b26d9610dc4ad6cc00d5236a5d3d01,7,D44,0.33899,0.900705,0.169343,0.181727,0.798206,3,2.394618,20.303996119006044,85.724651458267,NH-16 (DEMO),SEG-028,2026-09-28,SYNTHETIC DEMO - NOT REAL GPS,High
India_004743_jpg.rf.83b26d9610dc4ad6cc00d5236a5d3d01,4,D20,0.223622,0.873581,0.428877,0.252838,0.537018,2,1.074036,20.188800701160417,85.78505570299231,NH-16 (DEMO),SEG-028,2026-09-28,SYNTHETIC DEMO - NOT REAL GPS,Medium
India_004743_jpg.rf.83b26d9610dc4ad6cc00d5236a5d3d01,4,D20,0.482089,0.84847,0.914697,0.299917,0.489785,2,0.97957,20.179571893970767,85.82387344425311,NH-16 (DEMO),SEG-028,2026-09-28,SYNTHETIC DEMO - NOT REAL GPS,Medium
India_004743_jpg.rf.83b26d9610dc4ad6cc00d5236a5d3d01,7,D44,0.333328,0.895593,0.217579,0.203889,0.42155,3,1.26465,20.30355322629231,85.8118374733044,NH-16 (DEMO),SEG-028,2026-09-28,SYNTHETIC DEMO - NOT REAL GPS,Medium
India_004743_jpg.rf.83b26d9610dc4ad6cc00d5236a5d3d01,4,D20,0.327463,0.868864,0.654925,0.262273,0.334294,2,0.668588,20.194921227355934,85.7449985983617,NH-16 (DEMO),SEG-028,2026-09-28,SYNTHETIC DEMO - NOT REAL GPS,Medium
India_004743_jpg.rf.83b26d9610dc4ad6cc00d5236a5d3d01,7,D44,0.320129,0.915995,0.18374,0.161733,0.308061,3,0.924183,20.255583704476138,85.79211095101878,NH-16 (DEMO),SEG-028,2026-09-28,SYNTHETIC DEMO - NOT REAL GPS,Medium
India_004743_jpg.rf.83b26d9610dc4ad6cc00d5236a5d3d01,7,D44,0.355158,0.884813,0.132893,0.16159,0.242271,3,0.7268129999999999,20.316519177260595,85.779115367389,NH-16 (DEMO),SEG-028,2026-09-28,SYNTHETIC DEMO - NOT REAL GPS,Medium
India_004743_jpg.rf.83b26d9610dc4ad6cc00d5236a5d3d01,4,D20,0.147172,0.874414,0.294344,0.251171,0.22956,2,0.45912,20.260791698167893,85.76387238436695,NH-16 (DEMO),SEG-028,2026-09-28,SYNTHETIC DEMO - NOT REAL GPS,Low
India_004743_jpg.rf.83b26d9610dc4ad6cc00d5236a5d3d01,0,D00,0.331069,0.897842,0.224328,0.199382,0.169212,3,0.507636,20.23355732823565,85.83668339901766,NH-16 (DEMO),SEG-028,2026-09-28,SYNTHETIC DEMO - NOT REAL GPS,Medium
India_004743_jpg.rf.83b26d9610dc4ad6cc00d5236a5d3d01,4,D20,0.273944,0.898875,0.332917,0.20225,0.114622,2,0.229244,20.24120256877664,85.76954432480434,NH-16 (DEMO),SEG-029,2026-09-28,SYNTHETIC DEMO - NOT REAL GPS,Low
India_004743_jpg.rf.83b26d9610dc4ad6cc00d5236a5d3d01,7,D44,0.366421,0.869845,0.0989853,0.11955,0.0863197,3,0.2589591,20.18009874731262,85.80642271237328,NH-16 (DEMO),SEG-029,2026-09-28,SYNTHETIC DEMO - NOT REAL GPS,Low
India_004743_jpg.rf.83b26d9610dc4ad6cc00d5236a5d3d01,7,D44,0.263078,0.9433,0.0700108,0.113399,0.0638656,3,0.1915967999999999,20.325000371417858,85.86771576564314,NH-16 (DEMO),SEG-029,2026-09-28,SYNTHETIC DEMO - NOT REAL GPS,Low
India_004743_jpg.rf.83b26d9610dc4ad6cc00d5236a5d3d01,7,D44,0.301819,0.930786,0.141778,0.137354,0.059504,3,0.178512,20.219704669612973,85.80628415716058,NH-16 (DEMO),SEG-029,2026-09-28,SYNTHETIC DEMO - NOT REAL GPS,Low
India_004747_jpg.rf.712df5970072526a2133ed0c14ca124c,7,D44,0.694184,0.86511,0.139752,0.165804,0.053434,3,0.160302,20.200298158667657,85.81872366562568,NH-16 (DEMO),SEG-029,2026-09-28,SYNTHETIC DEMO - NOT REAL GPS,Low
India_004749_jpg.rf.07bf205900df77c334ff603115b126bb,4,D20,0.403154,0.782995,0.785949,0.257404,0.607261,2,1.214522,20.215767568294464,85.7317193577868,NH-16 (DEMO),SEG-029,2026-09-28,SYNTHETIC DEMO - NOT REAL GPS,Medium
India_004749_jpg.rf.07bf205900df77c334ff603115b126bb,5,D40,0.327952,0.794733,0.572573,0.286851,0.1733,2,0.3466,20.324299711182636,85.74850146299868,NH-16 (DEMO),SEG-029,2026-09-28,SYNTHETIC DEMO - NOT REAL GPS,Low
India_004749_jpg.rf.07bf205900df77c334ff603115b126bb,5,D40,0.493301,0.689012,0.101671,0.0481466,0.131003,2,0.262006,20.185085768558082,85.7361521918877,NH-16 (DEMO),SEG-029,2026-09-28,SYNTHETIC DEMO - NOT REAL GPS,Low
India_004749_jpg.rf.07bf205900df77c334ff603115b126bb,5,D40,0.271988,0.760767,0.53642,0.259914,0.118133,2,0.236266,20.30876848648019,85.84237007173694,NH-16 (DEMO),SEG-029,2026-09-28,SYNTHETIC DEMO - NOT REAL GPS,Low
India_004749_jpg.rf.07bf205900df77c334ff603115b126bb,5,D40,0.409776,0.769007,0.54943,0.279866,0.1023,2,0.2046,20.283255023104232,85.85374737294669,NH-16 (DEMO),SEG-029,2026-09-28,SYNTHETIC DEMO - NOT REAL GPS,Low
India_004749_jpg.rf.07bf205900df77c334ff603115b126bb,5,D40,0.491005,0.710822,0.0875935,0.0529421,0.0927962,2,0.1855924,20.302803068665444,85.74983284691113,NH-16 (DEMO),SEG-029,2026-09-28,SYNTHETIC DEMO - NOT REAL GPS,Low
India_004749_jpg.rf.07bf205900df77c334ff603115b126bb,5,D40,0.473856,0.700637,0.158909,0.102809,0.0926209,2,0.1852418,20.326143606458864,85.75508348014769,NH-16 (DEMO),SEG-029,2026-09-28,SYNTHETIC DEMO - NOT REAL GPS,Low
India_004749_jpg.rf.07bf205900df77c334ff603115b126bb,5,D40,0.472491,0.72677,0.142825,0.136991,0.0911339,2,0.1822678,20.3047447448827,85.77171316631885,NH-16 (DEMO),SEG-029,2026-09-28,SYNTHETIC DEMO - NOT REAL GPS,Low
India_004749_jpg.rf.07bf205900df77c334ff603115b126bb,5,D40,0.257723,0.823269,0.499159,0.349006,0.0894953,2,0.1789906,20.320941176204457,85.81457241871261,NH-16 (DEMO),SEG-029,2026-09-28,SYNTHETIC DEMO - NOT REAL GPS,Low
India_004749_jpg.rf.07bf205900df77c334ff603115b126bb,4,D20,0.323387,0.813084,0.646774,0.346488,0.0733088,2,0.1466176,20.190309641086547,85.819487391008,NH-16 (DEMO),SEG-029,2026-09-28,SYNTHETIC DEMO - NOT REAL GPS,Low
India_004749_jpg.rf.07bf205900df77c334ff603115b126bb,5,D40,0.44319,0.754415,0.212413,0.188009,0.0548053,2,0.1096106,20.297326170426714,85.82988063336663,NH-16 (DEMO),SEG-029,2026-09-28,SYNTHETIC DEMO - NOT REAL GPS,Low
India_004749_jpg.rf.07bf205900df77c334ff603115b126bb,5,D40,0.458919,0.726633,0.143476,0.0957385,0.0530471,2,0.1060942,20.257308111052968,85.86483084099414,NH-16 (DEMO),SEG-029,2026-09-28,SYNTHETIC DEMO - NOT REAL GPS,Low
India_004749_jpg.rf.07bf205900df77c334ff603115b126bb,5,D40,0.442611,0.689744,0.246789,0.097699,0.0512114,2,0.1024228,20.256959295212777,85.76720642247945,NH-16 (DEMO),SEG-029,2026-09-28,SYNTHETIC DEMO - NOT REAL GPS,Low
India_004766_jpg.rf.fb732693fc9b040a85d9e4ff8574f470,4,D20,0.320909,0.82224,0.447749,0.355519,0.0671681,2,0.1343362,20.31382745221128,85.82540143827308,NH-16 (DEMO),SEG-029,2026-09-28,SYNTHETIC DEMO - NOT REAL GPS,Low
India_004792_jpg.rf.ee3ccc26793d83f351ca0d9e91647811,4,D20,0.51297,0.8714,0.942781,0.254653,0.294185,2,0.58837,20.325488610983474,85.80955565532443,NH-16 (DEMO),SEG-029,2026-09-28,SYNTHETIC DEMO - NOT REAL GPS,Medium
India_004792_jpg.rf.ee3ccc26793d83f351ca0d9e91647811,4,D20,0.666315,0.880533,0.66737,0.236187,0.0671073,2,0.1342146,20.28277413168691,85.76893395846601,NH-16 (DEMO),SEG-029,2026-09-28,SYNTHETIC DEMO - NOT REAL GPS,Low
India_004886_jpg.rf.462c5bcd2c3568d07ae5af488eadf3d1,4,D20,0.48329,0.863576,0.921417,0.271505,0.779237,2,1.558474,20.247270142315486,85.86518642985499,NH-16 (DEMO),SEG-029,2026-09-28,SYNTHETIC DEMO - NOT REAL GPS,High
India_004886_jpg.rf.462c5bcd2c3568d07ae5af488eadf3d1,4,D20,0.479221,0.81763,0.90385,0.270655,0.165656,2,0.331312,20.243024617264297,85.73527734591347,NH-16 (DEMO),SEG-029,2026-09-28,SYNTHETIC DEMO - NOT REAL GPS,Low
India_004886_jpg.rf.462c5bcd2c3568d07ae5af488eadf3d1,7,D44,0.335408,0.964491,0.0629131,0.0673099,0.135719,3,0.407157,20.231814633155707,85.83392016429312,NH-16 (DEMO),SEG-029,2026-09-28,SYNTHETIC DEMO - NOT REAL GPS,Low
India_004886_jpg.rf.462c5bcd2c3568d07ae5af488eadf3d1,7,D44,0.346667,0.965424,0.0718327,0.0691517,0.0744332,3,0.2232996,20.227855844731625,85.83645979408361,NH-16 (DEMO),SEG-029,2026-09-28,SYNTHETIC DEMO - NOT REAL GPS,Low
India_004886_jpg.rf.462c5bcd2c3568d07ae5af488eadf3d1,5,D40,0.512466,0.911943,0.508877,0.175487,0.0735902,2,0.1471804,20.23264109466951,85.86645224443039,NH-16 (DEMO),SEG-029,2026-09-28,SYNTHETIC DEMO - NOT REAL GPS,Low
India_004897_jpg.rf.ac24340cbf8e83b847cbdc5bce1af2a2,4,D20,0.246371,0.842717,0.474057,0.314566,0.144255,2,0.28851,20.18436051764019,85.80297289477622,NH-16 (DEMO),SEG-029,2026-09-28,SYNTHETIC DEMO - NOT REAL GPS,Low
India_004897_jpg.rf.ac24340cbf8e83b847cbdc5bce1af2a2,4,D20,0.349559,0.844613,0.694233,0.307434,0.12592,2,0.25184,20.18238977364167,85.77145957411507,NH-16 (DEMO),SEG-029,2026-09-28,SYNTHETIC DEMO - NOT REAL GPS,Low
India_004897_jpg.rf.ac24340cbf8e83b847cbdc5bce1af2a2,4,D20,0.50396,0.834907,0.932567,0.292411,0.0611369,2,0.1222738,20.29477917501957,85.8524385071776,NH-16 (DEMO),SEG-029,2026-09-28,SYNTHETIC DEMO - NOT REAL GPS,Low
India_004937_jpg.rf.536e680206eee764e3ac44921723cca8,4,D20,0.633198,0.835754,0.458393,0.328492,0.167221,2,0.334442,20.241371662867238,85.84332964509318,NH-16 (DEMO),SEG-029,2026-09-28,SYNTHETIC DEMO - NOT REAL GPS,Low
India_004940_jpg.rf.dbbe672a322dd6a9b7997dad8b5cf1bc,5,D40,0.432089,0.786459,0.128936,0.079358,0.26664,2,0.53328,20.31890951816714,85.80005049830712,NH-16 (DEMO),SEG-029,2026-09-28,SYNTHETIC DEMO - NOT REAL GPS,Medium
India_004940_jpg.rf.dbbe672a322dd6a9b7997dad8b5cf1bc,5,D40,0.43886,0.782977,0.207863,0.0890233,0.199982,2,0.399964,20.267955361375034,85.8428571801014,NH-16 (DEMO),SEG-029,2026-09-28,SYNTHETIC DEMO - NOT REAL GPS,Low
India_004940_jpg.rf.dbbe672a322dd6a9b7997dad8b5cf1bc,5,D40,0.502739,0.780922,0.407152,0.103847,0.12908,2,0.25816,20.175628157149507,85.76286009633236,NH-16 (DEMO),SEG-029,2026-09-28,SYNTHETIC DEMO - NOT REAL GPS,Low
India_004940_jpg.rf.dbbe672a322dd6a9b7997dad8b5cf1bc,5,D40,0.516874,0.78612,0.294213,0.0916241,0.0585037,2,0.1170074,20.195203734610796,85.81432101286455,NH-16 (DEMO),SEG-029,2026-09-28,SYNTHETIC DEMO - NOT REAL GPS,Low
India_004954_jpg.rf.0b02e243da8cc93e82379cf9067cb8d7,5,D40,0.666676,0.699185,0.153998,0.0851537,0.0558165,2,0.111633,20.20293116688208,85.85842935276605,NH-16 (DEMO),SEG-029,2026-09-28,SYNTHETIC DEMO - NOT REAL GPS,Low
India_004984_jpg.rf.7456b12fc38186a473eccb930402413b,4,D20,0.477404,0.629566,0.89986,0.286942,0.262932,2,0.525864,20.326117763902346,85.77087752073864,NH-16 (DEMO),SEG-029,2026-09-28,SYNTHETIC DEMO - NOT REAL GPS,Medium
India_004984_jpg.rf.7456b12fc38186a473eccb930402413b,4,D20,0.451281,0.710386,0.882362,0.428743,0.138285,2,0.27657,20.20499267618426,85.79736799718891,NH-16 (DEMO),SEG-029,2026-09-28,SYNTHETIC DEMO - NOT REAL GPS,Low
India_004984_jpg.rf.7456b12fc38186a473eccb930402413b,4,D20,0.482194,0.588149,0.854805,0.244549,0.115645,2,0.23129,20.252520908206087,85.87216717666766,NH-16 (DEMO),SEG-029,2026-09-28,SYNTHETIC DEMO - NOT REAL GPS,Low
India_004984_jpg.rf.7456b12fc38186a473eccb930402413b,5,D40,0.609325,0.569487,0.449844,0.281107,0.0973588,2,0.1947176,20.31978830906243,85.84771389471547,NH-16 (DEMO),SEG-029,2026-09-28,SYNTHETIC DEMO - NOT REAL GPS,Low
India_004984_jpg.rf.7456b12fc38186a473eccb930402413b,5,D40,0.47558,0.559289,0.0980229,0.0435183,0.0528531,2,0.1057062,20.326350836786297,85.86192624325288,NH-16 (DEMO),SEG-029,2026-09-28,SYNTHETIC DEMO - NOT REAL GPS,Low
India_005001_jpg.rf.feb2c29ecfa47433a2ec5deee46b1ed0,4,D20,0.427624,0.760578,0.83569,0.250252,0.0863593,2,0.1727186,20.207817669661367,85.78163952974246,NH-16 (DEMO),SEG-029,2026-09-28,SYNTHETIC DEMO - NOT REAL GPS,Low
India_005016_jpg.rf.f987f20c6fc6aab42663421024251648,4,D20,0.517032,0.889027,0.929852,0.221575,0.14861,2,0.29722,20.177858823000005,85.87944084154152,NH-16 (DEMO),SEG-029,2026-09-28,SYNTHETIC DEMO - NOT REAL GPS,Low
India_005016_jpg.rf.f987f20c6fc6aab42663421024251648,4,D20,0.663695,0.886671,0.672609,0.224886,0.0503442,2,0.1006884,20.19457629320604,85.74441049674941,NH-16 (DEMO),SEG-029,2026-09-28,SYNTHETIC DEMO - NOT REAL GPS,Low
India_005030_jpg.rf.36e8c7ef9d9cda4c46a6c864c6b22f7b,4,D20,0.431794,0.832271,0.859692,0.298067,0.649615,2,1.29923,20.180132556592408,85.8030032933146,NH-16 (DEMO),SEG-029,2026-09-28,SYNTHETIC DEMO - NOT REAL GPS,Medium
India_005030_jpg.rf.36e8c7ef9d9cda4c46a6c864c6b22f7b,4,D20,0.383465,0.868627,0.76693,0.262746,0.0841477,2,0.1682954,20.201219878574772,85.7966837411674,NH-16 (DEMO),SEG-029,2026-09-28,SYNTHETIC DEMO - NOT REAL GPS,Low
India_005030_jpg.rf.36e8c7ef9d9cda4c46a6c864c6b22f7b,5,D40,0.473657,0.790272,0.576838,0.283059,0.0758063,2,0.1516126,20.260971154352596,85.84774915052802,NH-16 (DEMO),SEG-029,2026-09-28,SYNTHETIC DEMO - NOT REAL GPS,Low
India_005032_jpg.rf.aae4e1844d1cd764481ea39dc55c852c,4,D20,0.505297,0.889957,0.953288,0.219832,0.724581,2,1.449162,20.315991807407304,85.8653788436024,NH-16 (DEMO),SEG-029,2026-09-28,SYNTHETIC DEMO - NOT REAL GPS,Medium
India_005032_jpg.rf.aae4e1844d1cd764481ea39dc55c852c,4,D20,0.511033,0.873485,0.277563,0.253029,0.308844,2,0.617688,20.255955021391095,85.83698230030528,NH-16 (DEMO),SEG-029,2026-09-28,SYNTHETIC DEMO - NOT REAL GPS,Medium
India_005032_jpg.rf.aae4e1844d1cd764481ea39dc55c852c,4,D20,0.522322,0.878122,0.566491,0.243756,0.25487,2,0.50974,20.270158329071855,85.82029059778084,NH-16 (DEMO),SEG-029,2026-09-28,SYNTHETIC DEMO - NOT REAL GPS,Medium
India_005032_jpg.rf.aae4e1844d1cd764481ea39dc55c852c,4,D20,0.635939,0.887796,0.501818,0.224408,0.133431,2,0.266862,20.202298760257527,85.78838867053575,NH-16 (DEMO),SEG-029,2026-09-28,SYNTHETIC DEMO - NOT REAL GPS,Low
India_005032_jpg.rf.aae4e1844d1cd764481ea39dc55c852c,4,D20,0.439921,0.888971,0.61683,0.222057,0.100022,2,0.200044,20.298093379307815,85.80165214673211,NH-16 (DEMO),SEG-030,2026-09-28,SYNTHETIC DEMO - NOT REAL GPS,Low
India_005032_jpg.rf.aae4e1844d1cd764481ea39dc55c852c,5,D40,0.361208,0.738071,0.0972615,0.0549471,0.0828219,2,0.1656438,20.268846225360893,85.80148805011596,NH-16 (DEMO),SEG-030,2026-09-28,SYNTHETIC DEMO - NOT REAL GPS,Low
India_005032_jpg.rf.aae4e1844d1cd764481ea39dc55c852c,0,D00,0.538507,0.848589,0.126105,0.281615,0.0676011,3,0.2028033,20.308261892670835,85.7232589557895,NH-16 (DEMO),SEG-030,2026-09-28,SYNTHETIC DEMO - NOT REAL GPS,Low
India_005032_jpg.rf.aae4e1844d1cd764481ea39dc55c852c,4,D20,0.578072,0.871891,0.36337,0.256217,0.0632697,2,0.1265394,20.321814897120927,85.80048732877242,NH-16 (DEMO),SEG-030,2026-09-28,SYNTHETIC DEMO - NOT REAL GPS,Low
India_005032_jpg.rf.aae4e1844d1cd764481ea39dc55c852c,5,D40,0.449366,0.783472,0.0908746,0.0385394,0.05139,2,0.10278,20.225664124121053,85.85695532802785,NH-16 (DEMO),SEG-030,2026-09-28,SYNTHETIC DEMO - NOT REAL GPS,Low
India_005038_jpg.rf.be37c7ac0e2cf736b484ec958cf5e263,4,D20,0.752103,0.882337,0.235106,0.215099,0.244416,2,0.488832,20.18449264936567,85.83348384178275,NH-16 (DEMO),SEG-030,2026-09-28,SYNTHETIC DEMO - NOT REAL GPS,Low
India_005038_jpg.rf.be37c7ac0e2cf736b484ec958cf5e263,0,D00,0.749752,0.906538,0.150972,0.185055,0.113089,3,0.339267,20.206148633266686,85.84731337954,NH-16 (DEMO),SEG-030,2026-09-28,SYNTHETIC DEMO - NOT REAL GPS,Low
India_005038_jpg.rf.be37c7ac0e2cf736b484ec958cf5e263,5,D40,0.521059,0.737266,0.0982212,0.044229,0.107229,2,0.214458,20.240054650508135,85.78247759836296,NH-16 (DEMO),SEG-030,2026-09-28,SYNTHETIC DEMO - NOT REAL GPS,Low
India_005038_jpg.rf.be37c7ac0e2cf736b484ec958cf5e263,4,D20,0.721327,0.87423,0.239784,0.24609,0.0686866,2,0.1373732,20.321310984291916,85.80463571790607,NH-16 (DEMO),SEG-030,2026-09-28,SYNTHETIC DEMO - NOT REAL GPS,Low
India_005038_jpg.rf.be37c7ac0e2cf736b484ec958cf5e263,5,D40,0.511975,0.730401,0.132968,0.0578141,0.0652522,2,0.1305044,20.230529571579748,85.72535737103954,NH-16 (DEMO),SEG-030,2026-09-28,SYNTHETIC DEMO - NOT REAL GPS,Low
India_005038_jpg.rf.be37c7ac0e2cf736b484ec958cf5e263,0,D00,0.734091,0.877891,0.185711,0.236561,0.0633831,3,0.1901493,20.29332371418646,85.7812796707471,NH-16 (DEMO),SEG-030,2026-09-28,SYNTHETIC DEMO - NOT REAL GPS,Low
India_005038_jpg.rf.be37c7ac0e2cf736b484ec958cf5e263,4,D20,0.570906,0.892632,0.749152,0.21473,0.0564748,2,0.1129496,20.25647627074732,85.79590656718283,NH-16 (DEMO),SEG-030,2026-09-28,SYNTHETIC DEMO - NOT REAL GPS,Low
India_005038_jpg.rf.be37c7ac0e2cf736b484ec958cf5e263,5,D40,0.525316,0.713775,0.197828,0.101028,0.0561196,2,0.1122392,20.199249403268958,85.76083342393585,NH-16 (DEMO),SEG-030,2026-09-28,SYNTHETIC DEMO - NOT REAL GPS,Low
India_005038_jpg.rf.be37c7ac0e2cf736b484ec958cf5e263,4,D20,0.747206,0.886483,0.153932,0.1868,0.0507514,2,0.1015028,20.22131745903255,85.7249985566385,NH-16 (DEMO),SEG-030,2026-09-28,SYNTHETIC DEMO - NOT REAL GPS,Low
India_005097_jpg.rf.f462bd0025b1378777d80a7073c97ea2,0,D00,0.537986,0.733624,0.0695879,0.253576,0.05472,3,0.16416,20.274510701603653,85.83046529740463,NH-16 (DEMO),SEG-030,2026-09-28,SYNTHETIC DEMO - NOT REAL GPS,Low
India_005097_jpg.rf.f462bd0025b1378777d80a7073c97ea2,0,D00,0.53776,0.763758,0.0521221,0.194539,0.0507718,3,0.1523154,20.277656543149583,85.78961404013582,NH-16 (DEMO),SEG-030,2026-09-28,SYNTHETIC DEMO - NOT REAL GPS,Low
India_005114_jpg.rf.80bef6d2831e72163540588c053185e2,4,D20,0.504366,0.844798,0.945934,0.301511,0.841984,2,1.683968,20.23956155948945,85.78650851089796,NH-16 (DEMO),SEG-030,2026-09-28,SYNTHETIC DEMO - NOT REAL GPS,High
India_005114_jpg.rf.80bef6d2831e72163540588c053185e2,4,D20,0.393955,0.870717,0.785319,0.257937,0.177598,2,0.355196,20.20658329642594,85.75999788064456,NH-16 (DEMO),SEG-030,2026-09-28,SYNTHETIC DEMO - NOT REAL GPS,Low
India_005114_jpg.rf.80bef6d2831e72163540588c053185e2,4,D20,0.684019,0.868329,0.631963,0.256512,0.0699237,2,0.1398474,20.28550508472203,85.80605286383968,NH-16 (DEMO),SEG-030,2026-09-28,SYNTHETIC DEMO - NOT REAL GPS,Low
India_005186_jpg.rf.2e257f9d2786c49f0ee445795475805b,4,D20,0.511914,0.780856,0.949489,0.242394,0.267745,2,0.53549,20.197019686658034,85.79008428500332,NH-16 (DEMO),SEG-030,2026-09-28,SYNTHETIC DEMO - NOT REAL GPS,Medium
India_005186_jpg.rf.2e257f9d2786c49f0ee445795475805b,4,D20,0.476099,0.817112,0.93946,0.259239,0.142502,2,0.285004,20.31986715069842,85.79583751568465,NH-16 (DEMO),SEG-030,2026-09-28,SYNTHETIC DEMO - NOT REAL GPS,Low
India_005186_jpg.rf.2e257f9d2786c49f0ee445795475805b,4,D20,0.693048,0.797583,0.613905,0.244103,0.0809249,2,0.1618498,20.200064572645836,85.81293941574982,NH-16 (DEMO),SEG-030,2026-09-28,SYNTHETIC DEMO - NOT REAL GPS,Low
India_005186_jpg.rf.2e257f9d2786c49f0ee445795475805b,4,D20,0.616378,0.768041,0.476364,0.25459,0.056818,2,0.113636,20.187169978053202,85.72101194355835,NH-16 (DEMO),SEG-030,2026-09-28,SYNTHETIC DEMO - NOT REAL GPS,Low
India_005226_jpg.rf.4f68afb526abdd37078415598b41c935,4,D20,0.557959,0.89411,0.842789,0.211235,0.199484,2,0.398968,20.249623632378462,85.86523134456614,NH-16 (DEMO),SEG-030,2026-09-28,SYNTHETIC DEMO - NOT REAL GPS,Low
India_005245_jpg.rf.edf684879cee06e14762d2a3108dd185,4,D20,0.499754,0.745785,0.953254,0.508431,0.51655,2,1.0331,20.253127935697552,85.7313739835112,NH-16 (DEMO),SEG-030,2026-09-28,SYNTHETIC DEMO - NOT REAL GPS,Medium
India_005245_jpg.rf.edf684879cee06e14762d2a3108dd185,4,D20,0.497245,0.647085,0.937229,0.378099,0.270506,2,0.541012,20.25131086636452,85.79214795957056,NH-16 (DEMO),SEG-030,2026-09-28,SYNTHETIC DEMO - NOT REAL GPS,Medium
India_005245_jpg.rf.edf684879cee06e14762d2a3108dd185,5,D40,0.347908,0.547373,0.250326,0.111119,0.180794,2,0.361588,20.239866798294216,85.7531796600383,NH-16 (DEMO),SEG-030,2026-09-28,SYNTHETIC DEMO - NOT REAL GPS,Low
India_005245_jpg.rf.edf684879cee06e14762d2a3108dd185,5,D40,0.663794,0.550352,0.598394,0.189865,0.136515,2,0.27303,20.329170382852737,85.80380517909917,NH-16 (DEMO),SEG-030,2026-09-28,SYNTHETIC DEMO - NOT REAL GPS,Low
India_005245_jpg.rf.edf684879cee06e14762d2a3108dd185,5,D40,0.43487,0.574875,0.547749,0.20554,0.1296,2,0.2592,20.247804898027294,85.76483681740754,NH-16 (DEMO),SEG-030,2026-09-28,SYNTHETIC DEMO - NOT REAL GPS,Low
India_005245_jpg.rf.edf684879cee06e14762d2a3108dd185,5,D40,0.308905,0.587078,0.590033,0.213972,0.124054,2,0.248108,20.246471452918374,85.85760103969001,NH-16 (DEMO),SEG-030,2026-09-28,SYNTHETIC DEMO - NOT REAL GPS,Low
India_005245_jpg.rf.edf684879cee06e14762d2a3108dd185,5,D40,0.567171,0.55607,0.624447,0.189893,0.111676,2,0.223352,20.23748257003433,85.78341757343398,NH-16 (DEMO),SEG-030,2026-09-28,SYNTHETIC DEMO - NOT REAL GPS,Low
India_005245_jpg.rf.edf684879cee06e14762d2a3108dd185,5,D40,0.31769,0.55188,0.344554,0.135941,0.0972522,2,0.1945044,20.180692120752234,85.82220088892295,NH-16 (DEMO),SEG-030,2026-09-28,SYNTHETIC DEMO - NOT REAL GPS,Low
India_005245_jpg.rf.edf684879cee06e14762d2a3108dd185,5,D40,0.74377,0.58731,0.496186,0.234953,0.078032,2,0.156064,20.264873060983938,85.75982075650366,NH-16 (DEMO),SEG-030,2026-09-28,SYNTHETIC DEMO - NOT REAL GPS,Low
India_005245_jpg.rf.edf684879cee06e14762d2a3108dd185,5,D40,0.317306,0.539753,0.224529,0.0802519,0.0746603,2,0.1493206,20.20647484355571,85.72310498407904,NH-16 (DEMO),SEG-030,2026-09-28,SYNTHETIC DEMO - NOT REAL GPS,Low
India_005245_jpg.rf.edf684879cee06e14762d2a3108dd185,5,D40,0.266612,0.639609,0.512373,0.28161,0.0734187,2,0.1468374,20.27201743683665,85.78466472569812,NH-16 (DEMO),SEG-030,2026-09-28,SYNTHETIC DEMO - NOT REAL GPS,Low
India_005245_jpg.rf.edf684879cee06e14762d2a3108dd185,5,D40,0.515514,0.534319,0.580909,0.201343,0.0530459,2,0.1060918,20.178133353911758,85.80583783832932,NH-16 (DEMO),SEG-030,2026-09-28,SYNTHETIC DEMO - NOT REAL GPS,Low
India_005286_jpg.rf.0b9e7d63ff905899de31ce55dbf19656,4,D20,0.377433,0.765383,0.735703,0.248301,0.730738,2,1.461476,20.32702193620048,85.79352754420188,NH-16 (DEMO),SEG-030,2026-09-28,SYNTHETIC DEMO - NOT REAL GPS,Medium
India_005286_jpg.rf.0b9e7d63ff905899de31ce55dbf19656,5,D40,0.516732,0.750956,0.456017,0.282008,0.478423,2,0.956846,20.245040812642028,85.87392229821101,NH-16 (DEMO),SEG-030,2026-09-28,SYNTHETIC DEMO - NOT REAL GPS,Medium
India_005286_jpg.rf.0b9e7d63ff905899de31ce55dbf19656,4,D20,0.533188,0.748148,0.423682,0.265115,0.395682,2,0.791364,20.31348085945451,85.83309426781535,NH-16 (DEMO),SEG-030,2026-09-28,SYNTHETIC DEMO - NOT REAL GPS,Medium
India_005286_jpg.rf.0b9e7d63ff905899de31ce55dbf19656,4,D20,0.385153,0.812846,0.742861,0.315707,0.205446,2,0.410892,20.24608978771727,85.87930716810006,NH-16 (DEMO),SEG-030,2026-09-28,SYNTHETIC DEMO - NOT REAL GPS,Low
India_005286_jpg.rf.0b9e7d63ff905899de31ce55dbf19656,5,D40,0.435789,0.749615,0.585891,0.243485,0.14213,2,0.28426,20.179652930971876,85.76720961445024,NH-16 (DEMO),SEG-030,2026-09-28,SYNTHETIC DEMO - NOT REAL GPS,Low
India_005286_jpg.rf.0b9e7d63ff905899de31ce55dbf19656,5,D40,0.447997,0.643696,0.195351,0.0640691,0.0844045,2,0.168809,20.30155416737501,85.84624852473713,NH-16 (DEMO),SEG-030,2026-09-28,SYNTHETIC DEMO - NOT REAL GPS,Low
India_005286_jpg.rf.0b9e7d63ff905899de31ce55dbf19656,5,D40,0.406205,0.647985,0.0989112,0.043746,0.0793721,2,0.1587442,20.273709396746742,85.80888935480746,NH-16 (DEMO),SEG-030,2026-09-28,SYNTHETIC DEMO - NOT REAL GPS,Low
India_005286_jpg.rf.0b9e7d63ff905899de31ce55dbf19656,5,D40,0.416331,0.646475,0.127311,0.0515124,0.0578824,2,0.1157648,20.29508112761183,85.81788165671176,NH-16 (DEMO),SEG-030,2026-09-28,SYNTHETIC DEMO - NOT REAL GPS,Low
India_005286_jpg.rf.0b9e7d63ff905899de31ce55dbf19656,5,D40,0.68439,0.710656,0.0884798,0.0896172,0.0525474,2,0.1050948,20.23850717816142,85.87773651207077,NH-16 (DEMO),SEG-030,2026-09-28,SYNTHETIC DEMO - NOT REAL GPS,Low
India_005286_jpg.rf.0b9e7d63ff905899de31ce55dbf19656,5,D40,0.491221,0.636295,0.313282,0.100603,0.0511928,2,0.1023856,20.272069879079464,85.82463795196017,NH-16 (DEMO),SEG-030,2026-09-28,SYNTHETIC DEMO - NOT REAL GPS,Low
India_005288_jpg.rf.b9304bcf6942654f42cd691880e46768,4,D20,0.484879,0.880869,0.946406,0.238263,0.841797,2,1.683594,20.30699664060746,85.8638107027739,NH-16 (DEMO),SEG-030,2026-09-28,SYNTHETIC DEMO - NOT REAL GPS,High
India_005288_jpg.rf.b9304bcf6942654f42cd691880e46768,4,D20,0.620133,0.871133,0.528489,0.257734,0.158161,2,0.316322,20.270970470859503,85.83612003755508,NH-16 (DEMO),SEG-030,2026-09-28,SYNTHETIC DEMO - NOT REAL GPS,Low
India_005288_jpg.rf.b9304bcf6942654f42cd691880e46768,5,D40,0.517577,0.869349,0.56885,0.261302,0.155471,2,0.310942,20.225627781573746,85.74038177947595,NH-16 (DEMO),SEG-030,2026-09-28,SYNTHETIC DEMO - NOT REAL GPS,Low
India_005288_jpg.rf.b9304bcf6942654f42cd691880e46768,5,D40,0.277604,0.87923,0.545251,0.241539,0.135929,2,0.271858,20.276004735098592,85.83190779365157,NH-16 (DEMO),SEG-030,2026-09-28,SYNTHETIC DEMO - NOT REAL GPS,Low
India_005288_jpg.rf.b9304bcf6942654f42cd691880e46768,5,D40,0.423432,0.86533,0.582358,0.250632,0.111924,2,0.223848,20.27749667017825,85.79749049418967,NH-16 (DEMO),SEG-031,2026-09-28,SYNTHETIC DEMO - NOT REAL GPS,Low
India_005288_jpg.rf.b9304bcf6942654f42cd691880e46768,5,D40,0.458018,0.827125,0.568031,0.203465,0.0844733,2,0.1689466,20.32369391400106,85.86700767887717,NH-16 (DEMO),SEG-031,2026-09-28,SYNTHETIC DEMO - NOT REAL GPS,Low
India_005288_jpg.rf.b9304bcf6942654f42cd691880e46768,5,D40,0.369618,0.888469,0.643818,0.223063,0.0824758,2,0.1649516,20.229345971446666,85.84909351155046,NH-16 (DEMO),SEG-031,2026-09-28,SYNTHETIC DEMO - NOT REAL GPS,Low
India_005288_jpg.rf.b9304bcf6942654f42cd691880e46768,4,D20,0.340856,0.873361,0.681711,0.246779,0.0811274,2,0.1622548,20.23801308280226,85.73666155001715,NH-16 (DEMO),SEG-031,2026-09-28,SYNTHETIC DEMO - NOT REAL GPS,Low
India_005288_jpg.rf.b9304bcf6942654f42cd691880e46768,4,D20,0.5216,0.881263,0.631535,0.237473,0.0657793,2,0.1315586,20.29993967378993,85.74142650298457,NH-16 (DEMO),SEG-031,2026-09-28,SYNTHETIC DEMO - NOT REAL GPS,Low
India_005293_jpg.rf.e6619d1543c715686309ef7fc1cd2eb4,4,D20,0.505103,0.831273,0.943576,0.275852,0.378851,2,0.757702,20.25092197035884,85.73113776028778,NH-16 (DEMO),SEG-031,2026-09-28,SYNTHETIC DEMO - NOT REAL GPS,Medium
India_005351_jpg.rf.923ee511ec5769591a0e8f105d8fb32a,4,D20,0.488378,0.72994,0.88082,0.275282,0.508404,2,1.016808,20.287851694898517,85.79891917995914,NH-16 (DEMO),SEG-031,2026-09-28,SYNTHETIC DEMO - NOT REAL GPS,Medium
India_005351_jpg.rf.923ee511ec5769591a0e8f105d8fb32a,5,D40,0.546678,0.583557,0.116676,0.0621735,0.419003,2,0.838006,20.243553514312573,85.73292348147318,NH-16 (DEMO),SEG-031,2026-09-28,SYNTHETIC DEMO - NOT REAL GPS,Medium
India_005351_jpg.rf.923ee511ec5769591a0e8f105d8fb32a,5,D40,0.548953,0.619998,0.143945,0.143351,0.324086,2,0.648172,20.204479222690033,85.83578853385195,NH-16 (DEMO),SEG-031,2026-09-28,SYNTHETIC DEMO - NOT REAL GPS,Medium
India_005351_jpg.rf.923ee511ec5769591a0e8f105d8fb32a,7,D44,0.224759,0.822966,0.189975,0.158893,0.288936,3,0.866808,20.289232614844963,85.80837737303207,NH-16 (DEMO),SEG-031,2026-09-28,SYNTHETIC DEMO - NOT REAL GPS,Medium
India_005351_jpg.rf.923ee511ec5769591a0e8f105d8fb32a,4,D20,0.539428,0.692619,0.373361,0.278722,0.223489,2,0.446978,20.190984827069553,85.8537416028085,NH-16 (DEMO),SEG-031,2026-09-28,SYNTHETIC DEMO - NOT REAL GPS,Low
India_005351_jpg.rf.923ee511ec5769591a0e8f105d8fb32a,5,D40,0.602152,0.612512,0.274267,0.149974,0.213246,2,0.426492,20.20177338616501,85.76476732618741,NH-16 (DEMO),SEG-031,2026-09-28,SYNTHETIC DEMO - NOT REAL GPS,Low
India_005351_jpg.rf.923ee511ec5769591a0e8f105d8fb32a,5,D40,0.590194,0.586596,0.252516,0.0902931,0.197734,2,0.395468,20.270291997245472,85.80306252546578,NH-16 (DEMO),SEG-031,2026-09-28,SYNTHETIC DEMO - NOT REAL GPS,Low
India_005351_jpg.rf.923ee511ec5769591a0e8f105d8fb32a,5,D40,0.554129,0.588848,0.138779,0.0930521,0.188601,2,0.377202,20.289563168030732,85.73879674974569,NH-16 (DEMO),SEG-031,2026-09-28,SYNTHETIC DEMO - NOT REAL GPS,Low
India_005351_jpg.rf.923ee511ec5769591a0e8f105d8fb32a,5,D40,0.643696,0.584491,0.1301,0.0576757,0.125308,2,0.250616,20.31315006189885,85.86153760042404,NH-16 (DEMO),SEG-031,2026-09-28,SYNTHETIC DEMO - NOT REAL GPS,Low
India_005351_jpg.rf.923ee511ec5769591a0e8f105d8fb32a,4,D20,0.486893,0.70946,0.532308,0.273723,0.118259,2,0.236518,20.213613839586543,85.74800079396637,NH-16 (DEMO),SEG-031,2026-09-28,SYNTHETIC DEMO - NOT REAL GPS,Low
India_005351_jpg.rf.923ee511ec5769591a0e8f105d8fb32a,4,D20,0.362031,0.745925,0.67885,0.294965,0.0995687,2,0.1991374,20.18771588137609,85.73637796021606,NH-16 (DEMO),SEG-031,2026-09-28,SYNTHETIC DEMO - NOT REAL GPS,Low
India_005351_jpg.rf.923ee511ec5769591a0e8f105d8fb32a,7,D44,0.282353,0.775126,0.175367,0.153621,0.0920588,3,0.2761764,20.32296746552362,85.75280809576371,NH-16 (DEMO),SEG-031,2026-09-28,SYNTHETIC DEMO - NOT REAL GPS,Low
India_005351_jpg.rf.923ee511ec5769591a0e8f105d8fb32a,7,D44,0.191424,0.847429,0.117135,0.100983,0.0808362,3,0.2425086,20.194707694083544,85.84899703819568,NH-16 (DEMO),SEG-031,2026-09-28,SYNTHETIC DEMO - NOT REAL GPS,Low
India_005351_jpg.rf.923ee511ec5769591a0e8f105d8fb32a,5,D40,0.608777,0.581137,0.214193,0.0663149,0.0797312,2,0.1594624,20.201626717160742,85.73693032442955,NH-16 (DEMO),SEG-031,2026-09-28,SYNTHETIC DEMO - NOT REAL GPS,Low
India_005351_jpg.rf.923ee511ec5769591a0e8f105d8fb32a,5,D40,0.659513,0.582723,0.089829,0.0461204,0.0736575,2,0.147315,20.216612712569354,85.8183083991741,NH-16 (DEMO),SEG-031,2026-09-28,SYNTHETIC DEMO - NOT REAL GPS,Low
India_005351_jpg.rf.923ee511ec5769591a0e8f105d8fb32a,4,D20,0.599997,0.684102,0.401751,0.277316,0.0714471,2,0.1428942,20.254702616644206,85.83938900809842,NH-16 (DEMO),SEG-031,2026-09-28,SYNTHETIC DEMO - NOT REAL GPS,Low
India_005351_jpg.rf.923ee511ec5769591a0e8f105d8fb32a,7,D44,0.264465,0.799558,0.222714,0.182856,0.0699045,3,0.2097135,20.311252090565453,85.84017298567726,NH-16 (DEMO),SEG-031,2026-09-28,SYNTHETIC DEMO - NOT REAL GPS,Low
India_005351_jpg.rf.923ee511ec5769591a0e8f105d8fb32a,7,D44,0.302448,0.762985,0.136166,0.11056,0.059103,3,0.177309,20.29168736363678,85.7504097418573,NH-16 (DEMO),SEG-031,2026-09-28,SYNTHETIC DEMO - NOT REAL GPS,Low
India_005351_jpg.rf.923ee511ec5769591a0e8f105d8fb32a,4,D20,0.420819,0.744159,0.594987,0.225726,0.0583741,2,0.1167482,20.28330520861482,85.72985983974041,NH-16 (DEMO),SEG-031,2026-09-28,SYNTHETIC DEMO - NOT REAL GPS,Low
India_005353_jpg.rf.e831ca366af8fc421fde88e4fbad215b,4,D20,0.410749,0.872872,0.812145,0.254255,0.825595,2,1.65119,20.19802889085696,85.79180902140355,NH-16 (DEMO),SEG-031,2026-09-28,SYNTHETIC DEMO - NOT REAL GPS,High
India_005353_jpg.rf.e831ca366af8fc421fde88e4fbad215b,4,D20,0.182106,0.88097,0.363745,0.23806,0.138621,2,0.277242,20.227229221044155,85.75239765523912,NH-16 (DEMO),SEG-031,2026-09-28,SYNTHETIC DEMO - NOT REAL GPS,Low
India_005353_jpg.rf.e831ca366af8fc421fde88e4fbad215b,4,D20,0.546531,0.876186,0.709605,0.245065,0.0583462,2,0.1166924,20.246544788173868,85.83188332944222,NH-16 (DEMO),SEG-031,2026-09-28,SYNTHETIC DEMO - NOT REAL GPS,Low
India_005353_jpg.rf.e831ca366af8fc421fde88e4fbad215b,5,D40,0.252427,0.872731,0.488545,0.254538,0.0522256,2,0.1044512,20.193588152557695,85.77707084794487,NH-16 (DEMO),SEG-031,2026-09-28,SYNTHETIC DEMO - NOT REAL GPS,Low
India_005369_jpg.rf.942b6d6b1b5e3e38964b31a8dbc4443e,4,D20,0.506108,0.890314,0.962241,0.217886,0.55263,2,1.10526,20.21374875234027,85.7918966305653,NH-16 (DEMO),SEG-031,2026-09-28,SYNTHETIC DEMO - NOT REAL GPS,Medium
India_005369_jpg.rf.942b6d6b1b5e3e38964b31a8dbc4443e,4,D20,0.753666,0.874648,0.296375,0.250704,0.401929,2,0.803858,20.219333312632454,85.73815758929626,NH-16 (DEMO),SEG-031,2026-09-28,SYNTHETIC DEMO - NOT REAL GPS,Medium
India_005369_jpg.rf.942b6d6b1b5e3e38964b31a8dbc4443e,7,D44,0.760466,0.908555,0.186455,0.182317,0.19843,3,0.59529,20.190364191732645,85.81080804584771,NH-16 (DEMO),SEG-031,2026-09-28,SYNTHETIC DEMO - NOT REAL GPS,Medium
India_005369_jpg.rf.942b6d6b1b5e3e38964b31a8dbc4443e,4,D20,0.806207,0.891342,0.380737,0.217317,0.192782,2,0.385564,20.25803835070532,85.7496838703411,NH-16 (DEMO),SEG-031,2026-09-28,SYNTHETIC DEMO - NOT REAL GPS,Low
India_005369_jpg.rf.942b6d6b1b5e3e38964b31a8dbc4443e,7,D44,0.736853,0.891433,0.178245,0.198189,0.186363,3,0.559089,20.28280451144387,85.82863770574639,NH-16 (DEMO),SEG-031,2026-09-28,SYNTHETIC DEMO - NOT REAL GPS,Medium
India_005369_jpg.rf.942b6d6b1b5e3e38964b31a8dbc4443e,4,D20,0.679312,0.874508,0.641376,0.250985,0.118871,2,0.237742,20.1811890610363,85.73138701160767,NH-16 (DEMO),SEG-031,2026-09-28,SYNTHETIC DEMO - NOT REAL GPS,Low
India_005369_jpg.rf.942b6d6b1b5e3e38964b31a8dbc4443e,7,D44,0.718367,0.870811,0.162991,0.197281,0.0966275,3,0.2898825,20.246979696282104,85.87614313476502,NH-16 (DEMO),SEG-031,2026-09-28,SYNTHETIC DEMO - NOT REAL GPS,Low
India_005369_jpg.rf.942b6d6b1b5e3e38964b31a8dbc4443e,7,D44,0.681937,0.840832,0.179793,0.19955,0.0801353,3,0.2404059,20.295153791242846,85.82952431657372,NH-16 (DEMO),SEG-031,2026-09-28,SYNTHETIC DEMO - NOT REAL GPS,Low
India_005369_jpg.rf.942b6d6b1b5e3e38964b31a8dbc4443e,0,D00,0.754745,0.903455,0.211168,0.191991,0.0764795,3,0.2294385,20.28967842063239,85.74907673084991,NH-16 (DEMO),SEG-031,2026-09-28,SYNTHETIC DEMO - NOT REAL GPS,Low
India_005369_jpg.rf.942b6d6b1b5e3e38964b31a8dbc4443e,7,D44,0.696797,0.855952,0.127725,0.182583,0.0662157,3,0.1986471,20.300411695395,85.7222551432739,NH-16 (DEMO),SEG-031,2026-09-28,SYNTHETIC DEMO - NOT REAL GPS,Low
India_005369_jpg.rf.942b6d6b1b5e3e38964b31a8dbc4443e,0,D00,0.77006,0.927432,0.191944,0.145135,0.06297,3,0.18891,20.241718501307297,85.77351406275284,NH-16 (DEMO),SEG-031,2026-09-28,SYNTHETIC DEMO - NOT REAL GPS,Low
India_005369_jpg.rf.942b6d6b1b5e3e38964b31a8dbc4443e,4,D20,0.511823,0.904837,0.578735,0.190326,0.0575698,2,0.1151396,20.30128913322238,85.74445012224835,NH-16 (DEMO),SEG-031,2026-09-28,SYNTHETIC DEMO - NOT REAL GPS,Low
India_005369_jpg.rf.942b6d6b1b5e3e38964b31a8dbc4443e,7,D44,0.782202,0.933757,0.188925,0.132486,0.0548527,3,0.1645580999999999,20.20852049139428,85.75494581329913,NH-16 (DEMO),SEG-031,2026-09-28,SYNTHETIC DEMO - NOT REAL GPS,Low
India_005369_jpg.rf.942b6d6b1b5e3e38964b31a8dbc4443e,7,D44,0.663542,0.822052,0.159335,0.188571,0.0540927,3,0.1622781,20.227729689826802,85.85964004135006,NH-16 (DEMO),SEG-031,2026-09-28,SYNTHETIC DEMO - NOT REAL GPS,Low
India_005422_jpg.rf.87bf52ce50226ed0d463e7ae31926b10,4,D20,0.521861,0.895098,0.676847,0.209803,0.0762897,2,0.1525794,20.19821689222685,85.81651274560814,NH-16 (DEMO),SEG-031,2026-09-28,SYNTHETIC DEMO - NOT REAL GPS,Low
India_005463_jpg.rf.3492534b8c3428d7f944b597b198b8c3,4,D20,0.44194,0.828898,0.882308,0.286819,0.826994,2,1.653988,20.24479752630857,85.74823322448462,NH-16 (DEMO),SEG-031,2026-09-28,SYNTHETIC DEMO - NOT REAL GPS,High
India_005463_jpg.rf.3492534b8c3428d7f944b597b198b8c3,4,D20,0.185199,0.868023,0.370398,0.263955,0.235571,2,0.471142,20.23272960358647,85.80906550411,NH-16 (DEMO),SEG-031,2026-09-28,SYNTHETIC DEMO - NOT REAL GPS,Low
India_005463_jpg.rf.3492534b8c3428d7f944b597b198b8c3,4,D20,0.327203,0.843231,0.654406,0.282105,0.201171,2,0.402342,20.20854833862629,85.76092490454799,NH-16 (DEMO),SEG-031,2026-09-28,SYNTHETIC DEMO - NOT REAL GPS,Low
India_005463_jpg.rf.3492534b8c3428d7f944b597b198b8c3,5,D40,0.251309,0.857895,0.49084,0.28421,0.131568,2,0.263136,20.290284913476924,85.87619213829728,NH-16 (DEMO),SEG-031,2026-09-28,SYNTHETIC DEMO - NOT REAL GPS,Low
India_005463_jpg.rf.3492534b8c3428d7f944b597b198b8c3,5,D40,0.548172,0.773392,0.55024,0.184312,0.0709736,2,0.1419472,20.220215483537864,85.72524115684219,NH-16 (DEMO),SEG-031,2026-09-28,SYNTHETIC DEMO - NOT REAL GPS,Low
India_005463_jpg.rf.3492534b8c3428d7f944b597b198b8c3,5,D40,0.321678,0.811332,0.583354,0.227465,0.0707821,2,0.1415642,20.213648692823334,85.83717094754685,NH-16 (DEMO),SEG-031,2026-09-28,SYNTHETIC DEMO - NOT REAL GPS,Low
India_005463_jpg.rf.3492534b8c3428d7f944b597b198b8c3,4,D20,0.498203,0.867488,0.954556,0.256433,0.0537007,2,0.1074014,20.190942452936078,85.84367952419062,NH-16 (DEMO),SEG-032,2026-09-28,SYNTHETIC DEMO - NOT REAL GPS,Low
India_005473_jpg.rf.3479ab0f0d28de89f441390a66d4c4b7,4,D20,0.647072,0.87912,0.673931,0.241761,0.436501,2,0.873002,20.240211472288312,85.73074604223324,NH-16 (DEMO),SEG-032,2026-09-28,SYNTHETIC DEMO - NOT REAL GPS,Medium
India_005473_jpg.rf.3479ab0f0d28de89f441390a66d4c4b7,4,D20,0.663713,0.869887,0.25604,0.260226,0.2944,2,0.5888,20.21847434061397,85.74749909827702,NH-16 (DEMO),SEG-032,2026-09-28,SYNTHETIC DEMO - NOT REAL GPS,Medium
India_005473_jpg.rf.3479ab0f0d28de89f441390a66d4c4b7,4,D20,0.605249,0.86471,0.458695,0.27058,0.288043,2,0.576086,20.229083654614556,85.78148906545663,NH-16 (DEMO),SEG-032,2026-09-28,SYNTHETIC DEMO - NOT REAL GPS,Medium
India_005473_jpg.rf.3479ab0f0d28de89f441390a66d4c4b7,4,D20,0.772465,0.888769,0.436121,0.222462,0.114581,2,0.229162,20.207759562019287,85.85890477224464,NH-16 (DEMO),SEG-032,2026-09-28,SYNTHETIC DEMO - NOT REAL GPS,Low
India_005473_jpg.rf.3479ab0f0d28de89f441390a66d4c4b7,0,D00,0.464911,0.878202,0.155096,0.240129,0.0682978,3,0.2048934,20.292104878371184,85.80591999014696,NH-16 (DEMO),SEG-032,2026-09-28,SYNTHETIC DEMO - NOT REAL GPS,Low
India_005473_jpg.rf.3479ab0f0d28de89f441390a66d4c4b7,7,D44,0.474679,0.856613,0.141123,0.183358,0.0649659,3,0.1948976999999999,20.318800535576756,85.82484909600116,NH-16 (DEMO),SEG-032,2026-09-28,SYNTHETIC DEMO - NOT REAL GPS,Low
India_005473_jpg.rf.3479ab0f0d28de89f441390a66d4c4b7,7,D44,0.485498,0.833874,0.111239,0.143506,0.0585169,3,0.1755507,20.249669096446222,85.84528205367309,NH-16 (DEMO),SEG-032,2026-09-28,SYNTHETIC DEMO - NOT REAL GPS,Low
India_005473_jpg.rf.3479ab0f0d28de89f441390a66d4c4b7,0,D00,0.678854,0.878078,0.154945,0.242087,0.0546669,3,0.1640007,20.27287974773453,85.852499646134,NH-16 (DEMO),SEG-032,2026-09-28,SYNTHETIC DEMO - NOT REAL GPS,Low
India_005473_jpg.rf.3479ab0f0d28de89f441390a66d4c4b7,4,D20,0.523622,0.863279,0.354654,0.270002,0.0527404,2,0.1054808,20.30874756425707,85.79620552689339,NH-16 (DEMO),SEG-032,2026-09-28,SYNTHETIC DEMO - NOT REAL GPS,Low
India_005473_jpg.rf.3479ab0f0d28de89f441390a66d4c4b7,0,D00,0.44376,0.902999,0.109408,0.189663,0.0503865,3,0.1511595,20.329812741973385,85.80140690220375,NH-16 (DEMO),SEG-032,2026-09-28,SYNTHETIC DEMO - NOT REAL GPS,Low
India_005488_jpg.rf.9f4e972a04276c5f136e2cf5b99f4e6e,4,D20,0.281158,0.887115,0.545795,0.223213,0.424886,2,0.849772,20.268162637556774,85.83488093713405,NH-16 (DEMO),SEG-032,2026-09-28,SYNTHETIC DEMO - NOT REAL GPS,Medium
India_005488_jpg.rf.9f4e972a04276c5f136e2cf5b99f4e6e,4,D20,0.374375,0.87621,0.722365,0.247581,0.312052,2,0.624104,20.312364714646378,85.76213477739769,NH-16 (DEMO),SEG-032,2026-09-28,SYNTHETIC DEMO - NOT REAL GPS,Medium
India_005488_jpg.rf.9f4e972a04276c5f136e2cf5b99f4e6e,4,D20,0.50549,0.866601,0.947571,0.257578,0.310481,2,0.620962,20.315377319448903,85.85671835781848,NH-16 (DEMO),SEG-032,2026-09-28,SYNTHETIC DEMO - NOT REAL GPS,Medium
India_005488_jpg.rf.9f4e972a04276c5f136e2cf5b99f4e6e,4,D20,0.366271,0.866343,0.406298,0.267313,0.252899,2,0.505798,20.29663223804922,85.72332589191613,NH-16 (DEMO),SEG-032,2026-09-28,SYNTHETIC DEMO - NOT REAL GPS,Medium
India_005488_jpg.rf.9f4e972a04276c5f136e2cf5b99f4e6e,4,D20,0.38007,0.910698,0.76014,0.178406,0.0559531,2,0.1119062,20.2437490225717,85.75132345635355,NH-16 (DEMO),SEG-032,2026-09-28,SYNTHETIC DEMO - NOT REAL GPS,Low
India_005523_jpg.rf.685eff1149eaf59d9835125dd0e8ac04,4,D20,0.387142,0.857831,0.755348,0.259745,0.121293,2,0.242586,20.182984640067822,85.84803199088584,NH-16 (DEMO),SEG-032,2026-09-28,SYNTHETIC DEMO - NOT REAL GPS,Low
India_005541_jpg.rf.be9bc7619f0ba48301cb4dbe840d3d0f,5,D40,0.482239,0.715725,0.132727,0.0702694,0.0727934,2,0.1455868,20.17252888887042,85.77444131390283,NH-16 (DEMO),SEG-032,2026-09-28,SYNTHETIC DEMO - NOT REAL GPS,Low
India_005545_jpg.rf.d5c8bff3d4e12a6c14fa9bb14753ffb3,7,D44,0.221951,0.917554,0.125927,0.162692,0.185152,3,0.5554560000000001,20.246352101325268,85.74397325323076,NH-16 (DEMO),SEG-032,2026-09-28,SYNTHETIC DEMO - NOT REAL GPS,Medium
India_005569_jpg.rf.44c4cc0686512cdb0e8bc76ae645ea5c,4,D20,0.575018,0.861989,0.832476,0.24365,0.991064,2,1.982128,20.24909032536554,85.74988076091383,NH-16 (DEMO),SEG-032,2026-09-28,SYNTHETIC DEMO - NOT REAL GPS,High
India_005569_jpg.rf.44c4cc0686512cdb0e8bc76ae645ea5c,4,D20,0.578149,0.839598,0.48976,0.271946,0.933259,2,1.866518,20.235177982058076,85.80492102430976,NH-16 (DEMO),SEG-032,2026-09-28,SYNTHETIC DEMO - NOT REAL GPS,High
India_005569_jpg.rf.44c4cc0686512cdb0e8bc76ae645ea5c,4,D20,0.666444,0.845175,0.499369,0.251158,0.923325,2,1.84665,20.260906776206618,85.8553890446952,NH-16 (DEMO),SEG-032,2026-09-28,SYNTHETIC DEMO - NOT REAL GPS,High
India_005569_jpg.rf.44c4cc0686512cdb0e8bc76ae645ea5c,4,D20,0.724376,0.866646,0.532194,0.216336,0.76107,2,1.52214,20.25834603252871,85.73130411452337,NH-16 (DEMO),SEG-032,2026-09-28,SYNTHETIC DEMO - NOT REAL GPS,High
India_005569_jpg.rf.44c4cc0686512cdb0e8bc76ae645ea5c,4,D20,0.662115,0.882495,0.67577,0.235009,0.602027,2,1.204054,20.30385808656523,85.72487694545994,NH-16 (DEMO),SEG-032,2026-09-28,SYNTHETIC DEMO - NOT REAL GPS,Medium
India_005569_jpg.rf.44c4cc0686512cdb0e8bc76ae645ea5c,4,D20,0.45923,0.856013,0.421461,0.271892,0.574734,2,1.149468,20.18738513652196,85.79442690173389,NH-16 (DEMO),SEG-032,2026-09-28,SYNTHETIC DEMO - NOT REAL GPS,Medium
India_005569_jpg.rf.44c4cc0686512cdb0e8bc76ae645ea5c,4,D20,0.559285,0.868742,0.593052,0.251074,0.476149,2,0.952298,20.206028426576886,85.87298998640858,NH-16 (DEMO),SEG-032,2026-09-28,SYNTHETIC DEMO - NOT REAL GPS,Medium
India_005569_jpg.rf.44c4cc0686512cdb0e8bc76ae645ea5c,4,D20,0.768682,0.895396,0.462636,0.203236,0.45286,2,0.90572,20.29688079663354,85.76464156854625,NH-16 (DEMO),SEG-032,2026-09-28,SYNTHETIC DEMO - NOT REAL GPS,Medium
India_005569_jpg.rf.44c4cc0686512cdb0e8bc76ae645ea5c,4,D20,0.836407,0.889729,0.327187,0.2169,0.302086,2,0.604172,20.305653898755786,85.87346728625073,NH-16 (DEMO),SEG-032,2026-09-28,SYNTHETIC DEMO - NOT REAL GPS,Medium
India_005569_jpg.rf.44c4cc0686512cdb0e8bc76ae645ea5c,0,D00,0.403682,0.853886,0.141883,0.227673,0.196166,3,0.588498,20.329171874179337,85.8620289882544,NH-16 (DEMO),SEG-032,2026-09-28,SYNTHETIC DEMO - NOT REAL GPS,Medium
India_005569_jpg.rf.44c4cc0686512cdb0e8bc76ae645ea5c,4,D20,0.876922,0.910228,0.246156,0.179096,0.115546,2,0.231092,20.309665922621935,85.765301612222,NH-16 (DEMO),SEG-032,2026-09-28,SYNTHETIC DEMO - NOT REAL GPS,Low
India_005569_jpg.rf.44c4cc0686512cdb0e8bc76ae645ea5c,5,D40,0.381958,0.899774,0.105786,0.101787,0.10334,2,0.20668,20.312383841131574,85.85071169028097,NH-16 (DEMO),SEG-032,2026-09-28,SYNTHETIC DEMO - NOT REAL GPS,Low
India_005569_jpg.rf.44c4cc0686512cdb0e8bc76ae645ea5c,5,D40,0.380176,0.918886,0.09723,0.129252,0.0945262,2,0.1890524,20.220295670820786,85.829738768411,NH-16 (DEMO),SEG-032,2026-09-28,SYNTHETIC DEMO - NOT REAL GPS,Low
India_005569_jpg.rf.44c4cc0686512cdb0e8bc76ae645ea5c,5,D40,0.387893,0.891215,0.1097,0.150447,0.0787277,2,0.1574554,20.2342658614415,85.80189158222475,NH-16 (DEMO),SEG-032,2026-09-28,SYNTHETIC DEMO - NOT REAL GPS,Low
India_005569_jpg.rf.44c4cc0686512cdb0e8bc76ae645ea5c,4,D20,0.419331,0.855464,0.756025,0.272946,0.0531628,2,0.1063256,20.21289361677129,85.78766658288686,NH-16 (DEMO),SEG-032,2026-09-28,SYNTHETIC DEMO - NOT REAL GPS,Low
India_005569_jpg.rf.44c4cc0686512cdb0e8bc76ae645ea5c,0,D00,0.410575,0.830795,0.11327,0.244535,0.05086,3,0.15258,20.267007903710834,85.85048044094808,NH-16 (DEMO),SEG-032,2026-09-28,SYNTHETIC DEMO - NOT REAL GPS,Low
India_005578_jpg.rf.23c7c3db4b31a08072d8817a2874c558,4,D20,0.539006,0.747777,0.565422,0.221727,0.241755,2,0.48351,20.320208856673126,85.8468927092312,NH-16 (DEMO),SEG-032,2026-09-28,SYNTHETIC DEMO - NOT REAL GPS,Low
India_005578_jpg.rf.23c7c3db4b31a08072d8817a2874c558,4,D20,0.444809,0.767863,0.395094,0.197982,0.0908205,2,0.181641,20.22514254184186,85.8411098137508,NH-16 (DEMO),SEG-032,2026-09-28,SYNTHETIC DEMO - NOT REAL GPS,Low
India_005578_jpg.rf.23c7c3db4b31a08072d8817a2874c558,5,D40,0.59199,0.741319,0.460154,0.225739,0.0795442,2,0.1590884,20.259120285101034,85.87972095219445,NH-16 (DEMO),SEG-032,2026-09-28,SYNTHETIC DEMO - NOT REAL GPS,Low
India_005578_jpg.rf.23c7c3db4b31a08072d8817a2874c558,4,D20,0.578565,0.761029,0.538243,0.171788,0.0656188,2,0.1312376,20.217407940872558,85.79656199375061,NH-16 (DEMO),SEG-032,2026-09-28,SYNTHETIC DEMO - NOT REAL GPS,Low
India_005578_jpg.rf.23c7c3db4b31a08072d8817a2874c558,4,D20,0.185137,0.887354,0.370075,0.188323,0.0638392,2,0.1276784,20.197167995803632,85.84910767645118,NH-16 (DEMO),SEG-032,2026-09-28,SYNTHETIC DEMO - NOT REAL GPS,Low
India_005578_jpg.rf.23c7c3db4b31a08072d8817a2874c558,4,D20,0.14381,0.896094,0.281029,0.188631,0.0600481,2,0.1200962,20.201229684770986,85.85799653871736,NH-16 (DEMO),SEG-032,2026-09-28,SYNTHETIC DEMO - NOT REAL GPS,Low
India_005578_jpg.rf.23c7c3db4b31a08072d8817a2874c558,4,D20,0.408053,0.793786,0.338805,0.171439,0.0593797,2,0.1187594,20.1792712551261,85.75385641303258,NH-16 (DEMO),SEG-032,2026-09-28,SYNTHETIC DEMO - NOT REAL GPS,Low
India_005578_jpg.rf.23c7c3db4b31a08072d8817a2874c558,4,D20,0.383085,0.795273,0.47872,0.178679,0.0574893,2,0.1149786,20.321886963681482,85.72673063072848,NH-16 (DEMO),SEG-032,2026-09-28,SYNTHETIC DEMO - NOT REAL GPS,Low
India_005578_jpg.rf.23c7c3db4b31a08072d8817a2874c558,4,D20,0.308534,0.816946,0.617067,0.158062,0.0516796,2,0.1033592,20.23446073736122,85.78475974435017,NH-16 (DEMO),SEG-032,2026-09-28,SYNTHETIC DEMO - NOT REAL GPS,Low
India_005594_jpg.rf.0203c6e14e88bdb7fa211331107ecc47,4,D20,0.41739,0.858088,0.825155,0.283824,0.489648,2,0.979296,20.303459342720338,85.85707786950988,NH-16 (DEMO),SEG-032,2026-09-28,SYNTHETIC DEMO - NOT REAL GPS,Medium
India_005594_jpg.rf.0203c6e14e88bdb7fa211331107ecc47,4,D20,0.299294,0.848696,0.598589,0.298952,0.113021,2,0.226042,20.27901271563035,85.76625652499112,NH-16 (DEMO),SEG-032,2026-09-28,SYNTHETIC DEMO - NOT REAL GPS,Low
India_005623_jpg.rf.f6c8390edc4e02eba5d06008059c2ab0,4,D20,0.363279,0.859057,0.273006,0.275446,0.0848834,2,0.1697668,20.200707385825773,85.83200162465079,NH-16 (DEMO),SEG-032,2026-09-28,SYNTHETIC DEMO - NOT REAL GPS,Low
India_005623_jpg.rf.f6c8390edc4e02eba5d06008059c2ab0,7,D44,0.376895,0.86252,0.154332,0.270449,0.0578641,3,0.1735923,20.198073959452653,85.72117570225028,NH-16 (DEMO),SEG-032,2026-09-28,SYNTHETIC DEMO - NOT REAL GPS,Low
India_005680_jpg.rf.972a0ac31b529c97c1a4dd2be40e2a58,4,D20,0.455784,0.752603,0.876255,0.274156,0.746746,2,1.493492,20.299918112241688,85.77685830917123,NH-16 (DEMO),SEG-032,2026-09-28,SYNTHETIC DEMO - NOT REAL GPS,Medium
India_005680_jpg.rf.972a0ac31b529c97c1a4dd2be40e2a58,4,D20,0.444076,0.798711,0.877191,0.260251,0.245571,2,0.491142,20.212353873699126,85.8184826711613,NH-16 (DEMO),SEG-032,2026-09-28,SYNTHETIC DEMO - NOT REAL GPS,Low
India_005680_jpg.rf.972a0ac31b529c97c1a4dd2be40e2a58,4,D20,0.396919,0.787657,0.778836,0.363179,0.119712,2,0.239424,20.316125629392317,85.74076115041157,NH-16 (DEMO),SEG-033,2026-09-28,SYNTHETIC DEMO - NOT REAL GPS,Low
India_005680_jpg.rf.972a0ac31b529c97c1a4dd2be40e2a58,4,D20,0.185228,0.849305,0.364702,0.30014,0.107624,2,0.215248,20.19240886475032,85.86345710594358,NH-16 (DEMO),SEG-033,2026-09-28,SYNTHETIC DEMO - NOT REAL GPS,Low
India_005680_jpg.rf.972a0ac31b529c97c1a4dd2be40e2a58,4,D20,0.171586,0.888168,0.336607,0.223664,0.0926482,2,0.1852964,20.278433378312716,85.74500383633873,NH-16 (DEMO),SEG-033,2026-09-28,SYNTHETIC DEMO - NOT REAL GPS,Low
India_005680_jpg.rf.972a0ac31b529c97c1a4dd2be40e2a58,7,D44,0.293722,0.766897,0.167803,0.144199,0.0669212,3,0.2007636,20.30031582016495,85.86556696720064,NH-16 (DEMO),SEG-033,2026-09-28,SYNTHETIC DEMO - NOT REAL GPS,Low
India_005688_jpg.rf.7212b5cd0984a752ecb0ad84378a5678,4,D20,0.140424,0.873865,0.280693,0.25227,0.343766,2,0.687532,20.207641022146504,85.75462228938927,NH-16 (DEMO),SEG-033,2026-09-28,SYNTHETIC DEMO - NOT REAL GPS,Medium
India_005688_jpg.rf.7212b5cd0984a752ecb0ad84378a5678,4,D20,0.0909787,0.892881,0.180056,0.212109,0.0533976,2,0.1067952,20.21419317815305,85.87908458782653,NH-16 (DEMO),SEG-033,2026-09-28,SYNTHETIC DEMO - NOT REAL GPS,Low
India_005728_jpg.rf.bb883d7af7a8c31d54f6dc5328501762,4,D20,0.515113,0.829157,0.934466,0.272918,0.613534,2,1.227068,20.324323021782273,85.8167597941273,NH-16 (DEMO),SEG-033,2026-09-28,SYNTHETIC DEMO - NOT REAL GPS,Medium
India_005728_jpg.rf.bb883d7af7a8c31d54f6dc5328501762,4,D20,0.382011,0.83663,0.735477,0.294608,0.209483,2,0.418966,20.212335616855384,85.73349518311012,NH-16 (DEMO),SEG-033,2026-09-28,SYNTHETIC DEMO - NOT REAL GPS,Low
India_005728_jpg.rf.bb883d7af7a8c31d54f6dc5328501762,4,D20,0.444003,0.827239,0.361292,0.24138,0.132714,2,0.265428,20.238793127984007,85.73044435751659,NH-16 (DEMO),SEG-033,2026-09-28,SYNTHETIC DEMO - NOT REAL GPS,Low
India_005728_jpg.rf.bb883d7af7a8c31d54f6dc5328501762,4,D20,0.458639,0.872607,0.915492,0.254786,0.0970012,2,0.1940024,20.23920249491878,85.73198747140151,NH-16 (DEMO),SEG-033,2026-09-28,SYNTHETIC DEMO - NOT REAL GPS,Low
India_005728_jpg.rf.bb883d7af7a8c31d54f6dc5328501762,4,D20,0.440397,0.833487,0.541738,0.243617,0.0784502,2,0.1569004,20.21048555998875,85.81438283956655,NH-16 (DEMO),SEG-033,2026-09-28,SYNTHETIC DEMO - NOT REAL GPS,Low
India_005728_jpg.rf.bb883d7af7a8c31d54f6dc5328501762,4,D20,0.687149,0.829538,0.625703,0.272578,0.052174,2,0.104348,20.294126573829935,85.84953267237238,NH-16 (DEMO),SEG-033,2026-09-28,SYNTHETIC DEMO - NOT REAL GPS,Low
India_005742_jpg.rf.60cb44624fcc4a7a94755ca5e24aa87a,4,D20,0.462957,0.820417,0.918953,0.265806,0.304874,2,0.609748,20.293495894916664,85.78447403868327,NH-16 (DEMO),SEG-033,2026-09-28,SYNTHETIC DEMO - NOT REAL GPS,Medium
India_005742_jpg.rf.60cb44624fcc4a7a94755ca5e24aa87a,4,D20,0.221961,0.871271,0.443922,0.257457,0.282289,2,0.564578,20.230530882275804,85.7911737214851,NH-16 (DEMO),SEG-033,2026-09-28,SYNTHETIC DEMO - NOT REAL GPS,Medium
India_005804_jpg.rf.9ef0a3e9aaa2fda281bf2bee4b096ce0,4,D20,0.394996,0.871569,0.789457,0.252478,0.639945,2,1.27989,20.303620126572916,85.81428603258634,NH-16 (DEMO),SEG-033,2026-09-28,SYNTHETIC DEMO - NOT REAL GPS,Medium
India_005804_jpg.rf.9ef0a3e9aaa2fda281bf2bee4b096ce0,4,D20,0.203193,0.874613,0.38492,0.250774,0.526844,2,1.053688,20.20409198950384,85.80528649676582,NH-16 (DEMO),SEG-033,2026-09-28,SYNTHETIC DEMO - NOT REAL GPS,Medium
India_005804_jpg.rf.9ef0a3e9aaa2fda281bf2bee4b096ce0,4,D20,0.28187,0.872077,0.36786,0.25323,0.191525,2,0.38305,20.17068892410683,85.8300898772962,NH-16 (DEMO),SEG-033,2026-09-28,SYNTHETIC DEMO - NOT REAL GPS,Low
India_005804_jpg.rf.9ef0a3e9aaa2fda281bf2bee4b096ce0,4,D20,0.349055,0.865983,0.419936,0.262325,0.0618875,2,0.123775,20.26138677792892,85.79548571522608,NH-16 (DEMO),SEG-033,2026-09-28,SYNTHETIC DEMO - NOT REAL GPS,Low
India_005824_jpg.rf.20d3a2d43e9225c13b52f6ad53a37f1a,5,D40,0.663442,0.568972,0.142903,0.0628183,0.140348,2,0.280696,20.32905244359238,85.83421770961024,NH-16 (DEMO),SEG-033,2026-09-28,SYNTHETIC DEMO - NOT REAL GPS,Low
India_005824_jpg.rf.20d3a2d43e9225c13b52f6ad53a37f1a,5,D40,0.586605,0.673275,0.146336,0.0680311,0.136039,2,0.272078,20.1761830895723,85.87956971880746,NH-16 (DEMO),SEG-033,2026-09-28,SYNTHETIC DEMO - NOT REAL GPS,Low
India_005824_jpg.rf.20d3a2d43e9225c13b52f6ad53a37f1a,5,D40,0.632489,0.562418,0.239951,0.0809223,0.129867,2,0.259734,20.203279691793355,85.7760476547598,NH-16 (DEMO),SEG-033,2026-09-28,SYNTHETIC DEMO - NOT REAL GPS,Low
India_005824_jpg.rf.20d3a2d43e9225c13b52f6ad53a37f1a,4,D20,0.537499,0.709024,0.89983,0.261231,0.118381,2,0.236762,20.253026342797934,85.72195447406645,NH-16 (DEMO),SEG-033,2026-09-28,SYNTHETIC DEMO - NOT REAL GPS,Low
India_005824_jpg.rf.20d3a2d43e9225c13b52f6ad53a37f1a,5,D40,0.694685,0.570773,0.138613,0.0567751,0.113592,2,0.227184,20.29959051783118,85.74010000728826,NH-16 (DEMO),SEG-033,2026-09-28,SYNTHETIC DEMO - NOT REAL GPS,Low
India_005824_jpg.rf.20d3a2d43e9225c13b52f6ad53a37f1a,5,D40,0.580161,0.563548,0.0994072,0.0636774,0.109152,2,0.218304,20.18424672081201,85.80856226959791,NH-16 (DEMO),SEG-033,2026-09-28,SYNTHETIC DEMO - NOT REAL GPS,Low
India_005824_jpg.rf.20d3a2d43e9225c13b52f6ad53a37f1a,5,D40,0.715855,0.572795,0.181141,0.066296,0.0884218,2,0.1768436,20.233237544601423,85.77508124594314,NH-16 (DEMO),SEG-033,2026-09-28,SYNTHETIC DEMO - NOT REAL GPS,Low
India_005824_jpg.rf.20d3a2d43e9225c13b52f6ad53a37f1a,5,D40,0.575626,0.566272,0.0803753,0.0462858,0.0877438,2,0.1754876,20.28953212810078,85.87039721499279,NH-16 (DEMO),SEG-033,2026-09-28,SYNTHETIC DEMO - NOT REAL GPS,Low
India_005824_jpg.rf.20d3a2d43e9225c13b52f6ad53a37f1a,5,D40,0.580002,0.666458,0.16496,0.0917214,0.0844022,2,0.1688044,20.22944691334502,85.82039137441718,NH-16 (DEMO),SEG-033,2026-09-28,SYNTHETIC DEMO - NOT REAL GPS,Low
India_005824_jpg.rf.20d3a2d43e9225c13b52f6ad53a37f1a,5,D40,0.678193,0.573211,0.0843772,0.0452254,0.0806486,2,0.1612972,20.2002138272761,85.80325682975447,NH-16 (DEMO),SEG-033,2026-09-28,SYNTHETIC DEMO - NOT REAL GPS,Low
India_005824_jpg.rf.20d3a2d43e9225c13b52f6ad53a37f1a,5,D40,0.577725,0.647377,0.106311,0.0617807,0.0683463,2,0.1366926,20.201279332383454,85.84768632020352,NH-16 (DEMO),SEG-033,2026-09-28,SYNTHETIC DEMO - NOT REAL GPS,Low
India_005829_jpg.rf.e2271853fd1c68da51929d96fd6920ad,4,D20,0.662715,0.805001,0.240818,0.253292,0.464908,2,0.929816,20.235607805906398,85.76137437936785,NH-16 (DEMO),SEG-033,2026-09-28,SYNTHETIC DEMO - NOT REAL GPS,Medium
India_005829_jpg.rf.e2271853fd1c68da51929d96fd6920ad,4,D20,0.490601,0.825981,0.891203,0.282393,0.456603,2,0.913206,20.246706731968942,85.85115816644517,NH-16 (DEMO),SEG-033,2026-09-28,SYNTHETIC DEMO - NOT REAL GPS,Medium
India_005829_jpg.rf.e2271853fd1c68da51929d96fd6920ad,0,D00,0.62574,0.819026,0.151985,0.22076,0.234703,3,0.704109,20.307890306850563,85.72048977677825,NH-16 (DEMO),SEG-033,2026-09-28,SYNTHETIC DEMO - NOT REAL GPS,Medium
India_005829_jpg.rf.e2271853fd1c68da51929d96fd6920ad,4,D20,0.73391,0.807131,0.413372,0.256178,0.17385,2,0.3477,20.27276038697088,85.81914837794172,NH-16 (DEMO),SEG-033,2026-09-28,SYNTHETIC DEMO - NOT REAL GPS,Low
India_005829_jpg.rf.e2271853fd1c68da51929d96fd6920ad,0,D00,0.614393,0.851429,0.124496,0.158473,0.126408,3,0.379224,20.28046431272248,85.86956114416732,NH-16 (DEMO),SEG-033,2026-09-28,SYNTHETIC DEMO - NOT REAL GPS,Low
India_005829_jpg.rf.e2271853fd1c68da51929d96fd6920ad,0,D00,0.601724,0.786996,0.109633,0.219752,0.11968,3,0.3590399999999999,20.327277947445744,85.84605759232542,NH-16 (DEMO),SEG-033,2026-09-28,SYNTHETIC DEMO - NOT REAL GPS,Low
India_005829_jpg.rf.e2271853fd1c68da51929d96fd6920ad,7,D44,0.619403,0.831224,0.140304,0.20325,0.105492,3,0.316476,20.235894950448156,85.85658147074358,NH-16 (DEMO),SEG-033,2026-09-28,SYNTHETIC DEMO - NOT REAL GPS,Low
India_005829_jpg.rf.e2271853fd1c68da51929d96fd6920ad,7,D44,0.626939,0.882322,0.0685069,0.100176,0.102349,3,0.3070469999999999,20.23453670451986,85.78351275122743,NH-16 (DEMO),SEG-033,2026-09-28,SYNTHETIC DEMO - NOT REAL GPS,Low
India_005829_jpg.rf.e2271853fd1c68da51929d96fd6920ad,4,D20,0.692719,0.814253,0.614563,0.235908,0.0893629,2,0.1787258,20.31773551483613,85.85187823137602,NH-16 (DEMO),SEG-033,2026-09-28,SYNTHETIC DEMO - NOT REAL GPS,Low
India_005829_jpg.rf.e2271853fd1c68da51929d96fd6920ad,7,D44,0.617915,0.855967,0.104715,0.149994,0.0887568,3,0.2662704,20.209340093920808,85.80813306640484,NH-16 (DEMO),SEG-033,2026-09-28,SYNTHETIC DEMO - NOT REAL GPS,Low
India_005829_jpg.rf.e2271853fd1c68da51929d96fd6920ad,0,D00,0.588516,0.805511,0.0856805,0.238102,0.0880716,3,0.2642147999999999,20.286770439408457,85.81896643784052,NH-16 (DEMO),SEG-033,2026-09-28,SYNTHETIC DEMO - NOT REAL GPS,Low
India_005829_jpg.rf.e2271853fd1c68da51929d96fd6920ad,4,D20,0.665251,0.795901,0.337244,0.296499,0.0695379,2,0.1390758,20.2907317021149,85.72942645429373,NH-16 (DEMO),SEG-033,2026-09-28,SYNTHETIC DEMO - NOT REAL GPS,Low
India_005829_jpg.rf.e2271853fd1c68da51929d96fd6920ad,0,D00,0.584481,0.776274,0.0665405,0.171415,0.064844,3,0.1945319999999999,20.185646079591272,85.7522482715479,NH-16 (DEMO),SEG-033,2026-09-28,SYNTHETIC DEMO - NOT REAL GPS,Low
India_005829_jpg.rf.e2271853fd1c68da51929d96fd6920ad,0,D00,0.649174,0.844599,0.177502,0.182328,0.0557956,3,0.1673868,20.244917024910972,85.80815430648217,NH-16 (DEMO),SEG-033,2026-09-28,SYNTHETIC DEMO - NOT REAL GPS,Low
India_005829_jpg.rf.e2271853fd1c68da51929d96fd6920ad,4,D20,0.531605,0.803693,0.479251,0.252751,0.0506941,2,0.1013882,20.20208999541145,85.72940816925176,NH-16 (DEMO),SEG-033,2026-09-28,SYNTHETIC DEMO - NOT REAL GPS,Low
India_005835_jpg.rf.9bbc27e936475831fc516c6313bd157b,4,D20,0.579097,0.878814,0.841807,0.238964,0.571487,2,1.142974,20.199660043648397,85.83863148905404,NH-16 (DEMO),SEG-033,2026-09-28,SYNTHETIC DEMO - NOT REAL GPS,Medium
India_005835_jpg.rf.9bbc27e936475831fc516c6313bd157b,4,D20,0.657905,0.877344,0.501385,0.243936,0.339931,2,0.679862,20.24421249767406,85.8544091213635,NH-16 (DEMO),SEG-033,2026-09-28,SYNTHETIC DEMO - NOT REAL GPS,Medium
India_005835_jpg.rf.9bbc27e936475831fc516c6313bd157b,5,D40,0.641242,0.866329,0.517159,0.267341,0.11266,2,0.22532,20.21630875320129,85.86725797780717,NH-16 (DEMO),SEG-033,2026-09-28,SYNTHETIC DEMO - NOT REAL GPS,Low
India_005835_jpg.rf.9bbc27e936475831fc516c6313bd157b,5,D40,0.7663,0.874997,0.46439,0.250007,0.0884494,2,0.1768988,20.29736967162014,85.73628295346876,NH-16 (DEMO),SEG-033,2026-09-28,SYNTHETIC DEMO - NOT REAL GPS,Low
India_005835_jpg.rf.9bbc27e936475831fc516c6313bd157b,4,D20,0.584883,0.879653,0.398604,0.229863,0.0825612,2,0.1651224,20.31521678262248,85.87035523968365,NH-16 (DEMO),SEG-033,2026-09-28,SYNTHETIC DEMO - NOT REAL GPS,Low
India_005835_jpg.rf.9bbc27e936475831fc516c6313bd157b,7,D44,0.615998,0.880684,0.138519,0.135282,0.0699096,3,0.2097288,20.29843529684614,85.73081920122068,NH-16 (DEMO),SEG-033,2026-09-28,SYNTHETIC DEMO - NOT REAL GPS,Low
India_005835_jpg.rf.9bbc27e936475831fc516c6313bd157b,4,D20,0.772158,0.885715,0.455685,0.227585,0.068812,2,0.137624,20.212564939619465,85.79584899454845,NH-16 (DEMO),SEG-034,2026-09-28,SYNTHETIC DEMO - NOT REAL GPS,Low
India_005855_jpg.rf.b8769e24c5b2b46df6a18707da2c4dc5,0,D00,0.583263,0.863044,0.0466348,0.150966,0.103172,3,0.309516,20.213861502990177,85.85444016330045,NH-16 (DEMO),SEG-034,2026-09-28,SYNTHETIC DEMO - NOT REAL GPS,Low
India_005855_jpg.rf.b8769e24c5b2b46df6a18707da2c4dc5,5,D40,0.50376,0.788092,0.3234,0.0809312,0.0955127,2,0.1910254,20.210756536018796,85.73124978217031,NH-16 (DEMO),SEG-034,2026-09-28,SYNTHETIC DEMO - NOT REAL GPS,Low
India_005855_jpg.rf.b8769e24c5b2b46df6a18707da2c4dc5,5,D40,0.486843,0.787139,0.220067,0.069966,0.0834599,2,0.1669198,20.191606095368996,85.72291697167823,NH-16 (DEMO),SEG-034,2026-09-28,SYNTHETIC DEMO - NOT REAL GPS,Low
India_005855_jpg.rf.b8769e24c5b2b46df6a18707da2c4dc5,5,D40,0.457128,0.781313,0.117314,0.0479126,0.0519337,2,0.1038674,20.321007738896594,85.72399163499306,NH-16 (DEMO),SEG-034,2026-09-28,SYNTHETIC DEMO - NOT REAL GPS,Low
India_005855_jpg.rf.b8769e24c5b2b46df6a18707da2c4dc5,5,D40,0.521524,0.795201,0.225996,0.0673029,0.0510851,2,0.1021702,20.234327647705133,85.80180323830976,NH-16 (DEMO),SEG-034,2026-09-28,SYNTHETIC DEMO - NOT REAL GPS,Low
India_005857_jpg.rf.c71e05a98139899738bda4e747343312,4,D20,0.425862,0.81338,0.838785,0.261735,0.307925,2,0.61585,20.20595031592734,85.84985547913546,NH-16 (DEMO),SEG-034,2026-09-28,SYNTHETIC DEMO - NOT REAL GPS,Medium
India_005890_jpg.rf.5a846123ef0db9ca134af09347eaa6fe,4,D20,0.54156,0.799245,0.916879,0.40151,0.0741236,2,0.1482472,20.30546736808132,85.74038826737161,NH-16 (DEMO),SEG-034,2026-09-28,SYNTHETIC DEMO - NOT REAL GPS,Low
India_005901_jpg.rf.a7a1ebf7cff926104945fbada9326222,7,D44,0.45717,0.851957,0.126585,0.124715,0.0628147,3,0.1884441,20.233871248425245,85.73993764065273,NH-16 (DEMO),SEG-034,2026-09-28,SYNTHETIC DEMO - NOT REAL GPS,Low
India_005909_jpg.rf.b07e9c96245bfc4c93b1640c4a45afed,4,D20,0.614509,0.867358,0.756492,0.265284,0.0661215,2,0.132243,20.175618689777547,85.81096749680796,NH-16 (DEMO),SEG-034,2026-09-28,SYNTHETIC DEMO - NOT REAL GPS,Low
India_005954_jpg.rf.84b3c240ede2546d433643b30843f8a3,4,D20,0.607095,0.770999,0.39026,0.259686,0.999463,2,1.998926,20.19591065123994,85.75748729612991,NH-16 (DEMO),SEG-034,2026-09-28,SYNTHETIC DEMO - NOT REAL GPS,High
India_005954_jpg.rf.84b3c240ede2546d433643b30843f8a3,4,D20,0.65377,0.77075,0.275709,0.248293,0.964686,2,1.929372,20.27228005445699,85.83683419762318,NH-16 (DEMO),SEG-034,2026-09-28,SYNTHETIC DEMO - NOT REAL GPS,High
India_005954_jpg.rf.84b3c240ede2546d433643b30843f8a3,4,D20,0.626057,0.77739,0.566663,0.239778,0.68091,2,1.36182,20.295264843867475,85.87194166210827,NH-16 (DEMO),SEG-034,2026-09-28,SYNTHETIC DEMO - NOT REAL GPS,Medium
India_005954_jpg.rf.84b3c240ede2546d433643b30843f8a3,4,D20,0.615937,0.758804,0.260658,0.228517,0.571228,2,1.142456,20.203749502158193,85.84256534505606,NH-16 (DEMO),SEG-034,2026-09-28,SYNTHETIC DEMO - NOT REAL GPS,Medium
India_005954_jpg.rf.84b3c240ede2546d433643b30843f8a3,7,D44,0.707905,0.792457,0.125055,0.16435,0.334205,3,1.002615,20.316783294282583,85.86034805862063,NH-16 (DEMO),SEG-034,2026-09-28,SYNTHETIC DEMO - NOT REAL GPS,Medium
India_005954_jpg.rf.84b3c240ede2546d433643b30843f8a3,7,D44,0.721691,0.807608,0.0850246,0.13655,0.282787,3,0.848361,20.306159539208345,85.80313376921147,NH-16 (DEMO),SEG-034,2026-09-28,SYNTHETIC DEMO - NOT REAL GPS,Medium
India_005954_jpg.rf.84b3c240ede2546d433643b30843f8a3,0,D00,0.695757,0.766031,0.171484,0.221795,0.211633,3,0.634899,20.30574092064977,85.8531710886748,NH-16 (DEMO),SEG-034,2026-09-28,SYNTHETIC DEMO - NOT REAL GPS,Medium
India_005954_jpg.rf.84b3c240ede2546d433643b30843f8a3,0,D00,0.6339,0.761588,0.20093,0.227669,0.19376,3,0.58128,20.206425783487873,85.74926450943786,NH-16 (DEMO),SEG-034,2026-09-28,SYNTHETIC DEMO - NOT REAL GPS,Medium
India_005954_jpg.rf.84b3c240ede2546d433643b30843f8a3,4,D20,0.718695,0.766981,0.507036,0.24054,0.172334,2,0.344668,20.17808575818401,85.7309356624633,NH-16 (DEMO),SEG-034,2026-09-28,SYNTHETIC DEMO - NOT REAL GPS,Low
India_005954_jpg.rf.84b3c240ede2546d433643b30843f8a3,4,D20,0.573601,0.751611,0.275953,0.227504,0.139582,2,0.279164,20.308787766317213,85.82495249761995,NH-16 (DEMO),SEG-034,2026-09-28,SYNTHETIC DEMO - NOT REAL GPS,Low
India_005954_jpg.rf.84b3c240ede2546d433643b30843f8a3,7,D44,0.694964,0.765805,0.135455,0.204768,0.137725,3,0.4131749999999999,20.21892803659817,85.72831240060128,NH-16 (DEMO),SEG-034,2026-09-28,SYNTHETIC DEMO - NOT REAL GPS,Low
India_005954_jpg.rf.84b3c240ede2546d433643b30843f8a3,4,D20,0.59322,0.747362,0.204551,0.185382,0.117337,2,0.234674,20.269026620987763,85.86279702706234,NH-16 (DEMO),SEG-034,2026-09-28,SYNTHETIC DEMO - NOT REAL GPS,Low
India_005954_jpg.rf.84b3c240ede2546d433643b30843f8a3,4,D20,0.66559,0.769609,0.201658,0.216599,0.105213,2,0.210426,20.291594701392118,85.83064866353719,NH-16 (DEMO),SEG-034,2026-09-28,SYNTHETIC DEMO - NOT REAL GPS,Low
India_005954_jpg.rf.84b3c240ede2546d433643b30843f8a3,0,D00,0.72859,0.80149,0.0933393,0.15338,0.0989557,3,0.2968671,20.19052692136178,85.87235211606543,NH-16 (DEMO),SEG-034,2026-09-28,SYNTHETIC DEMO - NOT REAL GPS,Low
India_005954_jpg.rf.84b3c240ede2546d433643b30843f8a3,7,D44,0.710409,0.784893,0.0986109,0.141584,0.0856702,3,0.2570106,20.294934136723047,85.77022186501011,NH-16 (DEMO),SEG-034,2026-09-28,SYNTHETIC DEMO - NOT REAL GPS,Low
India_005954_jpg.rf.84b3c240ede2546d433643b30843f8a3,4,D20,0.656017,0.802722,0.245224,0.175296,0.0663776,2,0.1327552,20.32016183343377,85.79778532947226,NH-16 (DEMO),SEG-034,2026-09-28,SYNTHETIC DEMO - NOT REAL GPS,Low
India_005954_jpg.rf.84b3c240ede2546d433643b30843f8a3,0,D00,0.631782,0.814667,0.0663647,0.124942,0.0602523,3,0.1807569,20.286539994519426,85.83867045840722,NH-16 (DEMO),SEG-034,2026-09-28,SYNTHETIC DEMO - NOT REAL GPS,Low
India_005954_jpg.rf.84b3c240ede2546d433643b30843f8a3,7,D44,0.926617,0.766261,0.146767,0.142136,0.0570561,3,0.1711683,20.24059563975689,85.75884463767373,NH-16 (DEMO),SEG-034,2026-09-28,SYNTHETIC DEMO - NOT REAL GPS,Low
India_005954_jpg.rf.84b3c240ede2546d433643b30843f8a3,0,D00,0.690141,0.793925,0.157041,0.169577,0.0557756,3,0.1673268,20.310268502200273,85.80669581121786,NH-16 (DEMO),SEG-034,2026-09-28,SYNTHETIC DEMO - NOT REAL GPS,Low
India_005954_jpg.rf.84b3c240ede2546d433643b30843f8a3,7,D44,0.699785,0.763815,0.101183,0.157319,0.0548899,3,0.1646697,20.25439322081161,85.82551476400087,NH-16 (DEMO),SEG-034,2026-09-28,SYNTHETIC DEMO - NOT REAL GPS,Low
India_005954_jpg.rf.84b3c240ede2546d433643b30843f8a3,5,D40,0.612745,0.724176,0.233303,0.146738,0.0525188,2,0.1050376,20.289163348450682,85.87660938471153,NH-16 (DEMO),SEG-034,2026-09-28,SYNTHETIC DEMO - NOT REAL GPS,Low
India_005956_jpg.rf.9ce9620dce160e9b31c012116390c5e5,7,D44,0.658687,0.846071,0.0527588,0.125282,0.0506152,3,0.1518456,20.301280951017375,85.83915252707878,NH-16 (DEMO),SEG-034,2026-09-28,SYNTHETIC DEMO - NOT REAL GPS,Low
India_005957_jpg.rf.7d2fff635ba8b8d34308817eeea80497,4,D20,0.51181,0.890011,0.954725,0.218133,0.169768,2,0.339536,20.28989645787184,85.73890093604464,NH-16 (DEMO),SEG-034,2026-09-28,SYNTHETIC DEMO - NOT REAL GPS,Low
India_005959_jpg.rf.054f9c0d55b2d8e7033ea28b53a4197a,4,D20,0.439694,0.863376,0.867244,0.242247,0.413563,2,0.827126,20.216056780167705,85.79605335222132,NH-16 (DEMO),SEG-034,2026-09-28,SYNTHETIC DEMO - NOT REAL GPS,Medium
India_005959_jpg.rf.054f9c0d55b2d8e7033ea28b53a4197a,7,D44,0.679625,0.94942,0.0538775,0.100126,0.135157,3,0.405471,20.18885502414493,85.81420332527833,NH-16 (DEMO),SEG-034,2026-09-28,SYNTHETIC DEMO - NOT REAL GPS,Low
India_005962_jpg.rf.bc6cf946b014365cc448a9ce94ecd9cc,5,D40,0.652588,0.848903,0.154113,0.143457,0.475705,2,0.95141,20.20813416469793,85.74345970285829,NH-16 (DEMO),SEG-034,2026-09-28,SYNTHETIC DEMO - NOT REAL GPS,Medium
India_005962_jpg.rf.bc6cf946b014365cc448a9ce94ecd9cc,4,D20,0.682785,0.873196,0.240096,0.230528,0.2471,2,0.4942,20.250459989916855,85.78911456911698,NH-16 (DEMO),SEG-034,2026-09-28,SYNTHETIC DEMO - NOT REAL GPS,Low
India_005962_jpg.rf.bc6cf946b014365cc448a9ce94ecd9cc,4,D20,0.684746,0.866761,0.356335,0.250213,0.13755,2,0.2751,20.250844307566894,85.76544093061374,NH-16 (DEMO),SEG-034,2026-09-28,SYNTHETIC DEMO - NOT REAL GPS,Low
India_005962_jpg.rf.bc6cf946b014365cc448a9ce94ecd9cc,4,D20,0.509937,0.849322,0.935178,0.295788,0.0676186,2,0.1352372,20.263223095890325,85.73901240676192,NH-16 (DEMO),SEG-034,2026-09-28,SYNTHETIC DEMO - NOT REAL GPS,Low
India_005962_jpg.rf.bc6cf946b014365cc448a9ce94ecd9cc,0,D00,0.66614,0.883361,0.186002,0.216894,0.0530271,3,0.1590813,20.23321629400766,85.80192670935415,NH-16 (DEMO),SEG-034,2026-09-28,SYNTHETIC DEMO - NOT REAL GPS,Low
India_005968_jpg.rf.992eb472e818a0bb7a0aced195230111,4,D20,0.601907,0.886266,0.791807,0.227468,0.952357,2,1.904714,20.295902621032006,85.74650129296197,NH-16 (DEMO),SEG-034,2026-09-28,SYNTHETIC DEMO - NOT REAL GPS,High
India_005968_jpg.rf.992eb472e818a0bb7a0aced195230111,4,D20,0.695428,0.885067,0.393537,0.229867,0.647408,2,1.294816,20.316104600055553,85.81448598537371,NH-16 (DEMO),SEG-034,2026-09-28,SYNTHETIC DEMO - NOT REAL GPS,Medium
India_005968_jpg.rf.992eb472e818a0bb7a0aced195230111,4,D20,0.699165,0.89059,0.571169,0.21882,0.631156,2,1.262312,20.209476008556717,85.7471515091587,NH-16 (DEMO),SEG-034,2026-09-28,SYNTHETIC DEMO - NOT REAL GPS,Medium
India_005968_jpg.rf.992eb472e818a0bb7a0aced195230111,5,D40,0.654015,0.837796,0.0751831,0.0421515,0.616767,2,1.233534,20.287843714832302,85.83577518777645,NH-16 (DEMO),SEG-034,2026-09-28,SYNTHETIC DEMO - NOT REAL GPS,Medium
India_005968_jpg.rf.992eb472e818a0bb7a0aced195230111,5,D40,0.682659,0.847173,0.216494,0.0906029,0.349521,2,0.699042,20.278475496407207,85.75123865968474,NH-16 (DEMO),SEG-034,2026-09-28,SYNTHETIC DEMO - NOT REAL GPS,Medium
India_005968_jpg.rf.992eb472e818a0bb7a0aced195230111,5,D40,0.653131,0.843022,0.109415,0.051873,0.261963,2,0.523926,20.25369447988469,85.86340561612418,NH-16 (DEMO),SEG-034,2026-09-28,SYNTHETIC DEMO - NOT REAL GPS,Medium
India_005968_jpg.rf.992eb472e818a0bb7a0aced195230111,5,D40,0.672683,0.834966,0.175193,0.0829721,0.146263,2,0.292526,20.200164837419866,85.7241934970478,NH-16 (DEMO),SEG-034,2026-09-28,SYNTHETIC DEMO - NOT REAL GPS,Low
India_005968_jpg.rf.992eb472e818a0bb7a0aced195230111,4,D20,0.790844,0.896674,0.418313,0.206652,0.143462,2,0.286924,20.297237161373232,85.80351958192732,NH-16 (DEMO),SEG-034,2026-09-28,SYNTHETIC DEMO - NOT REAL GPS,Low
India_005968_jpg.rf.992eb472e818a0bb7a0aced195230111,4,D20,0.587327,0.875025,0.542377,0.249949,0.113953,2,0.227906,20.323700205700614,85.77121676254184,NH-16 (DEMO),SEG-034,2026-09-28,SYNTHETIC DEMO - NOT REAL GPS,Low
India_005968_jpg.rf.992eb472e818a0bb7a0aced195230111,5,D40,0.650236,0.832693,0.129394,0.0705342,0.100192,2,0.200384,20.285493813157377,85.75601224412394,NH-16 (DEMO),SEG-034,2026-09-28,SYNTHETIC DEMO - NOT REAL GPS,Low
India_005968_jpg.rf.992eb472e818a0bb7a0aced195230111,5,D40,0.64164,0.8566,0.134693,0.0930025,0.0952627,2,0.1905254,20.316857599460118,85.79545644466643,NH-16 (DEMO),SEG-035,2026-09-28,SYNTHETIC DEMO - NOT REAL GPS,Low
India_005968_jpg.rf.992eb472e818a0bb7a0aced195230111,5,D40,0.665137,0.876894,0.381611,0.246211,0.0830988,2,0.1661976,20.32746964239168,85.85472312581187,NH-16 (DEMO),SEG-035,2026-09-28,SYNTHETIC DEMO - NOT REAL GPS,Low
India_005968_jpg.rf.992eb472e818a0bb7a0aced195230111,4,D20,0.676531,0.896713,0.237319,0.206575,0.0614681,2,0.1229362,20.226328107878278,85.86644435288426,NH-16 (DEMO),SEG-035,2026-09-28,SYNTHETIC DEMO - NOT REAL GPS,Low
India_005968_jpg.rf.992eb472e818a0bb7a0aced195230111,5,D40,0.678262,0.892884,0.240788,0.214233,0.0535262,2,0.1070524,20.272115768468215,85.76851977890365,NH-16 (DEMO),SEG-035,2026-09-28,SYNTHETIC DEMO - NOT REAL GPS,Low
India_005968_jpg.rf.992eb472e818a0bb7a0aced195230111,5,D40,0.609476,0.86991,0.517536,0.260181,0.0523785,2,0.104757,20.245829238022093,85.74467897953521,NH-16 (DEMO),SEG-035,2026-09-28,SYNTHETIC DEMO - NOT REAL GPS,Low
India_005970_jpg.rf.f5bceb9bc79f23fca3d09ad944986601,4,D20,0.496444,0.727284,0.911977,0.263028,0.674584,2,1.349168,20.327860599498116,85.8352224716106,NH-16 (DEMO),SEG-035,2026-09-28,SYNTHETIC DEMO - NOT REAL GPS,Medium
India_005970_jpg.rf.f5bceb9bc79f23fca3d09ad944986601,4,D20,0.6124,0.729733,0.622312,0.256037,0.182266,2,0.364532,20.185009251841237,85.81311979607295,NH-16 (DEMO),SEG-035,2026-09-28,SYNTHETIC DEMO - NOT REAL GPS,Low
India_005971_jpg.rf.dc5355bb58dd588620223c96a2cb0fad,4,D20,0.410783,0.750776,0.821567,0.498449,0.367676,2,0.735352,20.235979986287557,85.7521625837884,NH-16 (DEMO),SEG-035,2026-09-28,SYNTHETIC DEMO - NOT REAL GPS,Medium
India_005971_jpg.rf.dc5355bb58dd588620223c96a2cb0fad,4,D20,0.649491,0.794191,0.49271,0.409339,0.239869,2,0.479738,20.310086247124357,85.84164732609399,NH-16 (DEMO),SEG-035,2026-09-28,SYNTHETIC DEMO - NOT REAL GPS,Low
India_005971_jpg.rf.dc5355bb58dd588620223c96a2cb0fad,4,D20,0.577522,0.81455,0.42606,0.3709,0.207551,2,0.415102,20.215448209684244,85.80302886963874,NH-16 (DEMO),SEG-035,2026-09-28,SYNTHETIC DEMO - NOT REAL GPS,Low
India_005971_jpg.rf.dc5355bb58dd588620223c96a2cb0fad,4,D20,0.70212,0.840672,0.535865,0.318655,0.166726,2,0.333452,20.29604685610222,85.82454323192118,NH-16 (DEMO),SEG-035,2026-09-28,SYNTHETIC DEMO - NOT REAL GPS,Low
India_005971_jpg.rf.dc5355bb58dd588620223c96a2cb0fad,4,D20,0.162836,0.602269,0.325673,0.268251,0.160013,2,0.320026,20.23124530604484,85.77749424543414,NH-16 (DEMO),SEG-035,2026-09-28,SYNTHETIC DEMO - NOT REAL GPS,Low
India_005971_jpg.rf.dc5355bb58dd588620223c96a2cb0fad,4,D20,0.739111,0.843628,0.308941,0.312744,0.139317,2,0.278634,20.326796566382427,85.79025560980838,NH-16 (DEMO),SEG-035,2026-09-28,SYNTHETIC DEMO - NOT REAL GPS,Low
India_005971_jpg.rf.dc5355bb58dd588620223c96a2cb0fad,4,D20,0.183996,0.691918,0.367992,0.464815,0.138327,2,0.276654,20.311364773827794,85.74885473573998,NH-16 (DEMO),SEG-035,2026-09-28,SYNTHETIC DEMO - NOT REAL GPS,Low
India_005971_jpg.rf.dc5355bb58dd588620223c96a2cb0fad,4,D20,0.187999,0.829047,0.375999,0.341906,0.0993671,2,0.1987342,20.21821125722602,85.84104253882325,NH-16 (DEMO),SEG-035,2026-09-28,SYNTHETIC DEMO - NOT REAL GPS,Low
India_005971_jpg.rf.dc5355bb58dd588620223c96a2cb0fad,4,D20,0.548457,0.841996,0.321188,0.316008,0.0842636,2,0.1685272,20.29323089816606,85.74512181186428,NH-16 (DEMO),SEG-035,2026-09-28,SYNTHETIC DEMO - NOT REAL GPS,Low
India_005971_jpg.rf.dc5355bb58dd588620223c96a2cb0fad,4,D20,0.230923,0.74774,0.461845,0.50452,0.0776382,2,0.1552764,20.223897047013324,85.84452841516017,NH-16 (DEMO),SEG-035,2026-09-28,SYNTHETIC DEMO - NOT REAL GPS,Low
India_005971_jpg.rf.dc5355bb58dd588620223c96a2cb0fad,4,D20,0.572766,0.756564,0.508646,0.486873,0.064294,2,0.128588,20.267018054434487,85.84768125678153,NH-16 (DEMO),SEG-035,2026-09-28,SYNTHETIC DEMO - NOT REAL GPS,Low
India_005971_jpg.rf.dc5355bb58dd588620223c96a2cb0fad,4,D20,0.618321,0.859012,0.397887,0.281977,0.058423,2,0.116846,20.275356922942926,85.83945615424882,NH-16 (DEMO),SEG-035,2026-09-28,SYNTHETIC DEMO - NOT REAL GPS,Low
India_005971_jpg.rf.dc5355bb58dd588620223c96a2cb0fad,4,D20,0.1421,0.631989,0.284199,0.168704,0.0543059,2,0.1086118,20.302735265453713,85.72310764608939,NH-16 (DEMO),SEG-035,2026-09-28,SYNTHETIC DEMO - NOT REAL GPS,Low
India_005971_jpg.rf.dc5355bb58dd588620223c96a2cb0fad,4,D20,0.521187,0.796696,0.880654,0.406609,0.0517931,2,0.1035862,20.173912134541123,85.76370131401707,NH-16 (DEMO),SEG-035,2026-09-28,SYNTHETIC DEMO - NOT REAL GPS,Low
India_005975_jpg.rf.2134ebd163c73a0cb1348f55962f7bde,4,D20,0.626872,0.826355,0.737882,0.276926,0.378327,2,0.756654,20.205225262584367,85.79493403884669,NH-16 (DEMO),SEG-035,2026-09-28,SYNTHETIC DEMO - NOT REAL GPS,Medium
India_005975_jpg.rf.2134ebd163c73a0cb1348f55962f7bde,4,D20,0.869096,0.832465,0.261809,0.228031,0.335816,2,0.671632,20.283906849694173,85.81528710059469,NH-16 (DEMO),SEG-035,2026-09-28,SYNTHETIC DEMO - NOT REAL GPS,Medium
India_005975_jpg.rf.2134ebd163c73a0cb1348f55962f7bde,4,D20,0.829193,0.824282,0.341614,0.249935,0.162858,2,0.325716,20.260163717915127,85.86707553589905,NH-16 (DEMO),SEG-035,2026-09-28,SYNTHETIC DEMO - NOT REAL GPS,Low
India_005975_jpg.rf.2134ebd163c73a0cb1348f55962f7bde,4,D20,0.304695,0.844957,0.602343,0.299493,0.145445,2,0.29089,20.24929681251218,85.78009695554059,NH-16 (DEMO),SEG-035,2026-09-28,SYNTHETIC DEMO - NOT REAL GPS,Low
India_005975_jpg.rf.2134ebd163c73a0cb1348f55962f7bde,4,D20,0.481468,0.841851,0.946501,0.290234,0.1338,2,0.2676,20.17883359307328,85.86000373100383,NH-16 (DEMO),SEG-035,2026-09-28,SYNTHETIC DEMO - NOT REAL GPS,Low
India_005975_jpg.rf.2134ebd163c73a0cb1348f55962f7bde,4,D20,0.729519,0.826003,0.540963,0.236373,0.0942165,2,0.188433,20.225724141353833,85.74614868610189,NH-16 (DEMO),SEG-035,2026-09-28,SYNTHETIC DEMO - NOT REAL GPS,Low
India_005975_jpg.rf.2134ebd163c73a0cb1348f55962f7bde,4,D20,0.21004,0.857623,0.414022,0.284753,0.0906085,2,0.181217,20.308416037105705,85.77940487800137,NH-16 (DEMO),SEG-035,2026-09-28,SYNTHETIC DEMO - NOT REAL GPS,Low
India_005976_jpg.rf.b0dc5130d25c9ea9b5a1ab41303d5a76,5,D40,0.459237,0.752006,0.0713884,0.0444611,0.148302,2,0.296604,20.174942853925764,85.72836512173141,NH-16 (DEMO),SEG-035,2026-09-28,SYNTHETIC DEMO - NOT REAL GPS,Low
India_005976_jpg.rf.b0dc5130d25c9ea9b5a1ab41303d5a76,5,D40,0.470792,0.749622,0.0986864,0.0520854,0.125749,2,0.251498,20.23342979765837,85.8387982865689,NH-16 (DEMO),SEG-035,2026-09-28,SYNTHETIC DEMO - NOT REAL GPS,Low
India_005976_jpg.rf.b0dc5130d25c9ea9b5a1ab41303d5a76,5,D40,0.4585,0.752121,0.102112,0.0607531,0.0825418,2,0.1650836,20.321223726027323,85.74410444118926,NH-16 (DEMO),SEG-035,2026-09-28,SYNTHETIC DEMO - NOT REAL GPS,Low
India_005976_jpg.rf.b0dc5130d25c9ea9b5a1ab41303d5a76,4,D20,0.499705,0.841728,0.937517,0.299697,0.0821979,2,0.1643958,20.1781409175272,85.76112320250375,NH-16 (DEMO),SEG-035,2026-09-28,SYNTHETIC DEMO - NOT REAL GPS,Low
India_005976_jpg.rf.b0dc5130d25c9ea9b5a1ab41303d5a76,5,D40,0.469592,0.74405,0.112376,0.0755447,0.0526063,2,0.1052126,20.289952920167142,85.8440373203509,NH-16 (DEMO),SEG-035,2026-09-28,SYNTHETIC DEMO - NOT REAL GPS,Low
India_006000_jpg.rf.214e885f90f483410d9febb3cb5353fb,4,D20,0.515438,0.80925,0.956046,0.240386,0.433797,2,0.867594,20.211218018589125,85.80555467478763,NH-16 (DEMO),SEG-035,2026-09-28,SYNTHETIC DEMO - NOT REAL GPS,Medium
India_006000_jpg.rf.214e885f90f483410d9febb3cb5353fb,4,D20,0.390215,0.804238,0.293033,0.213688,0.281446,2,0.562892,20.308657413144587,85.72223563510695,NH-16 (DEMO),SEG-035,2026-09-28,SYNTHETIC DEMO - NOT REAL GPS,Medium
India_006000_jpg.rf.214e885f90f483410d9febb3cb5353fb,4,D20,0.86665,0.797125,0.266699,0.226648,0.238107,2,0.476214,20.289370876633498,85.72035763275959,NH-16 (DEMO),SEG-035,2026-09-28,SYNTHETIC DEMO - NOT REAL GPS,Low
India_006000_jpg.rf.214e885f90f483410d9febb3cb5353fb,4,D20,0.379194,0.816608,0.735829,0.272968,0.0973865,2,0.194773,20.311712827337338,85.80170570107838,NH-16 (DEMO),SEG-035,2026-09-28,SYNTHETIC DEMO - NOT REAL GPS,Low
India_006000_jpg.rf.214e885f90f483410d9febb3cb5353fb,5,D40,0.410159,0.732197,0.0693358,0.044806,0.0972084,2,0.1944168,20.204547966469004,85.76879288219988,NH-16 (DEMO),SEG-035,2026-09-28,SYNTHETIC DEMO - NOT REAL GPS,Low
India_006000_jpg.rf.214e885f90f483410d9febb3cb5353fb,4,D20,0.265449,0.805703,0.517068,0.241998,0.0892896,2,0.1785792,20.255006840770978,85.74884983135922,NH-16 (DEMO),SEG-035,2026-09-28,SYNTHETIC DEMO - NOT REAL GPS,Low
India_006000_jpg.rf.214e885f90f483410d9febb3cb5353fb,4,D20,0.599855,0.789925,0.80029,0.218553,0.0823751,2,0.1647502,20.29468319097197,85.81817503003458,NH-16 (DEMO),SEG-035,2026-09-28,SYNTHETIC DEMO - NOT REAL GPS,Low
India_006000_jpg.rf.214e885f90f483410d9febb3cb5353fb,4,D20,0.466679,0.798908,0.457114,0.20631,0.0596878,2,0.1193756,20.209311958879198,85.75654983547479,NH-16 (DEMO),SEG-035,2026-09-28,SYNTHETIC DEMO - NOT REAL GPS,Low
India_006000_jpg.rf.214e885f90f483410d9febb3cb5353fb,4,D20,0.889272,0.828622,0.218012,0.163167,0.0529261,2,0.1058522,20.206919408842754,85.81475314394959,NH-16 (DEMO),SEG-035,2026-09-28,SYNTHETIC DEMO - NOT REAL GPS,Low
India_006000_jpg.rf.214e885f90f483410d9febb3cb5353fb,5,D40,0.174051,0.733677,0.344694,0.17523,0.0524991,2,0.1049982,20.174349141359613,85.78068255209381,NH-16 (DEMO),SEG-035,2026-09-28,SYNTHETIC DEMO - NOT REAL GPS,Low
India_006000_jpg.rf.214e885f90f483410d9febb3cb5353fb,4,D20,0.342134,0.822929,0.63279,0.218324,0.0506263,2,0.1012526,20.32336244703607,85.74987939482716,NH-16 (DEMO),SEG-035,2026-09-28,SYNTHETIC DEMO - NOT REAL GPS,Low
India_006003_jpg.rf.ea726b7ef62d007cfae0d7542a78c3da,4,D20,0.470788,0.866477,0.709911,0.249148,0.082243,2,0.164486,20.28360270080874,85.74209675805899,NH-16 (DEMO),SEG-035,2026-09-28,SYNTHETIC DEMO - NOT REAL GPS,Low
India_006003_jpg.rf.ea726b7ef62d007cfae0d7542a78c3da,7,D44,0.677567,0.820901,0.147749,0.195044,0.0522539,3,0.1567617,20.27168965664163,85.75789769650036,NH-16 (DEMO),SEG-035,2026-09-28,SYNTHETIC DEMO - NOT REAL GPS,Low
India_006029_jpg.rf.04d7f6b2bdd90caa72981032ebc3e231,4,D20,0.579564,0.829585,0.816543,0.262854,0.998004,2,1.996008,20.289039155631198,85.72477313728207,NH-16 (DEMO),SEG-035,2026-09-28,SYNTHETIC DEMO - NOT REAL GPS,High
India_006029_jpg.rf.04d7f6b2bdd90caa72981032ebc3e231,4,D20,0.678758,0.822698,0.557317,0.272184,0.89633,2,1.79266,20.25505806699127,85.7693003139258,NH-16 (DEMO),SEG-035,2026-09-28,SYNTHETIC DEMO - NOT REAL GPS,High
India_006029_jpg.rf.04d7f6b2bdd90caa72981032ebc3e231,4,D20,0.690755,0.858511,0.61849,0.258197,0.885405,2,1.77081,20.246181411374465,85.86431275042908,NH-16 (DEMO),SEG-035,2026-09-28,SYNTHETIC DEMO - NOT REAL GPS,High
India_006029_jpg.rf.04d7f6b2bdd90caa72981032ebc3e231,4,D20,0.588704,0.872681,0.822078,0.250401,0.782803,2,1.565606,20.241925158579765,85.85301794014129,NH-16 (DEMO),SEG-035,2026-09-28,SYNTHETIC DEMO - NOT REAL GPS,High
India_006029_jpg.rf.04d7f6b2bdd90caa72981032ebc3e231,4,D20,0.798301,0.858755,0.402076,0.266999,0.749834,2,1.499668,20.272470273936584,85.77952060107515,NH-16 (DEMO),SEG-036,2026-09-28,SYNTHETIC DEMO - NOT REAL GPS,Medium
India_006029_jpg.rf.04d7f6b2bdd90caa72981032ebc3e231,4,D20,0.537414,0.820648,0.558772,0.272926,0.732522,2,1.465044,20.20224559606278,85.81213337897309,NH-16 (DEMO),SEG-036,2026-09-28,SYNTHETIC DEMO - NOT REAL GPS,Medium
India_006029_jpg.rf.04d7f6b2bdd90caa72981032ebc3e231,4,D20,0.393873,0.839676,0.364607,0.274115,0.691625,2,1.38325,20.312089391202377,85.81077768944225,NH-16 (DEMO),SEG-036,2026-09-28,SYNTHETIC DEMO - NOT REAL GPS,Medium
India_006029_jpg.rf.04d7f6b2bdd90caa72981032ebc3e231,4,D20,0.3513,0.855294,0.66598,0.266492,0.275164,2,0.550328,20.299880379395084,85.852598006271,NH-16 (DEMO),SEG-036,2026-09-28,SYNTHETIC DEMO - NOT REAL GPS,Medium
India_006029_jpg.rf.04d7f6b2bdd90caa72981032ebc3e231,4,D20,0.338601,0.860448,0.467192,0.273871,0.259506,2,0.519012,20.225930177832325,85.75780641624272,NH-16 (DEMO),SEG-036,2026-09-28,SYNTHETIC DEMO - NOT REAL GPS,Medium
India_006029_jpg.rf.04d7f6b2bdd90caa72981032ebc3e231,4,D20,0.844241,0.872958,0.311518,0.250371,0.189206,2,0.378412,20.262577487490002,85.76742199820688,NH-16 (DEMO),SEG-036,2026-09-28,SYNTHETIC DEMO - NOT REAL GPS,Low
India_006029_jpg.rf.04d7f6b2bdd90caa72981032ebc3e231,4,D20,0.748475,0.836389,0.503017,0.30853,0.187026,2,0.374052,20.192564367992002,85.76828566939929,NH-16 (DEMO),SEG-036,2026-09-28,SYNTHETIC DEMO - NOT REAL GPS,Low
India_006029_jpg.rf.04d7f6b2bdd90caa72981032ebc3e231,4,D20,0.628202,0.85783,0.590219,0.218259,0.144602,2,0.289204,20.325575399669376,85.72653919836347,NH-16 (DEMO),SEG-036,2026-09-28,SYNTHETIC DEMO - NOT REAL GPS,Low
India_006029_jpg.rf.04d7f6b2bdd90caa72981032ebc3e231,4,D20,0.4612,0.855292,0.597998,0.245385,0.0739283,2,0.1478566,20.314462830020844,85.77035005812627,NH-16 (DEMO),SEG-036,2026-09-28,SYNTHETIC DEMO - NOT REAL GPS,Low
India_006029_jpg.rf.04d7f6b2bdd90caa72981032ebc3e231,4,D20,0.614029,0.799409,0.523656,0.30934,0.0729673,2,0.1459346,20.31750360103987,85.86046620425408,NH-16 (DEMO),SEG-036,2026-09-28,SYNTHETIC DEMO - NOT REAL GPS,Low
India_006048_jpg.rf.4eaa7d2e45d5db119dde5fbe0f29272d,4,D20,0.508354,0.645595,0.947437,0.260522,0.179635,2,0.35927,20.223146087632554,85.86591802361143,NH-16 (DEMO),SEG-036,2026-09-28,SYNTHETIC DEMO - NOT REAL GPS,Low
India_006048_jpg.rf.4eaa7d2e45d5db119dde5fbe0f29272d,4,D20,0.466532,0.749943,0.91642,0.326765,0.101628,2,0.203256,20.197061553181257,85.73754165532297,NH-16 (DEMO),SEG-036,2026-09-28,SYNTHETIC DEMO - NOT REAL GPS,Low
India_006048_jpg.rf.4eaa7d2e45d5db119dde5fbe0f29272d,4,D20,0.462257,0.688297,0.910013,0.332134,0.0676533,2,0.1353066,20.20388354615461,85.79328936665894,NH-16 (DEMO),SEG-036,2026-09-28,SYNTHETIC DEMO - NOT REAL GPS,Low
India_006048_jpg.rf.4eaa7d2e45d5db119dde5fbe0f29272d,4,D20,0.299869,0.79494,0.536099,0.356758,0.0577761,2,0.1155522,20.184400222567213,85.78101582425401,NH-16 (DEMO),SEG-036,2026-09-28,SYNTHETIC DEMO - NOT REAL GPS,Low
India_006052_jpg.rf.3bcf4a6d9a0883ab791b864aba403fad,5,D40,0.648784,0.860991,0.0842514,0.0547847,0.0525744,2,0.1051488,20.189217700816222,85.79829747145973,NH-16 (DEMO),SEG-036,2026-09-28,SYNTHETIC DEMO - NOT REAL GPS,Low
India_006064_jpg.rf.d137f7b20d09878f29718c6bf34b3873,7,D44,0.373068,0.816973,0.146396,0.138219,0.214759,3,0.644277,20.181408725469574,85.80875512384938,NH-16 (DEMO),SEG-036,2026-09-28,SYNTHETIC DEMO - NOT REAL GPS,Medium
India_006081_jpg.rf.449eac3d7b5d37b8bcc0a842e6aa94b5,4,D20,0.407792,0.691661,0.733455,0.216707,0.0782807,2,0.1565614,20.32837169107278,85.72324140160283,NH-16 (DEMO),SEG-036,2026-09-28,SYNTHETIC DEMO - NOT REAL GPS,Low
India_006081_jpg.rf.449eac3d7b5d37b8bcc0a842e6aa94b5,4,D20,0.539332,0.690837,0.489055,0.221579,0.0668724,2,0.1337448,20.18184922933905,85.85475875966738,NH-16 (DEMO),SEG-036,2026-09-28,SYNTHETIC DEMO - NOT REAL GPS,Low
India_006091_jpg.rf.5588a6effe0b3b35b007f6faad76b567,4,D20,0.712251,0.766748,0.315973,0.264553,0.669935,2,1.33987,20.191206732952224,85.87578625170774,NH-16 (DEMO),SEG-036,2026-09-28,SYNTHETIC DEMO - NOT REAL GPS,Medium
India_006091_jpg.rf.5588a6effe0b3b35b007f6faad76b567,4,D20,0.667396,0.767854,0.222798,0.251394,0.553078,2,1.106156,20.302360735294517,85.82454476992058,NH-16 (DEMO),SEG-036,2026-09-28,SYNTHETIC DEMO - NOT REAL GPS,Medium
India_006091_jpg.rf.5588a6effe0b3b35b007f6faad76b567,4,D20,0.774164,0.776939,0.426492,0.255524,0.466961,2,0.933922,20.26283843467887,85.82567235815894,NH-16 (DEMO),SEG-036,2026-09-28,SYNTHETIC DEMO - NOT REAL GPS,Medium
India_006091_jpg.rf.5588a6effe0b3b35b007f6faad76b567,0,D00,0.657245,0.771599,0.147881,0.223214,0.332224,3,0.996672,20.293906752731093,85.80447677725292,NH-16 (DEMO),SEG-036,2026-09-28,SYNTHETIC DEMO - NOT REAL GPS,Medium
India_006091_jpg.rf.5588a6effe0b3b35b007f6faad76b567,4,D20,0.789107,0.805706,0.414945,0.186234,0.130444,2,0.260888,20.270945921243626,85.7734837458743,NH-16 (DEMO),SEG-036,2026-09-28,SYNTHETIC DEMO - NOT REAL GPS,Low
India_006091_jpg.rf.5588a6effe0b3b35b007f6faad76b567,0,D00,0.640119,0.75521,0.1332,0.204237,0.100419,3,0.301257,20.31114801125263,85.74383645186872,NH-16 (DEMO),SEG-036,2026-09-28,SYNTHETIC DEMO - NOT REAL GPS,Low
India_006091_jpg.rf.5588a6effe0b3b35b007f6faad76b567,7,D44,0.636003,0.757033,0.122474,0.19904,0.0923803,3,0.2771409,20.27215480444236,85.81345013483137,NH-16 (DEMO),SEG-036,2026-09-28,SYNTHETIC DEMO - NOT REAL GPS,Low
India_006091_jpg.rf.5588a6effe0b3b35b007f6faad76b567,0,D00,0.671406,0.806804,0.0981272,0.156272,0.0869965,3,0.2609895,20.253540014864505,85.72719062456147,NH-16 (DEMO),SEG-036,2026-09-28,SYNTHETIC DEMO - NOT REAL GPS,Low
India_006091_jpg.rf.5588a6effe0b3b35b007f6faad76b567,5,D40,0.618025,0.736442,0.097382,0.156102,0.0632831,2,0.1265662,20.28403995100181,85.8519204108307,NH-16 (DEMO),SEG-036,2026-09-28,SYNTHETIC DEMO - NOT REAL GPS,Low
India_006106_jpg.rf.53b5df2f3ba893fc77575b3eceb19c5e,4,D20,0.820497,0.853268,0.358262,0.293464,0.22244,2,0.44488,20.24158284028674,85.78734587191529,NH-16 (DEMO),SEG-036,2026-09-28,SYNTHETIC DEMO - NOT REAL GPS,Low
India_006106_jpg.rf.53b5df2f3ba893fc77575b3eceb19c5e,4,D20,0.861841,0.867014,0.276317,0.264058,0.0572282,2,0.1144564,20.225370211664757,85.78636067586591,NH-16 (DEMO),SEG-036,2026-09-28,SYNTHETIC DEMO - NOT REAL GPS,Low
India_006132_jpg.rf.ac154cd43d3327e4f1bc4cd8c1eff7f9,5,D40,0.590602,0.590018,0.0937232,0.0533591,0.0515873,2,0.1031746,20.244824392392033,85.77234733735614,NH-16 (DEMO),SEG-036,2026-09-28,SYNTHETIC DEMO - NOT REAL GPS,Low
India_006182_jpg.rf.4c47e1fe4fde17e54acaede9f80afa5a,4,D20,0.573661,0.809178,0.8264,0.242927,0.21511,2,0.43022,20.197154256815768,85.87509662219178,NH-16 (DEMO),SEG-036,2026-09-28,SYNTHETIC DEMO - NOT REAL GPS,Low
India_006182_jpg.rf.4c47e1fe4fde17e54acaede9f80afa5a,4,D20,0.682478,0.812388,0.635043,0.27548,0.0529631,2,0.1059262,20.29745147676843,85.7479867124433,NH-16 (DEMO),SEG-036,2026-09-28,SYNTHETIC DEMO - NOT REAL GPS,Low
India_006187_jpg.rf.07cac0bf1e8bb013874acf605d159d3b,4,D20,0.441715,0.857157,0.814134,0.238225,0.172509,2,0.345018,20.21171260501375,85.74420925143603,NH-16 (DEMO),SEG-036,2026-09-28,SYNTHETIC DEMO - NOT REAL GPS,Low
India_006187_jpg.rf.07cac0bf1e8bb013874acf605d159d3b,5,D40,0.632914,0.866312,0.0743475,0.0413094,0.155459,2,0.310918,20.194565047413928,85.74648504024721,NH-16 (DEMO),SEG-036,2026-09-28,SYNTHETIC DEMO - NOT REAL GPS,Low
India_006187_jpg.rf.07cac0bf1e8bb013874acf605d159d3b,5,D40,0.63178,0.866057,0.0910815,0.0509964,0.108004,2,0.216008,20.209416358685317,85.82536439725612,NH-16 (DEMO),SEG-036,2026-09-28,SYNTHETIC DEMO - NOT REAL GPS,Low
India_006187_jpg.rf.07cac0bf1e8bb013874acf605d159d3b,4,D20,0.468956,0.894532,0.923998,0.210936,0.0886854,2,0.1773708,20.304731224283557,85.87870325099674,NH-16 (DEMO),SEG-036,2026-09-28,SYNTHETIC DEMO - NOT REAL GPS,Low
India_006229_jpg.rf.0134946c06facfdb78827dace8691194,4,D20,0.499132,0.837091,0.9392,0.29057,0.892411,2,1.784822,20.22283220729564,85.75767602726428,NH-16 (DEMO),SEG-036,2026-09-28,SYNTHETIC DEMO - NOT REAL GPS,High
India_006229_jpg.rf.0134946c06facfdb78827dace8691194,4,D20,0.589943,0.871291,0.803117,0.250114,0.248198,2,0.496396,20.279767979120944,85.86489878353079,NH-16 (DEMO),SEG-036,2026-09-28,SYNTHETIC DEMO - NOT REAL GPS,Low
India_006229_jpg.rf.0134946c06facfdb78827dace8691194,4,D20,0.441846,0.871618,0.883693,0.256765,0.239418,2,0.478836,20.307025540904917,85.76457864947331,NH-16 (DEMO),SEG-036,2026-09-28,SYNTHETIC DEMO - NOT REAL GPS,Low
India_006229_jpg.rf.0134946c06facfdb78827dace8691194,4,D20,0.374432,0.829152,0.732643,0.341696,0.158195,2,0.31639,20.182439146708006,85.82366398722004,NH-16 (DEMO),SEG-036,2026-09-28,SYNTHETIC DEMO - NOT REAL GPS,Low
India_006229_jpg.rf.0134946c06facfdb78827dace8691194,4,D20,0.728582,0.871929,0.482153,0.227251,0.137662,2,0.275324,20.292403904828486,85.72647983230934,NH-16 (DEMO),SEG-036,2026-09-28,SYNTHETIC DEMO - NOT REAL GPS,Low
India_006229_jpg.rf.0134946c06facfdb78827dace8691194,4,D20,0.525483,0.825262,0.579637,0.288819,0.0858668,2,0.1717336,20.219226474620644,85.79930463593219,NH-16 (DEMO),SEG-036,2026-09-28,SYNTHETIC DEMO - NOT REAL GPS,Low
India_006229_jpg.rf.0134946c06facfdb78827dace8691194,5,D40,0.330166,0.830402,0.550982,0.318615,0.0777699,2,0.1555398,20.204659578269446,85.82473119460464,NH-16 (DEMO),SEG-036,2026-09-28,SYNTHETIC DEMO - NOT REAL GPS,Low
India_006229_jpg.rf.0134946c06facfdb78827dace8691194,4,D20,0.680811,0.841889,0.458888,0.266107,0.0774806,2,0.1549612,20.280224232392477,85.80581116435562,NH-16 (DEMO),SEG-036,2026-09-28,SYNTHETIC DEMO - NOT REAL GPS,Low
India_006229_jpg.rf.0134946c06facfdb78827dace8691194,4,D20,0.419904,0.815053,0.593641,0.273099,0.0549372,2,0.1098744,20.315567459637318,85.75805366158109,NH-16 (DEMO),SEG-036,2026-09-28,SYNTHETIC DEMO - NOT REAL GPS,Low
India_006229_jpg.rf.0134946c06facfdb78827dace8691194,5,D40,0.414886,0.803951,0.581349,0.267531,0.0511237,2,0.1022474,20.217203073393982,85.85255951172286,NH-16 (DEMO),SEG-036,2026-09-28,SYNTHETIC DEMO - NOT REAL GPS,Low
India_006239_jpg.rf.54f21e51190644dd4fc5130f539b2a61,4,D20,0.876166,0.830854,0.247668,0.338293,0.719641,2,1.439282,20.26101340886149,85.87522184179812,NH-16 (DEMO),SEG-036,2026-09-28,SYNTHETIC DEMO - NOT REAL GPS,Medium
India_006239_jpg.rf.54f21e51190644dd4fc5130f539b2a61,4,D20,0.860653,0.778883,0.273986,0.442235,0.300037,2,0.600074,20.21637345821592,85.79347137531073,NH-16 (DEMO),SEG-036,2026-09-28,SYNTHETIC DEMO - NOT REAL GPS,Medium
India_006239_jpg.rf.54f21e51190644dd4fc5130f539b2a61,4,D20,0.892211,0.871712,0.215578,0.256576,0.205278,2,0.410556,20.258685693716227,85.82174708243028,NH-16 (DEMO),SEG-036,2026-09-28,SYNTHETIC DEMO - NOT REAL GPS,Low
India_006239_jpg.rf.54f21e51190644dd4fc5130f539b2a61,4,D20,0.832272,0.836888,0.335456,0.326224,0.116924,2,0.233848,20.269497924904694,85.84646612293528,NH-16 (DEMO),SEG-036,2026-09-28,SYNTHETIC DEMO - NOT REAL GPS,Low
India_006239_jpg.rf.54f21e51190644dd4fc5130f539b2a61,7,D44,0.414319,0.580881,0.138572,0.159651,0.10324,3,0.30972,20.267653662206428,85.75863824969949,NH-16 (DEMO),SEG-037,2026-09-28,SYNTHETIC DEMO - NOT REAL GPS,Low
India_006239_jpg.rf.54f21e51190644dd4fc5130f539b2a61,4,D20,0.503285,0.855716,0.954284,0.288569,0.0617381,2,0.1234762,20.269767419142838,85.8583120611086,NH-16 (DEMO),SEG-037,2026-09-28,SYNTHETIC DEMO - NOT REAL GPS,Low
India_006239_jpg.rf.54f21e51190644dd4fc5130f539b2a61,0,D00,0.894423,0.886331,0.182963,0.227106,0.0504968,3,0.1514904,20.191612766754805,85.76483214484959,NH-16 (DEMO),SEG-037,2026-09-28,SYNTHETIC DEMO - NOT REAL GPS,Low
India_006239_jpg.rf.54f21e51190644dd4fc5130f539b2a61,7,D44,0.40833,0.577454,0.174581,0.181819,0.0501252,3,0.1503756,20.280966475133877,85.84413292856243,NH-16 (DEMO),SEG-037,2026-09-28,SYNTHETIC DEMO - NOT REAL GPS,Low
India_006252_jpg.rf.8e3c0dfa2817b8aa0b75b5f32bc1fea2,4,D20,0.510774,0.861549,0.892007,0.276787,0.0775313,2,0.1550626,20.277960057020834,85.73793587718822,NH-16 (DEMO),SEG-037,2026-09-28,SYNTHETIC DEMO - NOT REAL GPS,Low
India_006256_jpg.rf.549976d53ee440d7cef1ddd2290ddf72,4,D20,0.493676,0.777057,0.933199,0.255418,0.324985,2,0.64997,20.2792140995547,85.76614187254627,NH-16 (DEMO),SEG-037,2026-09-28,SYNTHETIC DEMO - NOT REAL GPS,Medium
India_006256_jpg.rf.549976d53ee440d7cef1ddd2290ddf72,4,D20,0.500324,0.830362,0.948514,0.284244,0.136391,2,0.272782,20.181851288438192,85.80537918943038,NH-16 (DEMO),SEG-037,2026-09-28,SYNTHETIC DEMO - NOT REAL GPS,Low
India_006277_jpg.rf.f9d5294cc6d37ab1c047db790c3405ef,4,D20,0.524998,0.786862,0.887451,0.228849,0.060879,2,0.121758,20.241494214786265,85.80398753531269,NH-16 (DEMO),SEG-037,2026-09-28,SYNTHETIC DEMO - NOT REAL GPS,Low
India_006302_jpg.rf.39a5fa4da394a09613992640ee1c45ea,7,D44,0.337287,0.765396,0.12133,0.116252,0.559985,3,1.679955,20.235445621127315,85.85606898951782,NH-16 (DEMO),SEG-037,2026-09-28,SYNTHETIC DEMO - NOT REAL GPS,High
India_006312_jpg.rf.3327ac62b471add583463e5bc0c02480,7,D44,0.672019,0.8671,0.0767113,0.115233,0.0742249,3,0.2226747,20.18387383738291,85.87938036122218,NH-16 (DEMO),SEG-037,2026-09-28,SYNTHETIC DEMO - NOT REAL GPS,Low
India_006323_jpg.rf.3fa7234492a077b3dc37f73ae9d0aa27,4,D20,0.39584,0.807833,0.791681,0.251815,0.642508,2,1.285016,20.20557886846349,85.73715373533761,NH-16 (DEMO),SEG-037,2026-09-28,SYNTHETIC DEMO - NOT REAL GPS,Medium
India_006323_jpg.rf.3fa7234492a077b3dc37f73ae9d0aa27,4,D20,0.188603,0.851051,0.377206,0.297897,0.383357,2,0.766714,20.240554021087686,85.763422101252,NH-16 (DEMO),SEG-037,2026-09-28,SYNTHETIC DEMO - NOT REAL GPS,Medium
India_006323_jpg.rf.3fa7234492a077b3dc37f73ae9d0aa27,4,D20,0.333062,0.845657,0.666123,0.301211,0.382047,2,0.764094,20.288865009577293,85.77721571363568,NH-16 (DEMO),SEG-037,2026-09-28,SYNTHETIC DEMO - NOT REAL GPS,Medium
India_006323_jpg.rf.3fa7234492a077b3dc37f73ae9d0aa27,4,D20,0.47379,0.788464,0.691045,0.233972,0.0946925,2,0.189385,20.207929932317548,85.7966269452496,NH-16 (DEMO),SEG-037,2026-09-28,SYNTHETIC DEMO - NOT REAL GPS,Low
India_006363_jpg.rf.0f006c67edde646c26dba7b4be12d898,4,D20,0.501724,0.822285,0.910023,0.277012,0.971982,2,1.943964,20.302759985619986,85.7990255589047,NH-16 (DEMO),SEG-037,2026-09-28,SYNTHETIC DEMO - NOT REAL GPS,High
India_006363_jpg.rf.0f006c67edde646c26dba7b4be12d898,4,D20,0.384101,0.827649,0.751412,0.344701,0.11795,2,0.2359,20.257327725718316,85.85699121010374,NH-16 (DEMO),SEG-037,2026-09-28,SYNTHETIC DEMO - NOT REAL GPS,Low
India_006363_jpg.rf.0f006c67edde646c26dba7b4be12d898,4,D20,0.666848,0.820077,0.542414,0.246306,0.11363,2,0.22726,20.291667469629537,85.8432894884456,NH-16 (DEMO),SEG-037,2026-09-28,SYNTHETIC DEMO - NOT REAL GPS,Low
India_006363_jpg.rf.0f006c67edde646c26dba7b4be12d898,4,D20,0.586879,0.809198,0.555538,0.256344,0.0933876,2,0.1867752,20.245608957333896,85.72301625264608,NH-16 (DEMO),SEG-037,2026-09-28,SYNTHETIC DEMO - NOT REAL GPS,Low
India_006363_jpg.rf.0f006c67edde646c26dba7b4be12d898,4,D20,0.542405,0.85857,0.913845,0.239305,0.0907287,2,0.1814574,20.249871076067556,85.79280348169331,NH-16 (DEMO),SEG-037,2026-09-28,SYNTHETIC DEMO - NOT REAL GPS,Low
India_006363_jpg.rf.0f006c67edde646c26dba7b4be12d898,5,D40,0.455527,0.79896,0.556231,0.283814,0.0583235,2,0.116647,20.269155102300743,85.81889181411906,NH-16 (DEMO),SEG-037,2026-09-28,SYNTHETIC DEMO - NOT REAL GPS,Low
India_006374_jpg.rf.e560e3210c48c9616bf1990d7d4dfbf4,4,D20,0.626697,0.782702,0.746606,0.234188,0.0564039,2,0.1128078,20.31847529730653,85.79366329393488,NH-16 (DEMO),SEG-037,2026-09-28,SYNTHETIC DEMO - NOT REAL GPS,Low
India_006374_jpg.rf.e560e3210c48c9616bf1990d7d4dfbf4,4,D20,0.811381,0.761058,0.376915,0.239899,0.0529198,2,0.1058396,20.248690013026067,85.74090324096412,NH-16 (DEMO),SEG-037,2026-09-28,SYNTHETIC DEMO - NOT REAL GPS,Low
India_006375_jpg.rf.c781d574b4665a71adbb598e48c292f0,4,D20,0.415375,0.771773,0.8125,0.259951,0.911291,2,1.822582,20.254585206097328,85.7835958533905,NH-16 (DEMO),SEG-037,2026-09-28,SYNTHETIC DEMO - NOT REAL GPS,High
India_006375_jpg.rf.c781d574b4665a71adbb598e48c292f0,7,D44,0.398462,0.709785,0.0920183,0.0776719,0.164301,3,0.492903,20.266319514164405,85.78586491122076,NH-16 (DEMO),SEG-037,2026-09-28,SYNTHETIC DEMO - NOT REAL GPS,Low
India_006375_jpg.rf.c781d574b4665a71adbb598e48c292f0,4,D20,0.327612,0.801217,0.655224,0.320354,0.0751162,2,0.1502324,20.288002421967636,85.75003454759195,NH-16 (DEMO),SEG-037,2026-09-28,SYNTHETIC DEMO - NOT REAL GPS,Low
India_006375_jpg.rf.c781d574b4665a71adbb598e48c292f0,4,D20,0.187757,0.809873,0.375514,0.281732,0.0689004,2,0.1378008,20.181496053677797,85.84100913831534,NH-16 (DEMO),SEG-037,2026-09-28,SYNTHETIC DEMO - NOT REAL GPS,Low
India_006375_jpg.rf.c781d574b4665a71adbb598e48c292f0,4,D20,0.329524,0.782474,0.448802,0.25258,0.0557663,2,0.1115326,20.252509990163517,85.7714241088228,NH-16 (DEMO),SEG-037,2026-09-28,SYNTHETIC DEMO - NOT REAL GPS,Low
India_006376_jpg.rf.ead00229b7d5b950dc90de50d4b9a3ba,5,D40,0.183436,0.785285,0.270126,0.126234,0.0864238,2,0.1728476,20.24705465427297,85.81423796649098,NH-16 (DEMO),SEG-037,2026-09-28,SYNTHETIC DEMO - NOT REAL GPS,Low
India_006376_jpg.rf.ead00229b7d5b950dc90de50d4b9a3ba,5,D40,0.206746,0.783521,0.210426,0.107019,0.0738462,2,0.1476924,20.317469597478013,85.8025168289534,NH-16 (DEMO),SEG-037,2026-09-28,SYNTHETIC DEMO - NOT REAL GPS,Low
India_006376_jpg.rf.ead00229b7d5b950dc90de50d4b9a3ba,5,D40,0.170266,0.788415,0.340531,0.165432,0.0736101,2,0.1472202,20.248961052869813,85.86038833267462,NH-16 (DEMO),SEG-037,2026-09-28,SYNTHETIC DEMO - NOT REAL GPS,Low
India_006376_jpg.rf.ead00229b7d5b950dc90de50d4b9a3ba,5,D40,0.1696,0.771161,0.305005,0.0927315,0.0700848,2,0.1401696,20.244931285551093,85.73952238909806,NH-16 (DEMO),SEG-037,2026-09-28,SYNTHETIC DEMO - NOT REAL GPS,Low
India_006444_jpg.rf.561f998ad541d21168906065931f3b42,4,D20,0.537143,0.767025,0.399959,0.279394,0.116999,2,0.233998,20.32395199816555,85.73828208132055,NH-16 (DEMO),SEG-037,2026-09-28,SYNTHETIC DEMO - NOT REAL GPS,Low
India_006444_jpg.rf.561f998ad541d21168906065931f3b42,4,D20,0.401979,0.765944,0.679562,0.283159,0.0671566,2,0.1343132,20.24209223417614,85.76805114705968,NH-16 (DEMO),SEG-037,2026-09-28,SYNTHETIC DEMO - NOT REAL GPS,Low
India_006444_jpg.rf.561f998ad541d21168906065931f3b42,4,D20,0.610204,0.767704,0.241994,0.260924,0.0545668,2,0.1091336,20.198941508851533,85.78899439490013,NH-16 (DEMO),SEG-037,2026-09-28,SYNTHETIC DEMO - NOT REAL GPS,Low
India_006446_jpg.rf.a305f5014bb9fedad2e185cd81b165df,4,D20,0.510485,0.821977,0.690813,0.255403,0.22008,2,0.44016,20.204706579648928,85.76776675980034,NH-16 (DEMO),SEG-037,2026-09-28,SYNTHETIC DEMO - NOT REAL GPS,Low
India_006446_jpg.rf.a305f5014bb9fedad2e185cd81b165df,4,D20,0.568038,0.799198,0.469897,0.220246,0.14633,2,0.29266,20.185230006133917,85.84210993318324,NH-16 (DEMO),SEG-037,2026-09-28,SYNTHETIC DEMO - NOT REAL GPS,Low
India_006446_jpg.rf.a305f5014bb9fedad2e185cd81b165df,4,D20,0.462022,0.818234,0.600527,0.207403,0.0704964,2,0.1409928,20.17009090068143,85.75924253489748,NH-16 (DEMO),SEG-037,2026-09-28,SYNTHETIC DEMO - NOT REAL GPS,Low
India_006447_jpg.rf.20234312b772eab2af8f360520e3c0bc,4,D20,0.36169,0.723534,0.71277,0.284019,0.956998,2,1.913996,20.239111305760076,85.73356395884356,NH-16 (DEMO),SEG-037,2026-09-28,SYNTHETIC DEMO - NOT REAL GPS,High
India_006447_jpg.rf.20234312b772eab2af8f360520e3c0bc,5,D40,0.459541,0.695094,0.528376,0.281288,0.436488,2,0.872976,20.293078813007714,85.78620796958145,NH-16 (DEMO),SEG-037,2026-09-28,SYNTHETIC DEMO - NOT REAL GPS,Medium
India_006447_jpg.rf.20234312b772eab2af8f360520e3c0bc,4,D20,0.494366,0.711943,0.469272,0.247895,0.269396,2,0.538792,20.287354630847975,85.84374068610215,NH-16 (DEMO),SEG-037,2026-09-28,SYNTHETIC DEMO - NOT REAL GPS,Medium
India_006447_jpg.rf.20234312b772eab2af8f360520e3c0bc,5,D40,0.425399,0.651259,0.554785,0.243884,0.253772,2,0.507544,20.175143854048457,85.85608991097388,NH-16 (DEMO),SEG-037,2026-09-28,SYNTHETIC DEMO - NOT REAL GPS,Medium
India_006447_jpg.rf.20234312b772eab2af8f360520e3c0bc,5,D40,0.343094,0.72142,0.584794,0.336007,0.181087,2,0.362174,20.261197264575046,85.83733517573813,NH-16 (DEMO),SEG-037,2026-09-28,SYNTHETIC DEMO - NOT REAL GPS,Low
India_006447_jpg.rf.20234312b772eab2af8f360520e3c0bc,4,D20,0.531832,0.720212,0.717607,0.260361,0.15841,2,0.31682,20.194685300066155,85.80926186855996,NH-16 (DEMO),SEG-037,2026-09-28,SYNTHETIC DEMO - NOT REAL GPS,Low
India_006447_jpg.rf.20234312b772eab2af8f360520e3c0bc,4,D20,0.405994,0.760097,0.811987,0.230644,0.122857,2,0.245714,20.320572205562353,85.83587067227987,NH-16 (DEMO),SEG-037,2026-09-28,SYNTHETIC DEMO - NOT REAL GPS,Low
India_006447_jpg.rf.20234312b772eab2af8f360520e3c0bc,5,D40,0.325277,0.654229,0.555724,0.242131,0.10338,2,0.20676,20.196778399943067,85.82902232564861,NH-16 (DEMO),SEG-037,2026-09-28,SYNTHETIC DEMO - NOT REAL GPS,Low
India_006447_jpg.rf.20234312b772eab2af8f360520e3c0bc,5,D40,0.294847,0.584525,0.185311,0.0783464,0.0924158,2,0.1848316,20.270262274831598,85.75749866119921,NH-16 (DEMO),SEG-037,2026-09-28,SYNTHETIC DEMO - NOT REAL GPS,Low
India_006447_jpg.rf.20234312b772eab2af8f360520e3c0bc,5,D40,0.298079,0.761802,0.596158,0.38049,0.0891922,2,0.1783844,20.22219813794625,85.8081214227525,NH-16 (DEMO),SEG-037,2026-09-28,SYNTHETIC DEMO - NOT REAL GPS,Low
India_006447_jpg.rf.20234312b772eab2af8f360520e3c0bc,5,D40,0.275103,0.591261,0.140557,0.0555357,0.0744937,2,0.1489874,20.272649812154295,85.84329749322215,NH-16 (DEMO),SEG-037,2026-09-28,SYNTHETIC DEMO - NOT REAL GPS,Low
India_006447_jpg.rf.20234312b772eab2af8f360520e3c0bc,5,D40,0.318524,0.587567,0.242542,0.0692259,0.0719448,2,0.1438896,20.23596137543425,85.77073930590002,NH-16 (DEMO),SEG-037,2026-09-28,SYNTHETIC DEMO - NOT REAL GPS,Low
India_006447_jpg.rf.20234312b772eab2af8f360520e3c0bc,5,D40,0.350291,0.633942,0.306328,0.104785,0.0601718,2,0.1203436,20.291542888369023,85.82463570347471,NH-16 (DEMO),SEG-037,2026-09-28,SYNTHETIC DEMO - NOT REAL GPS,Low
India_006447_jpg.rf.20234312b772eab2af8f360520e3c0bc,5,D40,0.526705,0.559945,0.0708801,0.040358,0.0533649,2,0.1067298,20.206908660052456,85.79703686840301,NH-16 (DEMO),SEG-038,2026-09-28,SYNTHETIC DEMO - NOT REAL GPS,Low
India_006447_jpg.rf.20234312b772eab2af8f360520e3c0bc,5,D40,0.340277,0.629944,0.336646,0.158629,0.0507041,2,0.1014082,20.31492669646628,85.8005054161512,NH-16 (DEMO),SEG-038,2026-09-28,SYNTHETIC DEMO - NOT REAL GPS,Low
India_006463_jpg.rf.7b5c02e9156d5415b780a3768a6d9ba9,4,D20,0.855834,0.757054,0.274103,0.203101,0.148813,2,0.297626,20.250033543890137,85.73440880604514,NH-16 (DEMO),SEG-038,2026-09-28,SYNTHETIC DEMO - NOT REAL GPS,Low
India_006476_jpg.rf.1fcfb0e83ade349ed107c0051673c9c4,5,D40,0.616,0.850865,0.0929419,0.0533951,0.334092,2,0.668184,20.290974903634055,85.82659474644886,NH-16 (DEMO),SEG-038,2026-09-28,SYNTHETIC DEMO - NOT REAL GPS,Medium
India_006476_jpg.rf.1fcfb0e83ade349ed107c0051673c9c4,5,D40,0.604975,0.846852,0.0918106,0.0503542,0.099563,2,0.199126,20.305956830624197,85.85850992565672,NH-16 (DEMO),SEG-038,2026-09-28,SYNTHETIC DEMO - NOT REAL GPS,Low
India_006476_jpg.rf.1fcfb0e83ade349ed107c0051673c9c4,4,D20,0.492997,0.846624,0.940319,0.294921,0.092887,2,0.185774,20.32981257775277,85.74262900608413,NH-16 (DEMO),SEG-038,2026-09-28,SYNTHETIC DEMO - NOT REAL GPS,Low
India_006510_jpg.rf.f340245428c5f089d7ab7a38c73302f6,4,D20,0.489478,0.85147,0.920416,0.271592,0.557252,2,1.114504,20.205831306495032,85.77857690595462,NH-16 (DEMO),SEG-038,2026-09-28,SYNTHETIC DEMO - NOT REAL GPS,Medium
India_006510_jpg.rf.f340245428c5f089d7ab7a38c73302f6,4,D20,0.467559,0.89091,0.916304,0.215047,0.148201,2,0.296402,20.21590278617015,85.72778679277454,NH-16 (DEMO),SEG-038,2026-09-28,SYNTHETIC DEMO - NOT REAL GPS,Low
India_006549_jpg.rf.a268fbd3b2ed53a5ec733a59171ac4e9,5,D40,0.770812,0.797589,0.110174,0.0580967,0.170076,2,0.340152,20.2100692938771,85.72474110175622,NH-16 (DEMO),SEG-038,2026-09-28,SYNTHETIC DEMO - NOT REAL GPS,Low
India_006549_jpg.rf.a268fbd3b2ed53a5ec733a59171ac4e9,5,D40,0.790207,0.795216,0.150811,0.0645074,0.16449,2,0.32898,20.212059413145564,85.87834535946747,NH-16 (DEMO),SEG-038,2026-09-28,SYNTHETIC DEMO - NOT REAL GPS,Low
India_006567_jpg.rf.c02a116ee08eee9553553a882ff69d52,7,D44,0.637253,0.938342,0.0728369,0.122166,0.0646976,3,0.1940927999999999,20.2631911586463,85.79895544132901,NH-16 (DEMO),SEG-038,2026-09-28,SYNTHETIC DEMO - NOT REAL GPS,Low
India_006567_jpg.rf.c02a116ee08eee9553553a882ff69d52,4,D20,0.531361,0.882338,0.89413,0.234234,0.0560998,2,0.1121996,20.328963603703336,85.77688304298164,NH-16 (DEMO),SEG-038,2026-09-28,SYNTHETIC DEMO - NOT REAL GPS,Low
India_006577_jpg.rf.84697c3be59bd742a2b906e0ef622c9d,4,D20,0.497769,0.832085,0.933292,0.280496,0.344143,2,0.688286,20.32844449393484,85.76398033226,NH-16 (DEMO),SEG-038,2026-09-28,SYNTHETIC DEMO - NOT REAL GPS,Medium
India_006577_jpg.rf.84697c3be59bd742a2b906e0ef622c9d,4,D20,0.61953,0.827633,0.646262,0.275495,0.0630052,2,0.1260104,20.25428371701797,85.87680202319119,NH-16 (DEMO),SEG-038,2026-09-28,SYNTHETIC DEMO - NOT REAL GPS,Low
India_006592_jpg.rf.83148ea4f921575916096bb3f3199817,7,D44,0.449243,0.824518,0.0861715,0.151097,0.579854,3,1.7395619999999998,20.272244353642346,85.76036012568346,NH-16 (DEMO),SEG-038,2026-09-28,SYNTHETIC DEMO - NOT REAL GPS,High
India_006592_jpg.rf.83148ea4f921575916096bb3f3199817,4,D20,0.478717,0.785238,0.917644,0.2415,0.391809,2,0.783618,20.307595286992257,85.83611334331803,NH-16 (DEMO),SEG-038,2026-09-28,SYNTHETIC DEMO - NOT REAL GPS,Medium
India_006592_jpg.rf.83148ea4f921575916096bb3f3199817,4,D20,0.594903,0.794977,0.224929,0.220841,0.19361,2,0.38722,20.31926935335256,85.76540129532894,NH-16 (DEMO),SEG-038,2026-09-28,SYNTHETIC DEMO - NOT REAL GPS,Low
India_006592_jpg.rf.83148ea4f921575916096bb3f3199817,7,D44,0.439937,0.818342,0.119161,0.157278,0.0983373,3,0.2950119,20.202617700372727,85.7312783208571,NH-16 (DEMO),SEG-038,2026-09-28,SYNTHETIC DEMO - NOT REAL GPS,Low
India_006592_jpg.rf.83148ea4f921575916096bb3f3199817,4,D20,0.517135,0.791818,0.444984,0.227337,0.0955343,2,0.1910686,20.25456667663079,85.82932425832287,NH-16 (DEMO),SEG-038,2026-09-28,SYNTHETIC DEMO - NOT REAL GPS,Low
India_006592_jpg.rf.83148ea4f921575916096bb3f3199817,4,D20,0.665055,0.794745,0.348153,0.228027,0.0711104,2,0.1422208,20.303253928745843,85.72026093562077,NH-16 (DEMO),SEG-038,2026-09-28,SYNTHETIC DEMO - NOT REAL GPS,Low
India_006592_jpg.rf.83148ea4f921575916096bb3f3199817,7,D44,0.440008,0.835776,0.0708807,0.120663,0.0671427,3,0.2014281,20.218512332261536,85.82811976184969,NH-16 (DEMO),SEG-038,2026-09-28,SYNTHETIC DEMO - NOT REAL GPS,Low
India_006607_jpg.rf.545ec86a6bd2afaddc5e42fbddd37b3b,4,D20,0.571876,0.839377,0.831822,0.277678,0.241675,2,0.48335,20.240369446796876,85.76006025583837,NH-16 (DEMO),SEG-038,2026-09-28,SYNTHETIC DEMO - NOT REAL GPS,Low
India_006607_jpg.rf.545ec86a6bd2afaddc5e42fbddd37b3b,4,D20,0.256417,0.855619,0.446251,0.288762,0.207759,2,0.415518,20.32769937624192,85.83937667713144,NH-16 (DEMO),SEG-038,2026-09-28,SYNTHETIC DEMO - NOT REAL GPS,Low
India_006633_jpg.rf.8af561392aa614a01805b9e88a4b2d4c,4,D20,0.506785,0.833102,0.946773,0.318628,0.731562,2,1.463124,20.32760747147534,85.8431600267761,NH-16 (DEMO),SEG-038,2026-09-28,SYNTHETIC DEMO - NOT REAL GPS,Medium
India_006633_jpg.rf.8af561392aa614a01805b9e88a4b2d4c,4,D20,0.760961,0.829851,0.478078,0.287092,0.147999,2,0.295998,20.31497708972243,85.8358571582108,NH-16 (DEMO),SEG-038,2026-09-28,SYNTHETIC DEMO - NOT REAL GPS,Low
India_006633_jpg.rf.8af561392aa614a01805b9e88a4b2d4c,5,D40,0.739874,0.826798,0.520251,0.318296,0.0605276,2,0.1210552,20.29775173517249,85.72391735063482,NH-16 (DEMO),SEG-038,2026-09-28,SYNTHETIC DEMO - NOT REAL GPS,Low
India_006633_jpg.rf.8af561392aa614a01805b9e88a4b2d4c,4,D20,0.58223,0.869146,0.831918,0.259221,0.0596508,2,0.1193016,20.21306088011565,85.832597859143,NH-16 (DEMO),SEG-038,2026-09-28,SYNTHETIC DEMO - NOT REAL GPS,Low
India_006633_jpg.rf.8af561392aa614a01805b9e88a4b2d4c,4,D20,0.653548,0.807251,0.534961,0.303135,0.0548344,2,0.1096688,20.22133601185075,85.87842329824892,NH-16 (DEMO),SEG-038,2026-09-28,SYNTHETIC DEMO - NOT REAL GPS,Low
India_006659_jpg.rf.6c1bdb96077aa2cdea260f8d3ea5d32c,5,D40,0.626012,0.758941,0.0772763,0.0397459,0.0541127,2,0.1082254,20.25756525459278,85.75882005896409,NH-16 (DEMO),SEG-038,2026-09-28,SYNTHETIC DEMO - NOT REAL GPS,Low
India_006721_jpg.rf.3076660982a28f2684dda55a1a2f7882,5,D40,0.251273,0.899733,0.478316,0.195857,0.423342,2,0.846684,20.25972437992992,85.76387817155606,NH-16 (DEMO),SEG-038,2026-09-28,SYNTHETIC DEMO - NOT REAL GPS,Medium
India_006721_jpg.rf.3076660982a28f2684dda55a1a2f7882,5,D40,0.184291,0.890294,0.366093,0.213082,0.233346,2,0.466692,20.25088045109713,85.85016424793288,NH-16 (DEMO),SEG-038,2026-09-28,SYNTHETIC DEMO - NOT REAL GPS,Low
India_006721_jpg.rf.3076660982a28f2684dda55a1a2f7882,5,D40,0.185069,0.902824,0.225141,0.1348,0.155526,2,0.311052,20.27186724478661,85.74566348880897,NH-16 (DEMO),SEG-038,2026-09-28,SYNTHETIC DEMO - NOT REAL GPS,Low
India_006721_jpg.rf.3076660982a28f2684dda55a1a2f7882,5,D40,0.220801,0.88439,0.188652,0.082977,0.0983409,2,0.1966818,20.23533168362128,85.82569338808072,NH-16 (DEMO),SEG-038,2026-09-28,SYNTHETIC DEMO - NOT REAL GPS,Low
India_006721_jpg.rf.3076660982a28f2684dda55a1a2f7882,5,D40,0.650266,0.757816,0.0701854,0.0380737,0.0953569,2,0.1907138,20.289867865170486,85.84080422040009,NH-16 (DEMO),SEG-038,2026-09-28,SYNTHETIC DEMO - NOT REAL GPS,Low
India_006721_jpg.rf.3076660982a28f2684dda55a1a2f7882,5,D40,0.423045,0.741872,0.217346,0.0666443,0.0925639,2,0.1851278,20.223367988236536,85.72594570589109,NH-16 (DEMO),SEG-038,2026-09-28,SYNTHETIC DEMO - NOT REAL GPS,Low
India_006721_jpg.rf.3076660982a28f2684dda55a1a2f7882,5,D40,0.201983,0.916049,0.274438,0.167902,0.0849168,2,0.1698336,20.222908319511415,85.80860193508244,NH-16 (DEMO),SEG-038,2026-09-28,SYNTHETIC DEMO - NOT REAL GPS,Low
India_006721_jpg.rf.3076660982a28f2684dda55a1a2f7882,5,D40,0.390142,0.74213,0.111046,0.0527233,0.0829214,2,0.1658428,20.19035615390269,85.81214036136573,NH-16 (DEMO),SEG-038,2026-09-28,SYNTHETIC DEMO - NOT REAL GPS,Low
India_006721_jpg.rf.3076660982a28f2684dda55a1a2f7882,4,D20,0.178144,0.893542,0.356288,0.208569,0.0717607,2,0.1435214,20.20019395360463,85.76855086358269,NH-16 (DEMO),SEG-038,2026-09-28,SYNTHETIC DEMO - NOT REAL GPS,Low
India_006721_jpg.rf.3076660982a28f2684dda55a1a2f7882,5,D40,0.218427,0.890764,0.367547,0.175031,0.0704169,2,0.1408338,20.306083340627417,85.8602151471036,NH-16 (DEMO),SEG-038,2026-09-28,SYNTHETIC DEMO - NOT REAL GPS,Low
India_006721_jpg.rf.3076660982a28f2684dda55a1a2f7882,5,D40,0.463087,0.746202,0.226449,0.0573222,0.0646603,2,0.1293206,20.241405174172872,85.74603995508798,NH-16 (DEMO),SEG-038,2026-09-28,SYNTHETIC DEMO - NOT REAL GPS,Low
India_006721_jpg.rf.3076660982a28f2684dda55a1a2f7882,5,D40,0.560171,0.754784,0.0698801,0.0376583,0.0591022,2,0.1182044,20.206458845848452,85.77827115352093,NH-16 (DEMO),SEG-038,2026-09-28,SYNTHETIC DEMO - NOT REAL GPS,Low
India_006721_jpg.rf.3076660982a28f2684dda55a1a2f7882,5,D40,0.150907,0.908115,0.301814,0.183459,0.0547156,2,0.1094312,20.291494576003583,85.85578698994357,NH-16 (DEMO),SEG-038,2026-09-28,SYNTHETIC DEMO - NOT REAL GPS,Low
India_006721_jpg.rf.3076660982a28f2684dda55a1a2f7882,4,D20,0.241675,0.907851,0.472824,0.181768,0.0502957,2,0.1005914,20.258636980130696,85.75050284105696,NH-16 (DEMO),SEG-038,2026-09-28,SYNTHETIC DEMO - NOT REAL GPS,Low
India_006729_jpg.rf.2c57e6ce477cd67527fe1f00050b8086,7,D44,0.8625,0.770051,0.142903,0.145918,0.138221,3,0.414663,20.173384961827725,85.85141986181243,NH-16 (DEMO),SEG-038,2026-09-28,SYNTHETIC DEMO - NOT REAL GPS,Low
India_006729_jpg.rf.2c57e6ce477cd67527fe1f00050b8086,7,D44,0.846644,0.750199,0.111015,0.0945965,0.095153,3,0.285459,20.220617833173876,85.73265106837887,NH-16 (DEMO),SEG-038,2026-09-28,SYNTHETIC DEMO - NOT REAL GPS,Low
India_006729_jpg.rf.2c57e6ce477cd67527fe1f00050b8086,7,D44,0.875627,0.783264,0.188374,0.188955,0.0786725,3,0.2360175,20.198320225779415,85.7982766507504,NH-16 (DEMO),SEG-038,2026-09-28,SYNTHETIC DEMO - NOT REAL GPS,Low
India_006729_jpg.rf.2c57e6ce477cd67527fe1f00050b8086,4,D20,0.88644,0.822905,0.224656,0.286534,0.0703034,2,0.1406068,20.274939657757255,85.73205290599131,NH-16 (DEMO),SEG-038,2026-09-28,SYNTHETIC DEMO - NOT REAL GPS,Low
India_006745_jpg.rf.c55b03d57ecd10a2ad14c12332034f04,7,D44,0.769978,0.798748,0.0721463,0.0815971,0.109376,3,0.328128,20.21400496650084,85.82846457360984,NH-16 (DEMO),SEG-038,2026-09-28,SYNTHETIC DEMO - NOT REAL GPS,Low
India_006745_jpg.rf.c55b03d57ecd10a2ad14c12332034f04,4,D20,0.600083,0.736493,0.75204,0.256024,0.0578512,2,0.1157024,20.180391484673592,85.84649623824889,NH-16 (DEMO),SEG-038,2026-09-28,SYNTHETIC DEMO - NOT REAL GPS,Low
India_006759_jpg.rf.6d64abe0a2dede73168046edc7a523f7,4,D20,0.53059,0.812151,0.825083,0.282753,0.981847,2,1.963694,20.178789598271628,85.85597736771949,NH-16 (DEMO),SEG-038,2026-09-28,SYNTHETIC DEMO - NOT REAL GPS,High
India_006759_jpg.rf.6d64abe0a2dede73168046edc7a523f7,4,D20,0.702304,0.786637,0.418245,0.271942,0.707735,2,1.41547,20.263076367673396,85.87700196011903,NH-16 (DEMO),SEG-039,2026-09-28,SYNTHETIC DEMO - NOT REAL GPS,Medium
India_006759_jpg.rf.6d64abe0a2dede73168046edc7a523f7,4,D20,0.760991,0.791309,0.287846,0.269358,0.541054,2,1.082108,20.173475752912655,85.82752251556794,NH-16 (DEMO),SEG-039,2026-09-28,SYNTHETIC DEMO - NOT REAL GPS,Medium
India_006759_jpg.rf.6d64abe0a2dede73168046edc7a523f7,4,D20,0.695807,0.813882,0.608385,0.28691,0.371529,2,0.743058,20.305806738101776,85.8430499062144,NH-16 (DEMO),SEG-039,2026-09-28,SYNTHETIC DEMO - NOT REAL GPS,Medium
India_006759_jpg.rf.6d64abe0a2dede73168046edc7a523f7,4,D20,0.631337,0.788703,0.540499,0.250485,0.320779,2,0.641558,20.194863539081165,85.80092132453142,NH-16 (DEMO),SEG-039,2026-09-28,SYNTHETIC DEMO - NOT REAL GPS,Medium
India_006759_jpg.rf.6d64abe0a2dede73168046edc7a523f7,4,D20,0.403071,0.831921,0.774218,0.298595,0.196021,2,0.392042,20.26705061363127,85.86603790418897,NH-16 (DEMO),SEG-039,2026-09-28,SYNTHETIC DEMO - NOT REAL GPS,Low
India_006759_jpg.rf.6d64abe0a2dede73168046edc7a523f7,4,D20,0.495836,0.859933,0.93618,0.245439,0.102209,2,0.204418,20.24115008448172,85.82300134115191,NH-16 (DEMO),SEG-039,2026-09-28,SYNTHETIC DEMO - NOT REAL GPS,Low
India_006759_jpg.rf.6d64abe0a2dede73168046edc7a523f7,7,D44,0.782734,0.780875,0.169504,0.179595,0.0689366,3,0.2068098,20.240856243397104,85.8613682250002,NH-16 (DEMO),SEG-039,2026-09-28,SYNTHETIC DEMO - NOT REAL GPS,Low
India_006759_jpg.rf.6d64abe0a2dede73168046edc7a523f7,4,D20,0.807878,0.811729,0.316433,0.253648,0.055988,2,0.111976,20.181487542777607,85.75767232272221,NH-16 (DEMO),SEG-039,2026-09-28,SYNTHETIC DEMO - NOT REAL GPS,Low
India_006759_jpg.rf.6d64abe0a2dede73168046edc7a523f7,4,D20,0.552875,0.811567,0.611696,0.226532,0.055312,2,0.110624,20.298440360033954,85.79947804491489,NH-16 (DEMO),SEG-039,2026-09-28,SYNTHETIC DEMO - NOT REAL GPS,Low
India_006791_jpg.rf.d1a72db3297513d59ec82dd05ced3616,4,D20,0.304335,0.860791,0.605446,0.278418,0.973657,2,1.947314,20.31288839756052,85.8367710273702,NH-16 (DEMO),SEG-039,2026-09-28,SYNTHETIC DEMO - NOT REAL GPS,High
India_006791_jpg.rf.d1a72db3297513d59ec82dd05ced3616,4,D20,0.400915,0.852544,0.741777,0.29161,0.721855,2,1.44371,20.171762666781476,85.75243548073003,NH-16 (DEMO),SEG-039,2026-09-28,SYNTHETIC DEMO - NOT REAL GPS,Medium
India_006791_jpg.rf.d1a72db3297513d59ec82dd05ced3616,4,D20,0.42486,0.853588,0.437726,0.292823,0.601621,2,1.203242,20.19857666811154,85.75381436692192,NH-16 (DEMO),SEG-039,2026-09-28,SYNTHETIC DEMO - NOT REAL GPS,Medium
India_006791_jpg.rf.d1a72db3297513d59ec82dd05ced3616,4,D20,0.290967,0.896202,0.581935,0.207596,0.381856,2,0.763712,20.314624670207277,85.8764868384649,NH-16 (DEMO),SEG-039,2026-09-28,SYNTHETIC DEMO - NOT REAL GPS,Medium
India_006791_jpg.rf.d1a72db3297513d59ec82dd05ced3616,4,D20,0.371696,0.876211,0.588067,0.247579,0.337652,2,0.675304,20.25791897804801,85.78953765771794,NH-16 (DEMO),SEG-039,2026-09-28,SYNTHETIC DEMO - NOT REAL GPS,Medium
India_006791_jpg.rf.d1a72db3297513d59ec82dd05ced3616,4,D20,0.336766,0.914174,0.673533,0.171652,0.117367,2,0.234734,20.194006332519713,85.7490904724678,NH-16 (DEMO),SEG-039,2026-09-28,SYNTHETIC DEMO - NOT REAL GPS,Low
India_006791_jpg.rf.d1a72db3297513d59ec82dd05ced3616,4,D20,0.206225,0.886401,0.41245,0.227198,0.0894457,2,0.1788914,20.202446472417467,85.77303422111704,NH-16 (DEMO),SEG-039,2026-09-28,SYNTHETIC DEMO - NOT REAL GPS,Low
India_006799_jpg.rf.ddb9f31d2e03b0fa887952cdc242bfc1,5,D40,0.632052,0.559124,0.0663143,0.0367928,0.0711466,2,0.1422932,20.27559779907794,85.78358018372255,NH-16 (DEMO),SEG-039,2026-09-28,SYNTHETIC DEMO - NOT REAL GPS,Low
India_006818_jpg.rf.42cfacd036b66f3c82c04c60230e6189,0,D00,0.620573,0.86532,0.0882925,0.159813,0.169599,3,0.5087969999999999,20.2859706915595,85.81969364119523,NH-16 (DEMO),SEG-039,2026-09-28,SYNTHETIC DEMO - NOT REAL GPS,Medium
India_006818_jpg.rf.42cfacd036b66f3c82c04c60230e6189,7,D44,0.620281,0.863571,0.0735481,0.141868,0.0812911,3,0.2438733,20.26590828937279,85.86768234544763,NH-16 (DEMO),SEG-039,2026-09-28,SYNTHETIC DEMO - NOT REAL GPS,Low
India_006824_jpg.rf.7b56d48f3a3ef8118e99fce24dfc486b,7,D44,0.567143,0.865607,0.0759796,0.16361,0.281241,3,0.843723,20.322503740786004,85.87785441214753,NH-16 (DEMO),SEG-039,2026-09-28,SYNTHETIC DEMO - NOT REAL GPS,Medium
India_006824_jpg.rf.7b56d48f3a3ef8118e99fce24dfc486b,7,D44,0.568541,0.851661,0.0888965,0.207867,0.0573322,3,0.1719966,20.249050176585886,85.82427180142578,NH-16 (DEMO),SEG-039,2026-09-28,SYNTHETIC DEMO - NOT REAL GPS,Low
India_006826_jpg.rf.86f35a8918124845b2e9a625e816c0be,5,D40,0.305297,0.940079,0.0617646,0.0404872,0.0782914,2,0.1565828,20.218043505942806,85.83198757772763,NH-16 (DEMO),SEG-039,2026-09-28,SYNTHETIC DEMO - NOT REAL GPS,Low
India_006831_jpg.rf.3b3a223438263b3f210f28dc333eff29,4,D20,0.392079,0.729912,0.756238,0.268794,0.290283,2,0.580566,20.246357265596128,85.77149266715145,NH-16 (DEMO),SEG-039,2026-09-28,SYNTHETIC DEMO - NOT REAL GPS,Medium
India_006831_jpg.rf.3b3a223438263b3f210f28dc333eff29,7,D44,0.25288,0.766936,0.17405,0.170565,0.110409,3,0.331227,20.227546606986657,85.8571453752718,NH-16 (DEMO),SEG-039,2026-09-28,SYNTHETIC DEMO - NOT REAL GPS,Low
India_006893_jpg.rf.5f196d31e6f8f3f36d5314f781a528c1,4,D20,0.29673,0.752538,0.583553,0.312659,0.916445,2,1.83289,20.20590654282795,85.75484773363524,NH-16 (DEMO),SEG-039,2026-09-28,SYNTHETIC DEMO - NOT REAL GPS,High
India_006893_jpg.rf.5f196d31e6f8f3f36d5314f781a528c1,4,D20,0.336551,0.777127,0.449123,0.338889,0.742082,2,1.484164,20.17735411989442,85.73702090388976,NH-16 (DEMO),SEG-039,2026-09-28,SYNTHETIC DEMO - NOT REAL GPS,Medium
India_006893_jpg.rf.5f196d31e6f8f3f36d5314f781a528c1,4,D20,0.231866,0.828453,0.463732,0.343094,0.688629,2,1.377258,20.22635399897042,85.87572095841563,NH-16 (DEMO),SEG-039,2026-09-28,SYNTHETIC DEMO - NOT REAL GPS,Medium
India_006893_jpg.rf.5f196d31e6f8f3f36d5314f781a528c1,4,D20,0.368959,0.760175,0.3647,0.290357,0.634054,2,1.268108,20.283825495633558,85.85826218829128,NH-16 (DEMO),SEG-039,2026-09-28,SYNTHETIC DEMO - NOT REAL GPS,Medium
India_006893_jpg.rf.5f196d31e6f8f3f36d5314f781a528c1,4,D20,0.327986,0.80751,0.55203,0.38498,0.60384,2,1.20768,20.17295004846003,85.7685832215261,NH-16 (DEMO),SEG-039,2026-09-28,SYNTHETIC DEMO - NOT REAL GPS,Medium
India_006893_jpg.rf.5f196d31e6f8f3f36d5314f781a528c1,4,D20,0.476728,0.732119,0.885635,0.276868,0.586939,2,1.173878,20.24026856211295,85.82802731462097,NH-16 (DEMO),SEG-039,2026-09-28,SYNTHETIC DEMO - NOT REAL GPS,Medium
India_006893_jpg.rf.5f196d31e6f8f3f36d5314f781a528c1,4,D20,0.181432,0.849637,0.362865,0.300726,0.528586,2,1.057172,20.27304150423198,85.79472293718611,NH-16 (DEMO),SEG-039,2026-09-28,SYNTHETIC DEMO - NOT REAL GPS,Medium
India_006893_jpg.rf.5f196d31e6f8f3f36d5314f781a528c1,5,D40,0.316038,0.739801,0.519862,0.325127,0.19309,2,0.38618,20.26766465746789,85.77170051298327,NH-16 (DEMO),SEG-039,2026-09-28,SYNTHETIC DEMO - NOT REAL GPS,Low
India_006893_jpg.rf.5f196d31e6f8f3f36d5314f781a528c1,0,D00,0.447504,0.717477,0.175109,0.235924,0.126683,3,0.3800489999999999,20.294263749742196,85.76588387372165,NH-16 (DEMO),SEG-039,2026-09-28,SYNTHETIC DEMO - NOT REAL GPS,Low
India_006893_jpg.rf.5f196d31e6f8f3f36d5314f781a528c1,0,D00,0.441465,0.740663,0.14266,0.203076,0.0909872,3,0.2729616,20.29968315450557,85.74176439123534,NH-16 (DEMO),SEG-039,2026-09-28,SYNTHETIC DEMO - NOT REAL GPS,Low
India_006893_jpg.rf.5f196d31e6f8f3f36d5314f781a528c1,0,D00,0.419523,0.744434,0.185794,0.223243,0.0726947,3,0.2180841,20.2838729313471,85.80789089316413,NH-16 (DEMO),SEG-039,2026-09-28,SYNTHETIC DEMO - NOT REAL GPS,Low
India_006893_jpg.rf.5f196d31e6f8f3f36d5314f781a528c1,4,D20,0.409283,0.744932,0.279287,0.250428,0.0634614,2,0.1269228,20.18644763138316,85.7914554704188,NH-16 (DEMO),SEG-039,2026-09-28,SYNTHETIC DEMO - NOT REAL GPS,Low
India_006893_jpg.rf.5f196d31e6f8f3f36d5314f781a528c1,4,D20,0.402752,0.729706,0.366441,0.286415,0.0600162,2,0.1200324,20.246003591040697,85.801949827248,NH-16 (DEMO),SEG-039,2026-09-28,SYNTHETIC DEMO - NOT REAL GPS,Low
India_006925_jpg.rf.8cbf341842d64c5d9d900b7e5ac80911,4,D20,0.587034,0.781601,0.807755,0.32876,0.194636,2,0.389272,20.266544953198018,85.7544571467967,NH-16 (DEMO),SEG-039,2026-09-28,SYNTHETIC DEMO - NOT REAL GPS,Low
India_006954_jpg.rf.a2840df271a6ec23c584173f1172a644,0,D00,0.570623,0.920693,0.071442,0.156156,0.220098,3,0.6602939999999999,20.20929056620951,85.87017770732372,NH-16 (DEMO),SEG-039,2026-09-28,SYNTHETIC DEMO - NOT REAL GPS,Medium
India_006954_jpg.rf.a2840df271a6ec23c584173f1172a644,7,D44,0.572443,0.92168,0.0747576,0.153111,0.202173,3,0.606519,20.176808290823484,85.82217459141289,NH-16 (DEMO),SEG-039,2026-09-28,SYNTHETIC DEMO - NOT REAL GPS,Medium
India_006954_jpg.rf.a2840df271a6ec23c584173f1172a644,0,D00,0.562211,0.932304,0.0712383,0.135388,0.111523,3,0.334569,20.20577445134017,85.86393610518134,NH-16 (DEMO),SEG-039,2026-09-28,SYNTHETIC DEMO - NOT REAL GPS,Low
India_006970_jpg.rf.f302a727240987b01ff628a4a29d1cf3,5,D40,0.625575,0.705398,0.103084,0.0510856,0.0649831,2,0.1299662,20.242783104277223,85.73748338656524,NH-16 (DEMO),SEG-039,2026-09-28,SYNTHETIC DEMO - NOT REAL GPS,Low
India_006970_jpg.rf.f302a727240987b01ff628a4a29d1cf3,5,D40,0.659776,0.790843,0.0623344,0.0400686,0.0533309,2,0.1066618,20.236228851048736,85.81965615453699,NH-16 (DEMO),SEG-039,2026-09-28,SYNTHETIC DEMO - NOT REAL GPS,Low
India_006974_jpg.rf.1dbf296b9801c0c5c49d70d008ebb162,5,D40,0.847615,0.75867,0.0910634,0.0558924,0.14189,2,0.28378,20.198266717012345,85.85591389098306,NH-16 (DEMO),SEG-039,2026-09-28,SYNTHETIC DEMO - NOT REAL GPS,Low
India_006974_jpg.rf.1dbf296b9801c0c5c49d70d008ebb162,4,D20,0.835663,0.800035,0.328673,0.288268,0.130318,2,0.260636,20.30190648682936,85.77294732477031,NH-16 (DEMO),SEG-039,2026-09-28,SYNTHETIC DEMO - NOT REAL GPS,Low
India_006974_jpg.rf.1dbf296b9801c0c5c49d70d008ebb162,5,D40,0.814804,0.761415,0.18818,0.128141,0.0738628,2,0.1477256,20.318109866997876,85.75122290706176,NH-16 (DEMO),SEG-039,2026-09-28,SYNTHETIC DEMO - NOT REAL GPS,Low
India_006977_jpg.rf.1e88582187db3b5f2d0c29462dd2f678,4,D20,0.560358,0.831112,0.8548,0.276038,0.775046,2,1.550092,20.202215731048433,85.76240340892889,NH-16 (DEMO),SEG-039,2026-09-28,SYNTHETIC DEMO - NOT REAL GPS,High
India_006977_jpg.rf.1e88582187db3b5f2d0c29462dd2f678,5,D40,0.356768,0.766621,0.146905,0.0854286,0.6239,2,1.2478,20.318731666490756,85.76366939627997,NH-16 (DEMO),SEG-039,2026-09-28,SYNTHETIC DEMO - NOT REAL GPS,Medium
India_006977_jpg.rf.1e88582187db3b5f2d0c29462dd2f678,5,D40,0.33037,0.76354,0.193535,0.0927195,0.543104,2,1.086208,20.17285775346803,85.79155183438776,NH-16 (DEMO),SEG-039,2026-09-28,SYNTHETIC DEMO - NOT REAL GPS,Medium
India_006977_jpg.rf.1e88582187db3b5f2d0c29462dd2f678,5,D40,0.313777,0.777602,0.274057,0.147175,0.441482,2,0.882964,20.31799399563311,85.77215417644469,NH-16 (DEMO),SEG-039,2026-09-28,SYNTHETIC DEMO - NOT REAL GPS,Medium
India_006977_jpg.rf.1e88582187db3b5f2d0c29462dd2f678,5,D40,0.362955,0.760625,0.17273,0.113957,0.395014,2,0.790028,20.322308606412946,85.76340385163327,NH-16 (DEMO),SEG-040,2026-09-28,SYNTHETIC DEMO - NOT REAL GPS,Medium
India_006977_jpg.rf.1e88582187db3b5f2d0c29462dd2f678,5,D40,0.613002,0.679817,0.0979908,0.0398582,0.330951,2,0.661902,20.17192829808255,85.82376196774482,NH-16 (DEMO),SEG-040,2026-09-28,SYNTHETIC DEMO - NOT REAL GPS,Medium
India_006977_jpg.rf.1e88582187db3b5f2d0c29462dd2f678,5,D40,0.606391,0.681164,0.115089,0.0486149,0.180321,2,0.360642,20.29208308748428,85.7284851794675,NH-16 (DEMO),SEG-040,2026-09-28,SYNTHETIC DEMO - NOT REAL GPS,Low
India_006977_jpg.rf.1e88582187db3b5f2d0c29462dd2f678,4,D20,0.397669,0.838092,0.772335,0.295724,0.171231,2,0.342462,20.325232251611176,85.77445820450235,NH-16 (DEMO),SEG-040,2026-09-28,SYNTHETIC DEMO - NOT REAL GPS,Low
India_006977_jpg.rf.1e88582187db3b5f2d0c29462dd2f678,5,D40,0.251136,0.852271,0.467532,0.295458,0.162183,2,0.324366,20.314944355010844,85.83036031455048,NH-16 (DEMO),SEG-040,2026-09-28,SYNTHETIC DEMO - NOT REAL GPS,Low
India_006977_jpg.rf.1e88582187db3b5f2d0c29462dd2f678,5,D40,0.776233,0.716478,0.144257,0.0626843,0.161738,2,0.323476,20.325313625791395,85.74813595988496,NH-16 (DEMO),SEG-040,2026-09-28,SYNTHETIC DEMO - NOT REAL GPS,Low
India_006977_jpg.rf.1e88582187db3b5f2d0c29462dd2f678,4,D20,0.678964,0.80498,0.441927,0.260175,0.155534,2,0.311068,20.258051760911624,85.75534845795406,NH-16 (DEMO),SEG-040,2026-09-28,SYNTHETIC DEMO - NOT REAL GPS,Low
India_006977_jpg.rf.1e88582187db3b5f2d0c29462dd2f678,4,D20,0.688162,0.839648,0.623676,0.288231,0.135351,2,0.270702,20.182504982381662,85.75210666006606,NH-16 (DEMO),SEG-040,2026-09-28,SYNTHETIC DEMO - NOT REAL GPS,Low
India_006977_jpg.rf.1e88582187db3b5f2d0c29462dd2f678,4,D20,0.8719,0.852596,0.2562,0.270867,0.120656,2,0.241312,20.305966271648806,85.72014817707702,NH-16 (DEMO),SEG-040,2026-09-28,SYNTHETIC DEMO - NOT REAL GPS,Low
India_006977_jpg.rf.1e88582187db3b5f2d0c29462dd2f678,5,D40,0.238941,0.813398,0.102992,0.0634838,0.115132,2,0.230264,20.268212520929442,85.79580284029305,NH-16 (DEMO),SEG-040,2026-09-28,SYNTHETIC DEMO - NOT REAL GPS,Low
India_006977_jpg.rf.1e88582187db3b5f2d0c29462dd2f678,4,D20,0.791801,0.848046,0.415907,0.291784,0.109648,2,0.219296,20.268357879070127,85.72623340630658,NH-16 (DEMO),SEG-040,2026-09-28,SYNTHETIC DEMO - NOT REAL GPS,Low
India_006977_jpg.rf.1e88582187db3b5f2d0c29462dd2f678,5,D40,0.23803,0.814006,0.085598,0.046053,0.108563,2,0.217126,20.23676057757739,85.76367036988398,NH-16 (DEMO),SEG-040,2026-09-28,SYNTHETIC DEMO - NOT REAL GPS,Low
India_006977_jpg.rf.1e88582187db3b5f2d0c29462dd2f678,5,D40,0.320913,0.784605,0.20655,0.109717,0.102321,2,0.204642,20.261494716243377,85.87916854793471,NH-16 (DEMO),SEG-040,2026-09-28,SYNTHETIC DEMO - NOT REAL GPS,Low
India_006977_jpg.rf.1e88582187db3b5f2d0c29462dd2f678,5,D40,0.255964,0.792636,0.292294,0.114436,0.0944161,2,0.1888322,20.194572764653778,85.86694339382244,NH-16 (DEMO),SEG-040,2026-09-28,SYNTHETIC DEMO - NOT REAL GPS,Low
India_006977_jpg.rf.1e88582187db3b5f2d0c29462dd2f678,5,D40,0.727719,0.815901,0.544396,0.284066,0.0884447,2,0.1768894,20.288363204250583,85.75441212930501,NH-16 (DEMO),SEG-040,2026-09-28,SYNTHETIC DEMO - NOT REAL GPS,Low
India_006977_jpg.rf.1e88582187db3b5f2d0c29462dd2f678,4,D20,0.506771,0.868243,0.958621,0.262792,0.08196,2,0.16392,20.182002769176247,85.76960038910623,NH-16 (DEMO),SEG-040,2026-09-28,SYNTHETIC DEMO - NOT REAL GPS,Low
India_006977_jpg.rf.1e88582187db3b5f2d0c29462dd2f678,5,D40,0.352108,0.78245,0.144906,0.0957287,0.0800535,2,0.160107,20.286764922727006,85.79419273316296,NH-16 (DEMO),SEG-040,2026-09-28,SYNTHETIC DEMO - NOT REAL GPS,Low
India_006977_jpg.rf.1e88582187db3b5f2d0c29462dd2f678,5,D40,0.610742,0.69045,0.130551,0.0582646,0.0636267,2,0.1272534,20.305836547619975,85.85510616746548,NH-16 (DEMO),SEG-040,2026-09-28,SYNTHETIC DEMO - NOT REAL GPS,Low
India_006977_jpg.rf.1e88582187db3b5f2d0c29462dd2f678,5,D40,0.590608,0.705052,0.153669,0.0977793,0.0525855,2,0.105171,20.245594988410318,85.8484233506229,NH-16 (DEMO),SEG-040,2026-09-28,SYNTHETIC DEMO - NOT REAL GPS,Low
India_006977_jpg.rf.1e88582187db3b5f2d0c29462dd2f678,5,D40,0.191251,0.811737,0.189203,0.0742479,0.0514056,2,0.1028112,20.251572858569126,85.7401986298506,NH-16 (DEMO),SEG-040,2026-09-28,SYNTHETIC DEMO - NOT REAL GPS,Low
India_006993_jpg.rf.6719ceef9e1aab19d2c3a77802692a82,4,D20,0.206218,0.842559,0.395252,0.314882,0.330596,2,0.661192,20.219954283667533,85.73991181573574,NH-16 (DEMO),SEG-040,2026-09-28,SYNTHETIC DEMO - NOT REAL GPS,Medium
India_006993_jpg.rf.6719ceef9e1aab19d2c3a77802692a82,4,D20,0.463052,0.845271,0.926103,0.309457,0.0755737,2,0.1511474,20.325113373396093,85.78667716062304,NH-16 (DEMO),SEG-040,2026-09-28,SYNTHETIC DEMO - NOT REAL GPS,Low
India_006993_jpg.rf.6719ceef9e1aab19d2c3a77802692a82,5,D40,0.219343,0.835343,0.43461,0.329313,0.0668733,2,0.1337466,20.287299915929527,85.8592152623382,NH-16 (DEMO),SEG-040,2026-09-28,SYNTHETIC DEMO - NOT REAL GPS,Low
India_007016_jpg.rf.a631bfd0c3db2be0e26d277511da44d1,5,D40,0.341526,0.726071,0.104633,0.0452544,0.126144,2,0.252288,20.229038168528056,85.86113359985528,NH-16 (DEMO),SEG-040,2026-09-28,SYNTHETIC DEMO - NOT REAL GPS,Low
India_007023_jpg.rf.eaa7f38f2ee2796ad984c5120a5fcca9,4,D20,0.807204,0.870009,0.37763,0.245553,0.126137,2,0.252274,20.19796918179728,85.73717853594984,NH-16 (DEMO),SEG-040,2026-09-28,SYNTHETIC DEMO - NOT REAL GPS,Low
India_007033_jpg.rf.e23d937d5a9102e644e632cbbb217acb,4,D20,0.610165,0.882571,0.627288,0.228171,0.197019,2,0.394038,20.205132734752336,85.81188756607449,NH-16 (DEMO),SEG-040,2026-09-28,SYNTHETIC DEMO - NOT REAL GPS,Low
India_007033_jpg.rf.e23d937d5a9102e644e632cbbb217acb,4,D20,0.466152,0.879026,0.866672,0.232035,0.175789,2,0.351578,20.244227565777607,85.74490803154002,NH-16 (DEMO),SEG-040,2026-09-28,SYNTHETIC DEMO - NOT REAL GPS,Low
India_007037_jpg.rf.f50dc263b284833c76a610995ee2e1ee,4,D20,0.436533,0.788489,0.853062,0.253,0.549343,2,1.098686,20.320810944050294,85.82978068960044,NH-16 (DEMO),SEG-040,2026-09-28,SYNTHETIC DEMO - NOT REAL GPS,Medium
India_007037_jpg.rf.f50dc263b284833c76a610995ee2e1ee,7,D44,0.417133,0.729508,0.0571226,0.0798924,0.137088,3,0.4112639999999999,20.287463415321746,85.86662931966862,NH-16 (DEMO),SEG-040,2026-09-28,SYNTHETIC DEMO - NOT REAL GPS,Low
India_007055_jpg.rf.640c7526a5516960ce5f29f8f20259af,5,D40,0.444207,0.770503,0.135697,0.132677,0.0521383,2,0.1042766,20.204438999708664,85.79276308679609,NH-16 (DEMO),SEG-040,2026-09-28,SYNTHETIC DEMO - NOT REAL GPS,Low
India_007062_jpg.rf.2891ebc314e094eee7fb81ec3d78dd65,4,D20,0.463847,0.736298,0.860341,0.262874,0.475624,2,0.951248,20.307529781347025,85.73329324395073,NH-16 (DEMO),SEG-040,2026-09-28,SYNTHETIC DEMO - NOT REAL GPS,Medium
India_007062_jpg.rf.2891ebc314e094eee7fb81ec3d78dd65,4,D20,0.445674,0.779167,0.886023,0.253496,0.127807,2,0.255614,20.23051208368155,85.81268067134313,NH-16 (DEMO),SEG-040,2026-09-28,SYNTHETIC DEMO - NOT REAL GPS,Low
India_007062_jpg.rf.2891ebc314e094eee7fb81ec3d78dd65,4,D20,0.593337,0.744742,0.650284,0.239676,0.0535393,2,0.1070786,20.306275549240404,85.78536266722173,NH-16 (DEMO),SEG-040,2026-09-28,SYNTHETIC DEMO - NOT REAL GPS,Low
India_007072_jpg.rf.8faf2874256d8567db74b5a7f3421ce7,4,D20,0.732779,0.818816,0.352041,0.246279,0.0872701,2,0.1745402,20.208671935676982,85.84974380037343,NH-16 (DEMO),SEG-040,2026-09-28,SYNTHETIC DEMO - NOT REAL GPS,Low
India_007072_jpg.rf.8faf2874256d8567db74b5a7f3421ce7,5,D40,0.468966,0.651694,0.110489,0.0675961,0.0526732,2,0.1053464,20.268985697909812,85.77445511422822,NH-16 (DEMO),SEG-040,2026-09-28,SYNTHETIC DEMO - NOT REAL GPS,Low
India_007082_jpg.rf.611e0f8836302e6eaccb0ab104a990aa,4,D20,0.4406,0.856715,0.867405,0.284064,0.286327,2,0.572654,20.318267278093003,85.8599835520756,NH-16 (DEMO),SEG-040,2026-09-28,SYNTHETIC DEMO - NOT REAL GPS,Medium
India_007082_jpg.rf.611e0f8836302e6eaccb0ab104a990aa,4,D20,0.38581,0.891141,0.765291,0.216348,0.10024,2,0.20048,20.211263041463646,85.76379206522157,NH-16 (DEMO),SEG-040,2026-09-28,SYNTHETIC DEMO - NOT REAL GPS,Low
India_007082_jpg.rf.611e0f8836302e6eaccb0ab104a990aa,4,D20,0.283696,0.863509,0.567392,0.264615,0.0889915,2,0.177983,20.280868254493736,85.74520282174218,NH-16 (DEMO),SEG-040,2026-09-28,SYNTHETIC DEMO - NOT REAL GPS,Low
India_007082_jpg.rf.611e0f8836302e6eaccb0ab104a990aa,4,D20,0.43399,0.784604,0.867979,0.241849,0.074055,2,0.14811,20.327970019193142,85.76903686037097,NH-16 (DEMO),SEG-040,2026-09-28,SYNTHETIC DEMO - NOT REAL GPS,Low
India_007082_jpg.rf.611e0f8836302e6eaccb0ab104a990aa,5,D40,0.343673,0.903467,0.531706,0.193066,0.0512393,2,0.1024786,20.19409572595888,85.72558652669164,NH-16 (DEMO),SEG-040,2026-09-28,SYNTHETIC DEMO - NOT REAL GPS,Low
India_007101_jpg.rf.3caa0e63d3ce40998922de57771fbb2f,4,D20,0.435359,0.740529,0.862508,0.302174,0.848397,2,1.696794,20.184144366512108,85.76499935469988,NH-16 (DEMO),SEG-040,2026-09-28,SYNTHETIC DEMO - NOT REAL GPS,High
India_007101_jpg.rf.3caa0e63d3ce40998922de57771fbb2f,4,D20,0.377865,0.783608,0.736835,0.287342,0.155579,2,0.311158,20.27787123079117,85.82561882142112,NH-16 (DEMO),SEG-040,2026-09-28,SYNTHETIC DEMO - NOT REAL GPS,Low
India_007101_jpg.rf.3caa0e63d3ce40998922de57771fbb2f,4,D20,0.547515,0.770241,0.505372,0.18387,0.134848,2,0.269696,20.224357751639843,85.74276527656905,NH-16 (DEMO),SEG-040,2026-09-28,SYNTHETIC DEMO - NOT REAL GPS,Low
India_007101_jpg.rf.3caa0e63d3ce40998922de57771fbb2f,5,D40,0.237749,0.639254,0.468343,0.190206,0.131774,2,0.263548,20.181399116378653,85.73781839564585,NH-16 (DEMO),SEG-040,2026-09-28,SYNTHETIC DEMO - NOT REAL GPS,Low
India_007101_jpg.rf.3caa0e63d3ce40998922de57771fbb2f,5,D40,0.542863,0.763553,0.463461,0.19606,0.130822,2,0.261644,20.24604889886138,85.7411816466007,NH-16 (DEMO),SEG-040,2026-09-28,SYNTHETIC DEMO - NOT REAL GPS,Low
India_007101_jpg.rf.3caa0e63d3ce40998922de57771fbb2f,5,D40,0.466787,0.733827,0.553225,0.252152,0.108122,2,0.216244,20.290603308743034,85.73240826788184,NH-16 (DEMO),SEG-040,2026-09-28,SYNTHETIC DEMO - NOT REAL GPS,Low
India_007101_jpg.rf.3caa0e63d3ce40998922de57771fbb2f,5,D40,0.25194,0.682773,0.486543,0.275455,0.101863,2,0.203726,20.21561958406643,85.85994166589487,NH-16 (DEMO),SEG-040,2026-09-28,SYNTHETIC DEMO - NOT REAL GPS,Low
India_007101_jpg.rf.3caa0e63d3ce40998922de57771fbb2f,4,D20,0.491958,0.770872,0.820567,0.239666,0.0997592,2,0.1995184,20.22360750040082,85.87105841847944,NH-16 (DEMO),SEG-040,2026-09-28,SYNTHETIC DEMO - NOT REAL GPS,Low
India_007101_jpg.rf.3caa0e63d3ce40998922de57771fbb2f,5,D40,0.32442,0.67421,0.592514,0.246396,0.096792,2,0.193584,20.305311904103515,85.7274497842766,NH-16 (DEMO),SEG-040,2026-09-28,SYNTHETIC DEMO - NOT REAL GPS,Low
India_007101_jpg.rf.3caa0e63d3ce40998922de57771fbb2f,4,D20,0.322927,0.746168,0.645855,0.378697,0.0825073,2,0.1650146,20.25321150596184,85.84161148504697,NH-16 (DEMO),SEG-040,2026-09-28,SYNTHETIC DEMO - NOT REAL GPS,Low
India_007101_jpg.rf.3caa0e63d3ce40998922de57771fbb2f,5,D40,0.383603,0.747217,0.593473,0.319018,0.0763291,2,0.1526582,20.304837115009036,85.83794427947475,NH-16 (DEMO),SEG-041,2026-09-28,SYNTHETIC DEMO - NOT REAL GPS,Low
India_007101_jpg.rf.3caa0e63d3ce40998922de57771fbb2f,5,D40,0.399746,0.699628,0.553044,0.282445,0.0744255,2,0.148851,20.241422318742995,85.87950550793761,NH-16 (DEMO),SEG-041,2026-09-28,SYNTHETIC DEMO - NOT REAL GPS,Low
India_007101_jpg.rf.3caa0e63d3ce40998922de57771fbb2f,5,D40,0.54688,0.749668,0.0997089,0.0443049,0.0609791,2,0.1219582,20.322476025849618,85.77565930587537,NH-16 (DEMO),SEG-041,2026-09-28,SYNTHETIC DEMO - NOT REAL GPS,Low
India_007101_jpg.rf.3caa0e63d3ce40998922de57771fbb2f,5,D40,0.291069,0.758125,0.582139,0.37857,0.0529722,2,0.1059444,20.27412713435484,85.76568143867047,NH-16 (DEMO),SEG-041,2026-09-28,SYNTHETIC DEMO - NOT REAL GPS,Low
India_007102_jpg.rf.4921d3c89aed2d0b4f11b6ab342eaf5b,4,D20,0.553386,0.693252,0.680658,0.242877,0.0654132,2,0.1308264,20.18854381845108,85.79249313932957,NH-16 (DEMO),SEG-041,2026-09-28,SYNTHETIC DEMO - NOT REAL GPS,Low
India_007113_jpg.rf.49109485cb47da1003297ce6f8f8951a,5,D40,0.522857,0.690965,0.0964474,0.0504538,0.165126,2,0.330252,20.311614878116288,85.85705202834387,NH-16 (DEMO),SEG-041,2026-09-28,SYNTHETIC DEMO - NOT REAL GPS,Low
India_007137_jpg.rf.9c6148241bd7d0863b486e917d2db32d,7,D44,0.531542,0.750637,0.0417217,0.124213,0.129183,3,0.387549,20.248282430532928,85.83657498280606,NH-16 (DEMO),SEG-041,2026-09-28,SYNTHETIC DEMO - NOT REAL GPS,Low
India_007141_jpg.rf.65ab2a9e8b8caa0886bdb64390acdc26,4,D20,0.580392,0.826888,0.797796,0.263058,0.946303,2,1.892606,20.192662234875666,85.7954598102348,NH-16 (DEMO),SEG-041,2026-09-28,SYNTHETIC DEMO - NOT REAL GPS,High
India_007141_jpg.rf.65ab2a9e8b8caa0886bdb64390acdc26,4,D20,0.761574,0.81087,0.476853,0.279698,0.71707,2,1.43414,20.194430421414626,85.75913005492573,NH-16 (DEMO),SEG-041,2026-09-28,SYNTHETIC DEMO - NOT REAL GPS,Medium
India_007141_jpg.rf.65ab2a9e8b8caa0886bdb64390acdc26,4,D20,0.696712,0.82867,0.606576,0.278948,0.689013,2,1.378026,20.280005429617578,85.83632251860294,NH-16 (DEMO),SEG-041,2026-09-28,SYNTHETIC DEMO - NOT REAL GPS,Medium
India_007141_jpg.rf.65ab2a9e8b8caa0886bdb64390acdc26,4,D20,0.670497,0.790834,0.325735,0.272424,0.470101,2,0.940202,20.17757960107672,85.85672429888675,NH-16 (DEMO),SEG-041,2026-09-28,SYNTHETIC DEMO - NOT REAL GPS,Medium
India_007141_jpg.rf.65ab2a9e8b8caa0886bdb64390acdc26,4,D20,0.630283,0.793692,0.545553,0.2635,0.395712,2,0.791424,20.21585500238621,85.7839921969708,NH-16 (DEMO),SEG-041,2026-09-28,SYNTHETIC DEMO - NOT REAL GPS,Medium
India_007141_jpg.rf.65ab2a9e8b8caa0886bdb64390acdc26,4,D20,0.8345,0.843074,0.331001,0.26709,0.320807,2,0.641614,20.19236601447518,85.82697367133136,NH-16 (DEMO),SEG-041,2026-09-28,SYNTHETIC DEMO - NOT REAL GPS,Medium
India_007141_jpg.rf.65ab2a9e8b8caa0886bdb64390acdc26,4,D20,0.540974,0.783437,0.551166,0.261978,0.179191,2,0.358382,20.240572388738766,85.78403392338825,NH-16 (DEMO),SEG-041,2026-09-28,SYNTHETIC DEMO - NOT REAL GPS,Low
India_007141_jpg.rf.65ab2a9e8b8caa0886bdb64390acdc26,4,D20,0.388954,0.825098,0.756348,0.282226,0.142989,2,0.285978,20.236296603519097,85.79655895010264,NH-16 (DEMO),SEG-041,2026-09-28,SYNTHETIC DEMO - NOT REAL GPS,Low
India_007141_jpg.rf.65ab2a9e8b8caa0886bdb64390acdc26,4,D20,0.527848,0.822127,0.605949,0.222626,0.133677,2,0.267354,20.253500229550216,85.80398566079279,NH-16 (DEMO),SEG-041,2026-09-28,SYNTHETIC DEMO - NOT REAL GPS,Low
India_007141_jpg.rf.65ab2a9e8b8caa0886bdb64390acdc26,0,D00,0.612048,0.786437,0.149003,0.260641,0.105409,3,0.316227,20.214741812656406,85.84411613024356,NH-16 (DEMO),SEG-041,2026-09-28,SYNTHETIC DEMO - NOT REAL GPS,Low
India_007141_jpg.rf.65ab2a9e8b8caa0886bdb64390acdc26,4,D20,0.66185,0.869375,0.6763,0.243117,0.0760683,2,0.1521366,20.175126974300507,85.87640095746063,NH-16 (DEMO),SEG-041,2026-09-28,SYNTHETIC DEMO - NOT REAL GPS,Low
India_007141_jpg.rf.65ab2a9e8b8caa0886bdb64390acdc26,0,D00,0.629504,0.807623,0.152646,0.227893,0.0758854,3,0.2276562,20.26830177704563,85.79109858602212,NH-16 (DEMO),SEG-041,2026-09-28,SYNTHETIC DEMO - NOT REAL GPS,Low
India_007141_jpg.rf.65ab2a9e8b8caa0886bdb64390acdc26,4,D20,0.448179,0.798864,0.539275,0.238342,0.0671631,2,0.1343262,20.229794880461178,85.77477040099961,NH-16 (DEMO),SEG-041,2026-09-28,SYNTHETIC DEMO - NOT REAL GPS,Low
India_007141_jpg.rf.65ab2a9e8b8caa0886bdb64390acdc26,4,D20,0.781185,0.857897,0.43763,0.256217,0.0650791,2,0.1301582,20.274213599798408,85.77977456103558,NH-16 (DEMO),SEG-041,2026-09-28,SYNTHETIC DEMO - NOT REAL GPS,Low
India_007141_jpg.rf.65ab2a9e8b8caa0886bdb64390acdc26,4,D20,0.507654,0.85812,0.952108,0.2266,0.0607911,2,0.1215822,20.18738671532868,85.74142225110003,NH-16 (DEMO),SEG-041,2026-09-28,SYNTHETIC DEMO - NOT REAL GPS,Low
India_007141_jpg.rf.65ab2a9e8b8caa0886bdb64390acdc26,0,D00,0.628284,0.825001,0.11267,0.178866,0.0602423,3,0.1807269,20.17220437684705,85.76751019805083,NH-16 (DEMO),SEG-041,2026-09-28,SYNTHETIC DEMO - NOT REAL GPS,Low
India_007211_jpg.rf.27d04b3ed00263afbada0eaef48a6231,5,D40,0.568751,0.789306,0.0838032,0.0446678,0.251508,2,0.503016,20.209727079661647,85.733831586123,NH-16 (DEMO),SEG-041,2026-09-28,SYNTHETIC DEMO - NOT REAL GPS,Medium
India_007211_jpg.rf.27d04b3ed00263afbada0eaef48a6231,5,D40,0.570892,0.783452,0.0923935,0.0633081,0.116934,2,0.233868,20.24304757167905,85.78846308210868,NH-16 (DEMO),SEG-041,2026-09-28,SYNTHETIC DEMO - NOT REAL GPS,Low
India_007211_jpg.rf.27d04b3ed00263afbada0eaef48a6231,5,D40,0.519496,0.733164,0.130544,0.0462442,0.0679323,2,0.1358646,20.233051515866954,85.74677716308976,NH-16 (DEMO),SEG-041,2026-09-28,SYNTHETIC DEMO - NOT REAL GPS,Low
India_007211_jpg.rf.27d04b3ed00263afbada0eaef48a6231,5,D40,0.543456,0.770774,0.12557,0.0965608,0.0647866,2,0.1295732,20.299648408843755,85.7754250793559,NH-16 (DEMO),SEG-041,2026-09-28,SYNTHETIC DEMO - NOT REAL GPS,Low
India_007229_jpg.rf.f95bc876b61f3455ccd99259fb62d1e1,7,D44,0.307866,0.926698,0.159764,0.146605,0.702749,3,2.108247,20.230454023070852,85.84697243990266,NH-16 (DEMO),SEG-041,2026-09-28,SYNTHETIC DEMO - NOT REAL GPS,High
India_007229_jpg.rf.f95bc876b61f3455ccd99259fb62d1e1,7,D44,0.291277,0.942288,0.151423,0.115141,0.153471,3,0.4604129999999999,20.25487058873649,85.75934842409426,NH-16 (DEMO),SEG-041,2026-09-28,SYNTHETIC DEMO - NOT REAL GPS,Low
India_007245_jpg.rf.e403f7f94a240002d9693e95e831e3d7,5,D40,0.199988,0.864022,0.156506,0.0844315,0.0517955,2,0.103591,20.26496249479075,85.81790313941472,NH-16 (DEMO),SEG-041,2026-09-28,SYNTHETIC DEMO - NOT REAL GPS,Low
India_007309_jpg.rf.1d1eae63b34f25909a085bb6d578175b,7,D44,0.148922,0.730058,0.150466,0.150974,0.155642,3,0.466926,20.17349302266333,85.86418902707977,NH-16 (DEMO),SEG-041,2026-09-28,SYNTHETIC DEMO - NOT REAL GPS,Low
India_007309_jpg.rf.1d1eae63b34f25909a085bb6d578175b,7,D44,0.134225,0.74758,0.182909,0.171898,0.102868,3,0.308604,20.252421340295392,85.81070866992472,NH-16 (DEMO),SEG-041,2026-09-28,SYNTHETIC DEMO - NOT REAL GPS,Low
India_007322_jpg.rf.e0daedb76dc4fbb3781eeb6b00d822fa,4,D20,0.629897,0.825339,0.724515,0.281556,0.469547,2,0.939094,20.225173001503816,85.75100681804358,NH-16 (DEMO),SEG-041,2026-09-28,SYNTHETIC DEMO - NOT REAL GPS,Medium
India_007322_jpg.rf.e0daedb76dc4fbb3781eeb6b00d822fa,4,D20,0.815016,0.813184,0.365526,0.258793,0.421642,2,0.843284,20.237404820429322,85.77516259103454,NH-16 (DEMO),SEG-041,2026-09-28,SYNTHETIC DEMO - NOT REAL GPS,Medium
India_007322_jpg.rf.e0daedb76dc4fbb3781eeb6b00d822fa,4,D20,0.709896,0.819615,0.580207,0.242078,0.146484,2,0.292968,20.18604598375924,85.81445907314945,NH-16 (DEMO),SEG-041,2026-09-28,SYNTHETIC DEMO - NOT REAL GPS,Low
India_007322_jpg.rf.e0daedb76dc4fbb3781eeb6b00d822fa,4,D20,0.736211,0.798619,0.46582,0.265177,0.132814,2,0.265628,20.295251290503785,85.80105778236157,NH-16 (DEMO),SEG-041,2026-09-28,SYNTHETIC DEMO - NOT REAL GPS,Low
India_007322_jpg.rf.e0daedb76dc4fbb3781eeb6b00d822fa,4,D20,0.521317,0.803155,0.910546,0.247268,0.061867,2,0.123734,20.320784680129364,85.7437791738043,NH-16 (DEMO),SEG-041,2026-09-28,SYNTHETIC DEMO - NOT REAL GPS,Low
India_007517_jpg.rf.93e1bc83ebc6ed58cede1c7cc2da3a69,4,D20,0.497546,0.71534,0.913679,0.263847,0.948609,2,1.897218,20.173563011300736,85.79148741515048,NH-16 (DEMO),SEG-041,2026-09-28,SYNTHETIC DEMO - NOT REAL GPS,High
India_007517_jpg.rf.93e1bc83ebc6ed58cede1c7cc2da3a69,4,D20,0.392567,0.754977,0.764205,0.32787,0.628319,2,1.256638,20.266219642049816,85.80689067118564,NH-16 (DEMO),SEG-041,2026-09-28,SYNTHETIC DEMO - NOT REAL GPS,Medium
India_007517_jpg.rf.93e1bc83ebc6ed58cede1c7cc2da3a69,4,D20,0.586272,0.691386,0.695716,0.239603,0.47403,2,0.94806,20.29221505076614,85.76277323431322,NH-16 (DEMO),SEG-041,2026-09-28,SYNTHETIC DEMO - NOT REAL GPS,Medium
India_007517_jpg.rf.93e1bc83ebc6ed58cede1c7cc2da3a69,5,D40,0.625103,0.681872,0.528553,0.240457,0.17534,2,0.35068,20.215569214183983,85.81799128245437,NH-16 (DEMO),SEG-041,2026-09-28,SYNTHETIC DEMO - NOT REAL GPS,Low
India_007517_jpg.rf.93e1bc83ebc6ed58cede1c7cc2da3a69,4,D20,0.221609,0.827094,0.443219,0.338634,0.163759,2,0.327518,20.296008893578115,85.73122561591764,NH-16 (DEMO),SEG-041,2026-09-28,SYNTHETIC DEMO - NOT REAL GPS,Low
India_007517_jpg.rf.93e1bc83ebc6ed58cede1c7cc2da3a69,4,D20,0.662388,0.698101,0.529776,0.203317,0.156608,2,0.313216,20.271176808122608,85.77385712537048,NH-16 (DEMO),SEG-041,2026-09-28,SYNTHETIC DEMO - NOT REAL GPS,Low
India_007517_jpg.rf.93e1bc83ebc6ed58cede1c7cc2da3a69,4,D20,0.293272,0.802903,0.586544,0.380588,0.125375,2,0.25075,20.31866602116337,85.8486842932444,NH-16 (DEMO),SEG-041,2026-09-28,SYNTHETIC DEMO - NOT REAL GPS,Low
India_007517_jpg.rf.93e1bc83ebc6ed58cede1c7cc2da3a69,5,D40,0.53635,0.676874,0.568337,0.243456,0.11503,2,0.23006,20.326960769816605,85.7614855681453,NH-16 (DEMO),SEG-041,2026-09-28,SYNTHETIC DEMO - NOT REAL GPS,Low
India_007517_jpg.rf.93e1bc83ebc6ed58cede1c7cc2da3a69,4,D20,0.403327,0.759697,0.590034,0.296485,0.0868324,2,0.1736648,20.176775378239793,85.8168282960005,NH-16 (DEMO),SEG-041,2026-09-28,SYNTHETIC DEMO - NOT REAL GPS,Low
India_007517_jpg.rf.93e1bc83ebc6ed58cede1c7cc2da3a69,4,D20,0.334253,0.793655,0.579474,0.291595,0.0707681,2,0.1415362,20.24119004176432,85.78560475419364,NH-16 (DEMO),SEG-041,2026-09-28,SYNTHETIC DEMO - NOT REAL GPS,Low
India_007517_jpg.rf.93e1bc83ebc6ed58cede1c7cc2da3a69,4,D20,0.441685,0.703828,0.609289,0.237632,0.0665088,2,0.1330176,20.257518046012514,85.77063362278643,NH-16 (DEMO),SEG-041,2026-09-28,SYNTHETIC DEMO - NOT REAL GPS,Low
India_007517_jpg.rf.93e1bc83ebc6ed58cede1c7cc2da3a69,4,D20,0.495494,0.764305,0.934996,0.251595,0.0639898,2,0.1279796,20.193478917313225,85.8665810700656,NH-16 (DEMO),SEG-041,2026-09-28,SYNTHETIC DEMO - NOT REAL GPS,Low
India_007517_jpg.rf.93e1bc83ebc6ed58cede1c7cc2da3a69,4,D20,0.519398,0.715699,0.636048,0.201498,0.0503751,2,0.1007502,20.223805732868378,85.77492187489285,NH-16 (DEMO),SEG-041,2026-09-28,SYNTHETIC DEMO - NOT REAL GPS,Low
India_007543_jpg.rf.d39d948529db6d7bf3f5c95a9101223a,4,D20,0.512323,0.806219,0.947588,0.249697,0.764133,2,1.528266,20.328023591641035,85.75786814423792,NH-16 (DEMO),SEG-042,2026-09-28,SYNTHETIC DEMO - NOT REAL GPS,High
India_007543_jpg.rf.d39d948529db6d7bf3f5c95a9101223a,4,D20,0.594864,0.781979,0.801341,0.241717,0.648268,2,1.296536,20.172596873014797,85.86548821050243,NH-16 (DEMO),SEG-042,2026-09-28,SYNTHETIC DEMO - NOT REAL GPS,Medium
India_007543_jpg.rf.d39d948529db6d7bf3f5c95a9101223a,4,D20,0.758611,0.771412,0.482778,0.256339,0.244101,2,0.488202,20.242401269043903,85.83935109694973,NH-16 (DEMO),SEG-042,2026-09-28,SYNTHETIC DEMO - NOT REAL GPS,Low
India_007543_jpg.rf.d39d948529db6d7bf3f5c95a9101223a,4,D20,0.693277,0.792942,0.613447,0.245387,0.242613,2,0.485226,20.30482473947491,85.8290879541917,NH-16 (DEMO),SEG-042,2026-09-28,SYNTHETIC DEMO - NOT REAL GPS,Low
India_007543_jpg.rf.d39d948529db6d7bf3f5c95a9101223a,4,D20,0.401523,0.830754,0.773117,0.29325,0.191256,2,0.382512,20.221824202035087,85.72792559073069,NH-16 (DEMO),SEG-042,2026-09-28,SYNTHETIC DEMO - NOT REAL GPS,Low
India_007543_jpg.rf.d39d948529db6d7bf3f5c95a9101223a,4,D20,0.631772,0.766249,0.579873,0.257917,0.168952,2,0.337904,20.246767760440825,85.74099279371453,NH-16 (DEMO),SEG-042,2026-09-28,SYNTHETIC DEMO - NOT REAL GPS,Low
India_007543_jpg.rf.d39d948529db6d7bf3f5c95a9101223a,5,D40,0.526997,0.77546,0.561327,0.241353,0.107592,2,0.215184,20.326487319326077,85.82213439420954,NH-16 (DEMO),SEG-042,2026-09-28,SYNTHETIC DEMO - NOT REAL GPS,Low
India_007543_jpg.rf.d39d948529db6d7bf3f5c95a9101223a,4,D20,0.853826,0.785872,0.292347,0.236209,0.0823002,2,0.1646004,20.245980293836112,85.7535092538442,NH-16 (DEMO),SEG-042,2026-09-28,SYNTHETIC DEMO - NOT REAL GPS,Low
India_007543_jpg.rf.d39d948529db6d7bf3f5c95a9101223a,5,D40,0.725736,0.75419,0.521019,0.289007,0.0749878,2,0.1499756,20.19094740994344,85.75610207770086,NH-16 (DEMO),SEG-042,2026-09-28,SYNTHETIC DEMO - NOT REAL GPS,Low
India_007543_jpg.rf.d39d948529db6d7bf3f5c95a9101223a,4,D20,0.530003,0.793838,0.611747,0.210242,0.0644864,2,0.1289728,20.178275438666624,85.84466216245498,NH-16 (DEMO),SEG-042,2026-09-28,SYNTHETIC DEMO - NOT REAL GPS,Low
India_007543_jpg.rf.d39d948529db6d7bf3f5c95a9101223a,5,D40,0.631946,0.753456,0.548172,0.28326,0.0605412,2,0.1210824,20.321266651590392,85.76574799181391,NH-16 (DEMO),SEG-042,2026-09-28,SYNTHETIC DEMO - NOT REAL GPS,Low
India_007598_jpg.rf.e649ae893806a079a25cb7c879674461,7,D44,0.375605,0.80052,0.147765,0.14453,0.722174,3,2.166522,20.21252950612401,85.7314539683443,NH-16 (DEMO),SEG-042,2026-09-28,SYNTHETIC DEMO - NOT REAL GPS,High
India_007598_jpg.rf.e649ae893806a079a25cb7c879674461,7,D44,0.389455,0.798539,0.0938568,0.13083,0.12117,3,0.36351,20.25065022505033,85.72582911156958,NH-16 (DEMO),SEG-042,2026-09-28,SYNTHETIC DEMO - NOT REAL GPS,Low
India_007598_jpg.rf.e649ae893806a079a25cb7c879674461,4,D20,0.457659,0.798979,0.723877,0.236527,0.0779841,2,0.1559682,20.184512282574396,85.79090847795925,NH-16 (DEMO),SEG-042,2026-09-28,SYNTHETIC DEMO - NOT REAL GPS,Low
India_007598_jpg.rf.e649ae893806a079a25cb7c879674461,0,D00,0.375758,0.796145,0.154213,0.183069,0.0615563,3,0.1846689,20.2377848192881,85.81874057242955,NH-16 (DEMO),SEG-042,2026-09-28,SYNTHETIC DEMO - NOT REAL GPS,Low
India_007602_jpg.rf.f93af818c665493bb3db23a7fe9c3e66,0,D00,0.506335,0.768159,0.0510416,0.148125,0.12239,3,0.36717,20.31881688308002,85.85902163734269,NH-16 (DEMO),SEG-042,2026-09-28,SYNTHETIC DEMO - NOT REAL GPS,Low
India_007621_jpg.rf.393e9dfb04943a45d2fc5eb4ae852967,4,D20,0.43826,0.838886,0.736554,0.29553,0.165252,2,0.330504,20.25038607898095,85.73772870320522,NH-16 (DEMO),SEG-042,2026-09-28,SYNTHETIC DEMO - NOT REAL GPS,Low
India_007621_jpg.rf.393e9dfb04943a45d2fc5eb4ae852967,7,D44,0.364079,0.85351,0.167868,0.234536,0.162893,3,0.488679,20.325381624288372,85.75146765220613,NH-16 (DEMO),SEG-042,2026-09-28,SYNTHETIC DEMO - NOT REAL GPS,Low
India_007621_jpg.rf.393e9dfb04943a45d2fc5eb4ae852967,7,D44,0.383853,0.822422,0.160316,0.20833,0.0996566,3,0.2989698,20.211413701957984,85.8047680977452,NH-16 (DEMO),SEG-042,2026-09-28,SYNTHETIC DEMO - NOT REAL GPS,Low
India_007621_jpg.rf.393e9dfb04943a45d2fc5eb4ae852967,7,D44,0.368873,0.838795,0.214946,0.250843,0.0979909,3,0.2939727,20.25072723835263,85.7782573379587,NH-16 (DEMO),SEG-042,2026-09-28,SYNTHETIC DEMO - NOT REAL GPS,Low
India_007621_jpg.rf.393e9dfb04943a45d2fc5eb4ae852967,7,D44,0.351954,0.880764,0.152169,0.193491,0.0874906,3,0.2624718,20.307524926689492,85.79720599219928,NH-16 (DEMO),SEG-042,2026-09-28,SYNTHETIC DEMO - NOT REAL GPS,Low
India_007644_jpg.rf.7ed0779c56b71501c666e9af3b611d56,4,D20,0.443238,0.738,0.874518,0.297926,0.473232,2,0.946464,20.241720376728598,85.86785994383747,NH-16 (DEMO),SEG-042,2026-09-28,SYNTHETIC DEMO - NOT REAL GPS,Medium
India_007644_jpg.rf.7ed0779c56b71501c666e9af3b611d56,4,D20,0.483668,0.696495,0.824574,0.237405,0.0755388,2,0.1510776,20.21471797977123,85.80718266461835,NH-16 (DEMO),SEG-042,2026-09-28,SYNTHETIC DEMO - NOT REAL GPS,Low
India_007644_jpg.rf.7ed0779c56b71501c666e9af3b611d56,5,D40,0.111515,0.661802,0.220198,0.153688,0.057581,2,0.115162,20.306876058146862,85.78641929769793,NH-16 (DEMO),SEG-042,2026-09-28,SYNTHETIC DEMO - NOT REAL GPS,Low
India_007644_jpg.rf.7ed0779c56b71501c666e9af3b611d56,4,D20,0.217005,0.822597,0.434011,0.349842,0.057171,2,0.114342,20.232382315019617,85.87831038507196,NH-16 (DEMO),SEG-042,2026-09-28,SYNTHETIC DEMO - NOT REAL GPS,Low
India_007666_jpg.rf.8e5985a007e7f382ff5a42e486c94b1c,4,D20,0.508816,0.837811,0.935373,0.279087,0.322873,2,0.645746,20.25491572656964,85.73043450718393,NH-16 (DEMO),SEG-042,2026-09-28,SYNTHETIC DEMO - NOT REAL GPS,Medium
India_007691_jpg.rf.b4089eba805e3f39ba110eeb539162d4,7,D44,0.778911,0.731014,0.152309,0.152683,0.133556,3,0.400668,20.326244330626423,85.86913815173938,NH-16 (DEMO),SEG-042,2026-09-28,SYNTHETIC DEMO - NOT REAL GPS,Low
India_007691_jpg.rf.b4089eba805e3f39ba110eeb539162d4,4,D20,0.839242,0.765951,0.319384,0.312642,0.0929886,2,0.1859772,20.19983732716094,85.80026589473047,NH-16 (DEMO),SEG-042,2026-09-28,SYNTHETIC DEMO - NOT REAL GPS,Low
India_007691_jpg.rf.b4089eba805e3f39ba110eeb539162d4,7,D44,0.788504,0.751473,0.181701,0.181767,0.0773097,3,0.2319291,20.21822410187523,85.80060101404274,NH-16 (DEMO),SEG-042,2026-09-28,SYNTHETIC DEMO - NOT REAL GPS,Low
India_007692_jpg.rf.6e2a298832c20959370358fb872a1e88,4,D20,0.57403,0.894148,0.784415,0.210853,0.130023,2,0.260046,20.174971136011173,85.86751429347251,NH-16 (DEMO),SEG-042,2026-09-28,SYNTHETIC DEMO - NOT REAL GPS,Low
India_007706_jpg.rf.5cd6bbe1bd89fbedaf9fc9d25f5c1ad5,4,D20,0.389194,0.748715,0.746978,0.269262,0.412173,2,0.824346,20.23269403358561,85.8011718367349,NH-16 (DEMO),SEG-042,2026-09-28,SYNTHETIC DEMO - NOT REAL GPS,Medium
India_007706_jpg.rf.5cd6bbe1bd89fbedaf9fc9d25f5c1ad5,4,D20,0.386121,0.818462,0.760905,0.351383,0.251995,2,0.50399,20.20202934889358,85.79014513448482,NH-16 (DEMO),SEG-042,2026-09-28,SYNTHETIC DEMO - NOT REAL GPS,Medium
India_007742_jpg.rf.f0db12d02ab2b83eeb6d185ea5e5a898,4,D20,0.423152,0.856113,0.838426,0.287774,0.716333,2,1.432666,20.278805589665264,85.76359817473875,NH-16 (DEMO),SEG-042,2026-09-28,SYNTHETIC DEMO - NOT REAL GPS,Medium
India_007742_jpg.rf.f0db12d02ab2b83eeb6d185ea5e5a898,4,D20,0.302986,0.858202,0.605973,0.280851,0.0779301,2,0.1558602,20.199011433402536,85.82541068269079,NH-16 (DEMO),SEG-042,2026-09-28,SYNTHETIC DEMO - NOT REAL GPS,Low
India_007755_jpg.rf.b567ff0371b151563167584a41a4589e,4,D20,0.84215,0.872895,0.314797,0.222076,0.220064,2,0.440128,20.27797004038494,85.81114321455676,NH-16 (DEMO),SEG-042,2026-09-28,SYNTHETIC DEMO - NOT REAL GPS,Low
India_007755_jpg.rf.b567ff0371b151563167584a41a4589e,4,D20,0.751466,0.872775,0.497068,0.237869,0.105512,2,0.211024,20.21215606851029,85.75429526991164,NH-16 (DEMO),SEG-042,2026-09-28,SYNTHETIC DEMO - NOT REAL GPS,Low
India_007755_jpg.rf.b567ff0371b151563167584a41a4589e,4,D20,0.599403,0.869809,0.801194,0.242795,0.099303,2,0.198606,20.22683485345939,85.83350606640981,NH-16 (DEMO),SEG-042,2026-09-28,SYNTHETIC DEMO - NOT REAL GPS,Low
India_007755_jpg.rf.b567ff0371b151563167584a41a4589e,7,D44,0.77902,0.895927,0.114568,0.15698,0.0967718,3,0.2903154,20.225817704327422,85.82305389717386,NH-16 (DEMO),SEG-042,2026-09-28,SYNTHETIC DEMO - NOT REAL GPS,Low
India_007755_jpg.rf.b567ff0371b151563167584a41a4589e,0,D00,0.764932,0.894487,0.0790975,0.134345,0.055966,3,0.167898,20.284680280026176,85.78357342147305,NH-16 (DEMO),SEG-042,2026-09-28,SYNTHETIC DEMO - NOT REAL GPS,Low
India_007755_jpg.rf.b567ff0371b151563167584a41a4589e,0,D00,0.784959,0.903772,0.117182,0.146419,0.0524886,3,0.1574658,20.244641482102136,85.72070414750456,NH-16 (DEMO),SEG-042,2026-09-28,SYNTHETIC DEMO - NOT REAL GPS,Low
India_007765_jpg.rf.457fa16b7c46d59ef0b6033fc1826cde,7,D44,0.638669,0.795973,0.0719718,0.122412,0.187533,3,0.5625990000000001,20.22780782381643,85.79145298402818,NH-16 (DEMO),SEG-042,2026-09-28,SYNTHETIC DEMO - NOT REAL GPS,Medium
India_007765_jpg.rf.457fa16b7c46d59ef0b6033fc1826cde,7,D44,0.634825,0.763043,0.087805,0.185546,0.07832,3,0.23496,20.30641963504631,85.72096929874084,NH-16 (DEMO),SEG-042,2026-09-28,SYNTHETIC DEMO - NOT REAL GPS,Low
India_007765_jpg.rf.457fa16b7c46d59ef0b6033fc1826cde,7,D44,0.647738,0.808029,0.0626858,0.105217,0.0628696,3,0.1886088,20.261512100102593,85.73199975828784,NH-16 (DEMO),SEG-042,2026-09-28,SYNTHETIC DEMO - NOT REAL GPS,Low
India_007789_jpg.rf.ca445209cd32a271a5588766d261a86e,4,D20,0.377628,0.836906,0.747369,0.306532,0.666147,2,1.332294,20.20421293140448,85.78889758439693,NH-16 (DEMO),SEG-042,2026-09-28,SYNTHETIC DEMO - NOT REAL GPS,Medium
India_007789_jpg.rf.ca445209cd32a271a5588766d261a86e,5,D40,0.325312,0.867361,0.561019,0.204567,0.368823,2,0.737646,20.31401460450299,85.73310718146965,NH-16 (DEMO),SEG-042,2026-09-28,SYNTHETIC DEMO - NOT REAL GPS,Medium
India_007789_jpg.rf.ca445209cd32a271a5588766d261a86e,4,D20,0.29787,0.888345,0.595739,0.219379,0.26057,2,0.52114,20.22482404736538,85.76410646940595,NH-16 (DEMO),SEG-042,2026-09-28,SYNTHETIC DEMO - NOT REAL GPS,Medium
India_007789_jpg.rf.ca445209cd32a271a5588766d261a86e,4,D20,0.3949,0.859518,0.531257,0.192241,0.211011,2,0.422022,20.176236700405973,85.82487861896944,NH-16 (DEMO),SEG-042,2026-09-28,SYNTHETIC DEMO - NOT REAL GPS,Low
India_007789_jpg.rf.ca445209cd32a271a5588766d261a86e,5,D40,0.602629,0.687321,0.0796631,0.0410519,0.156193,2,0.312386,20.249136035835914,85.7693784548175,NH-16 (DEMO),SEG-042,2026-09-28,SYNTHETIC DEMO - NOT REAL GPS,Low
India_007789_jpg.rf.ca445209cd32a271a5588766d261a86e,4,D20,0.223119,0.860149,0.441929,0.279701,0.150965,2,0.30193,20.18983008871054,85.87962377505944,NH-16 (DEMO),SEG-042,2026-09-28,SYNTHETIC DEMO - NOT REAL GPS,Low
India_007789_jpg.rf.ca445209cd32a271a5588766d261a86e,5,D40,0.414839,0.823164,0.545968,0.250958,0.134723,2,0.269446,20.208154630994517,85.8666083254264,NH-16 (DEMO),SEG-042,2026-09-28,SYNTHETIC DEMO - NOT REAL GPS,Low
India_007789_jpg.rf.ca445209cd32a271a5588766d261a86e,5,D40,0.285744,0.849192,0.571488,0.282731,0.0865156,2,0.1730312,20.289537739629985,85.81364958473368,NH-16 (DEMO),SEG-043,2026-09-28,SYNTHETIC DEMO - NOT REAL GPS,Low
India_007789_jpg.rf.ca445209cd32a271a5588766d261a86e,5,D40,0.567997,0.875735,0.122698,0.0752594,0.0831526,2,0.1663052,20.190920290140213,85.87471154218159,NH-16 (DEMO),SEG-043,2026-09-28,SYNTHETIC DEMO - NOT REAL GPS,Low
India_007789_jpg.rf.ca445209cd32a271a5588766d261a86e,5,D40,0.552732,0.866026,0.152175,0.0983658,0.0720391,2,0.1440782,20.299111075896647,85.85888276710921,NH-16 (DEMO),SEG-043,2026-09-28,SYNTHETIC DEMO - NOT REAL GPS,Low
India_007789_jpg.rf.ca445209cd32a271a5588766d261a86e,5,D40,0.59438,0.694814,0.102198,0.0710468,0.0669762,2,0.1339524,20.319905166100952,85.77102376301447,NH-16 (DEMO),SEG-043,2026-09-28,SYNTHETIC DEMO - NOT REAL GPS,Low
India_007789_jpg.rf.ca445209cd32a271a5588766d261a86e,5,D40,0.598292,0.683011,0.0977808,0.0614508,0.0644456,2,0.1288912,20.26704513606527,85.83993539935764,NH-16 (DEMO),SEG-043,2026-09-28,SYNTHETIC DEMO - NOT REAL GPS,Low
India_007789_jpg.rf.ca445209cd32a271a5588766d261a86e,4,D20,0.483804,0.868375,0.948067,0.262241,0.0516194,2,0.1032388,20.283657470723654,85.74189308544062,NH-16 (DEMO),SEG-043,2026-09-28,SYNTHETIC DEMO - NOT REAL GPS,Low
India_007789_jpg.rf.ca445209cd32a271a5588766d261a86e,5,D40,0.63672,0.772109,0.0711937,0.0412433,0.0501437,2,0.1002874,20.284173857585188,85.8295282279006,NH-16 (DEMO),SEG-043,2026-09-28,SYNTHETIC DEMO - NOT REAL GPS,Low
India_007791_jpg.rf.fb1561c10437dc74400640544bfc51ec,4,D20,0.403518,0.710484,0.790994,0.333274,0.308776,2,0.617552,20.32884927316327,85.79857309223912,NH-16 (DEMO),SEG-043,2026-09-28,SYNTHETIC DEMO - NOT REAL GPS,Medium
India_007791_jpg.rf.fb1561c10437dc74400640544bfc51ec,5,D40,0.461345,0.638612,0.508601,0.233019,0.29198,2,0.58396,20.224646121952258,85.72269215028045,NH-16 (DEMO),SEG-043,2026-09-28,SYNTHETIC DEMO - NOT REAL GPS,Medium
India_007791_jpg.rf.fb1561c10437dc74400640544bfc51ec,5,D40,0.5792,0.646478,0.116008,0.0630047,0.191909,2,0.383818,20.19605704819883,85.76387677158246,NH-16 (DEMO),SEG-043,2026-09-28,SYNTHETIC DEMO - NOT REAL GPS,Low
India_007791_jpg.rf.fb1561c10437dc74400640544bfc51ec,5,D40,0.437131,0.690965,0.53653,0.304634,0.14259,2,0.28518,20.253066757586293,85.87286115478467,NH-16 (DEMO),SEG-043,2026-09-28,SYNTHETIC DEMO - NOT REAL GPS,Low
India_007791_jpg.rf.fb1561c10437dc74400640544bfc51ec,5,D40,0.587065,0.652477,0.0923597,0.050585,0.116616,2,0.233232,20.255319969573073,85.77053303761416,NH-16 (DEMO),SEG-043,2026-09-28,SYNTHETIC DEMO - NOT REAL GPS,Low
India_007791_jpg.rf.fb1561c10437dc74400640544bfc51ec,5,D40,0.547152,0.644475,0.23406,0.104372,0.0955245,2,0.191049,20.198465998127382,85.74903271284823,NH-16 (DEMO),SEG-043,2026-09-28,SYNTHETIC DEMO - NOT REAL GPS,Low
India_007791_jpg.rf.fb1561c10437dc74400640544bfc51ec,5,D40,0.580736,0.626662,0.23295,0.132572,0.0658715,2,0.131743,20.268097507039062,85.75000503145155,NH-16 (DEMO),SEG-043,2026-09-28,SYNTHETIC DEMO - NOT REAL GPS,Low
India_007791_jpg.rf.fb1561c10437dc74400640544bfc51ec,5,D40,0.621873,0.58322,0.116639,0.0565893,0.0619621,2,0.1239242,20.172259957356292,85.79667412234271,NH-16 (DEMO),SEG-043,2026-09-28,SYNTHETIC DEMO - NOT REAL GPS,Low
India_007791_jpg.rf.fb1561c10437dc74400640544bfc51ec,5,D40,0.526723,0.63984,0.320121,0.13821,0.0572032,2,0.1144064,20.318426944392677,85.85482387850729,NH-16 (DEMO),SEG-043,2026-09-28,SYNTHETIC DEMO - NOT REAL GPS,Low
India_007791_jpg.rf.fb1561c10437dc74400640544bfc51ec,5,D40,0.407551,0.611886,0.531995,0.218639,0.0539592,2,0.1079184,20.2123318844514,85.84128028242134,NH-16 (DEMO),SEG-043,2026-09-28,SYNTHETIC DEMO - NOT REAL GPS,Low
India_007811_jpg.rf.74955263bb8b50181f25b892d3e065dd,4,D20,0.537844,0.875165,0.89068,0.249634,0.794675,2,1.58935,20.17632963334243,85.78989632120604,NH-16 (DEMO),SEG-043,2026-09-28,SYNTHETIC DEMO - NOT REAL GPS,High
India_007811_jpg.rf.74955263bb8b50181f25b892d3e065dd,4,D20,0.763113,0.873575,0.441062,0.252851,0.38759,2,0.77518,20.187319910635978,85.75339630134991,NH-16 (DEMO),SEG-043,2026-09-28,SYNTHETIC DEMO - NOT REAL GPS,Medium
India_007811_jpg.rf.74955263bb8b50181f25b892d3e065dd,4,D20,0.675501,0.869115,0.553157,0.25853,0.320432,2,0.640864,20.208439831724743,85.72737038401635,NH-16 (DEMO),SEG-043,2026-09-28,SYNTHETIC DEMO - NOT REAL GPS,Medium
India_007811_jpg.rf.74955263bb8b50181f25b892d3e065dd,4,D20,0.45589,0.889909,0.594741,0.220182,0.115074,2,0.230148,20.213824986976967,85.79402085111724,NH-16 (DEMO),SEG-043,2026-09-28,SYNTHETIC DEMO - NOT REAL GPS,Low
India_007811_jpg.rf.74955263bb8b50181f25b892d3e065dd,4,D20,0.569016,0.858977,0.580927,0.260174,0.0894216,2,0.1788432,20.175249599919635,85.85036405576291,NH-16 (DEMO),SEG-043,2026-09-28,SYNTHETIC DEMO - NOT REAL GPS,Low
India_007811_jpg.rf.74955263bb8b50181f25b892d3e065dd,4,D20,0.713656,0.902227,0.572689,0.195267,0.0568258,2,0.1136516,20.214696769950997,85.83674911897509,NH-16 (DEMO),SEG-043,2026-09-28,SYNTHETIC DEMO - NOT REAL GPS,Low
India_007830_jpg.rf.3db198603e1e3871bb42af5a09dbcbd3,7,D44,0.475285,0.903081,0.137573,0.167748,0.322362,3,0.967086,20.200870677838957,85.78537612282035,NH-16 (DEMO),SEG-043,2026-09-28,SYNTHETIC DEMO - NOT REAL GPS,Medium
India_007830_jpg.rf.3db198603e1e3871bb42af5a09dbcbd3,7,D44,0.488549,0.896736,0.0875866,0.14389,0.061573,3,0.184719,20.230579348389522,85.81515242750682,NH-16 (DEMO),SEG-043,2026-09-28,SYNTHETIC DEMO - NOT REAL GPS,Low
India_007836_jpg.rf.742ba27ba562bd92ff018c44fc96210f,7,D44,0.223249,0.789745,0.137578,0.120285,0.545268,3,1.6358039999999998,20.231626837976954,85.7897994433514,NH-16 (DEMO),SEG-043,2026-09-28,SYNTHETIC DEMO - NOT REAL GPS,High
India_007846_jpg.rf.3b1892dc9a23dc41842a6fda6aee760a,4,D20,0.607272,0.89028,0.785455,0.21944,0.978409,2,1.956818,20.22424123849646,85.81264257756642,NH-16 (DEMO),SEG-043,2026-09-28,SYNTHETIC DEMO - NOT REAL GPS,High
India_007846_jpg.rf.3b1892dc9a23dc41842a6fda6aee760a,4,D20,0.789098,0.899326,0.421805,0.199242,0.889887,2,1.779774,20.222467821364912,85.80280083910297,NH-16 (DEMO),SEG-043,2026-09-28,SYNTHETIC DEMO - NOT REAL GPS,High
India_007846_jpg.rf.3b1892dc9a23dc41842a6fda6aee760a,4,D20,0.697889,0.892463,0.604222,0.215073,0.772778,2,1.545556,20.1843570044386,85.82895465602002,NH-16 (DEMO),SEG-043,2026-09-28,SYNTHETIC DEMO - NOT REAL GPS,High
India_007846_jpg.rf.3b1892dc9a23dc41842a6fda6aee760a,4,D20,0.721922,0.879151,0.414863,0.241698,0.641419,2,1.282838,20.174032791540185,85.8012334149653,NH-16 (DEMO),SEG-043,2026-09-28,SYNTHETIC DEMO - NOT REAL GPS,Medium
India_007846_jpg.rf.3b1892dc9a23dc41842a6fda6aee760a,4,D20,0.854178,0.907298,0.291645,0.185404,0.576121,2,1.152242,20.202338288025036,85.87049775970681,NH-16 (DEMO),SEG-043,2026-09-28,SYNTHETIC DEMO - NOT REAL GPS,Medium
India_007846_jpg.rf.3b1892dc9a23dc41842a6fda6aee760a,5,D40,0.915389,0.909069,0.152997,0.073999,0.0992342,2,0.1984684,20.291063908386658,85.78848450905306,NH-16 (DEMO),SEG-043,2026-09-28,SYNTHETIC DEMO - NOT REAL GPS,Low
India_007846_jpg.rf.3b1892dc9a23dc41842a6fda6aee760a,5,D40,0.918701,0.932939,0.162598,0.132935,0.0839406,2,0.1678812,20.32852956248818,85.72254660848635,NH-16 (DEMO),SEG-043,2026-09-28,SYNTHETIC DEMO - NOT REAL GPS,Low
India_007846_jpg.rf.3b1892dc9a23dc41842a6fda6aee760a,4,D20,0.89539,0.925106,0.206488,0.149787,0.0634387,2,0.1268774,20.318564188009173,85.75781976566543,NH-16 (DEMO),SEG-043,2026-09-28,SYNTHETIC DEMO - NOT REAL GPS,Low
India_007858_jpg.rf.ce874f1abc107a9de66b2d5593c9b710,7,D44,0.286046,0.969014,0.0721474,0.0619717,0.0660018,3,0.1980054,20.25067509688604,85.80009709729707,NH-16 (DEMO),SEG-043,2026-09-28,SYNTHETIC DEMO - NOT REAL GPS,Low
India_007909_jpg.rf.bab12b97cbc90c3c74418f7ff2e1e6ae,5,D40,0.636402,0.793187,0.110744,0.0499447,0.230082,2,0.460164,20.25509181692447,85.80649149630219,NH-16 (DEMO),SEG-043,2026-09-28,SYNTHETIC DEMO - NOT REAL GPS,Low
India_007912_jpg.rf.8185359a8682eea844e20ec57599cec2,4,D20,0.757855,0.865856,0.383366,0.268287,0.825309,2,1.650618,20.220333051045735,85.80838156628992,NH-16 (DEMO),SEG-043,2026-09-28,SYNTHETIC DEMO - NOT REAL GPS,High
India_007912_jpg.rf.8185359a8682eea844e20ec57599cec2,4,D20,0.48555,0.869173,0.919715,0.261654,0.789785,2,1.57957,20.293830310182024,85.83432833572321,NH-16 (DEMO),SEG-043,2026-09-28,SYNTHETIC DEMO - NOT REAL GPS,High
India_007912_jpg.rf.8185359a8682eea844e20ec57599cec2,4,D20,0.687223,0.862054,0.463567,0.275892,0.422317,2,0.844634,20.292361070069223,85.7639437028188,NH-16 (DEMO),SEG-043,2026-09-28,SYNTHETIC DEMO - NOT REAL GPS,Medium
India_007912_jpg.rf.8185359a8682eea844e20ec57599cec2,4,D20,0.613606,0.88415,0.687772,0.2317,0.217278,2,0.434556,20.305083577213193,85.82638458864663,NH-16 (DEMO),SEG-043,2026-09-28,SYNTHETIC DEMO - NOT REAL GPS,Low
India_007912_jpg.rf.8185359a8682eea844e20ec57599cec2,4,D20,0.777737,0.902161,0.41967,0.194676,0.215906,2,0.431812,20.3132807323515,85.83264516369907,NH-16 (DEMO),SEG-043,2026-09-28,SYNTHETIC DEMO - NOT REAL GPS,Low
India_007912_jpg.rf.8185359a8682eea844e20ec57599cec2,4,D20,0.397437,0.843345,0.781355,0.301343,0.174527,2,0.349054,20.239495879716046,85.78580492041932,NH-16 (DEMO),SEG-043,2026-09-28,SYNTHETIC DEMO - NOT REAL GPS,Low
India_007912_jpg.rf.8185359a8682eea844e20ec57599cec2,0,D00,0.710374,0.879555,0.168342,0.23961,0.120954,3,0.362862,20.292700090897153,85.7843470558634,NH-16 (DEMO),SEG-043,2026-09-28,SYNTHETIC DEMO - NOT REAL GPS,Low
India_007912_jpg.rf.8185359a8682eea844e20ec57599cec2,4,D20,0.742538,0.91438,0.223088,0.169485,0.0985177,2,0.1970354,20.29902379660734,85.74862796570503,NH-16 (DEMO),SEG-043,2026-09-28,SYNTHETIC DEMO - NOT REAL GPS,Low
India_007912_jpg.rf.8185359a8682eea844e20ec57599cec2,4,D20,0.599907,0.870009,0.500541,0.259983,0.0790101,2,0.1580202,20.21935353959964,85.78623798020085,NH-16 (DEMO),SEG-043,2026-09-28,SYNTHETIC DEMO - NOT REAL GPS,Low
India_007912_jpg.rf.8185359a8682eea844e20ec57599cec2,4,D20,0.742775,0.880943,0.248387,0.238113,0.061247,2,0.122494,20.318678759040985,85.84589060667312,NH-16 (DEMO),SEG-043,2026-09-28,SYNTHETIC DEMO - NOT REAL GPS,Low
India_007951_jpg.rf.194fafc7c77c521286c910eba495aa73,5,D40,0.421526,0.815705,0.106341,0.068277,0.277288,2,0.554576,20.185094640422346,85.86543568088798,NH-16 (DEMO),SEG-043,2026-09-28,SYNTHETIC DEMO - NOT REAL GPS,Medium
India_007951_jpg.rf.194fafc7c77c521286c910eba495aa73,5,D40,0.409705,0.808072,0.0862662,0.0648951,0.130687,2,0.261374,20.329083068666126,85.81497811061087,NH-16 (DEMO),SEG-043,2026-09-28,SYNTHETIC DEMO - NOT REAL GPS,Low
India_007951_jpg.rf.194fafc7c77c521286c910eba495aa73,5,D40,0.434944,0.803739,0.151898,0.108208,0.123378,2,0.246756,20.29321451490542,85.76789925493668,NH-16 (DEMO),SEG-043,2026-09-28,SYNTHETIC DEMO - NOT REAL GPS,Low
India_007951_jpg.rf.194fafc7c77c521286c910eba495aa73,5,D40,0.378431,0.87378,0.153334,0.0753836,0.084673,2,0.169346,20.184923344851892,85.82916635498556,NH-16 (DEMO),SEG-043,2026-09-28,SYNTHETIC DEMO - NOT REAL GPS,Low
India_007951_jpg.rf.194fafc7c77c521286c910eba495aa73,5,D40,0.374834,0.866027,0.119662,0.049596,0.0601852,2,0.1203704,20.2749967436968,85.83842339339135,NH-16 (DEMO),SEG-044,2026-09-28,SYNTHETIC DEMO - NOT REAL GPS,Low
India_007983_jpg.rf.f205c08b06d9c053fa4197ec1570c90a,4,D20,0.50214,0.727521,0.923077,0.267426,0.909089,2,1.818178,20.17546870574852,85.77315404460491,NH-16 (DEMO),SEG-044,2026-09-28,SYNTHETIC DEMO - NOT REAL GPS,High
India_007983_jpg.rf.f205c08b06d9c053fa4197ec1570c90a,4,D20,0.384158,0.748732,0.740735,0.3058,0.522624,2,1.045248,20.29322991191107,85.85224765783832,NH-16 (DEMO),SEG-044,2026-09-28,SYNTHETIC DEMO - NOT REAL GPS,Medium
India_007983_jpg.rf.f205c08b06d9c053fa4197ec1570c90a,5,D40,0.43599,0.725523,0.574806,0.242973,0.234027,2,0.468054,20.297875667465448,85.73179133314213,NH-16 (DEMO),SEG-044,2026-09-28,SYNTHETIC DEMO - NOT REAL GPS,Low
India_007983_jpg.rf.f205c08b06d9c053fa4197ec1570c90a,4,D20,0.384488,0.751211,0.588829,0.232559,0.203717,2,0.407434,20.266385640494633,85.721720594816,NH-16 (DEMO),SEG-044,2026-09-28,SYNTHETIC DEMO - NOT REAL GPS,Low
India_007983_jpg.rf.f205c08b06d9c053fa4197ec1570c90a,5,D40,0.338227,0.760881,0.592439,0.238648,0.197149,2,0.394298,20.307097662706653,85.73967532362113,NH-16 (DEMO),SEG-044,2026-09-28,SYNTHETIC DEMO - NOT REAL GPS,Low
India_007983_jpg.rf.f205c08b06d9c053fa4197ec1570c90a,4,D20,0.296441,0.794143,0.592881,0.239765,0.13832,2,0.27664,20.185661324834378,85.7449613356524,NH-16 (DEMO),SEG-044,2026-09-28,SYNTHETIC DEMO - NOT REAL GPS,Low
India_007983_jpg.rf.f205c08b06d9c053fa4197ec1570c90a,5,D40,0.293627,0.796584,0.587253,0.299144,0.136726,2,0.273452,20.21414781472653,85.86062864527163,NH-16 (DEMO),SEG-044,2026-09-28,SYNTHETIC DEMO - NOT REAL GPS,Low
India_007983_jpg.rf.f205c08b06d9c053fa4197ec1570c90a,4,D20,0.271333,0.837413,0.526926,0.325173,0.104666,2,0.209332,20.236268403454826,85.7879970723554,NH-16 (DEMO),SEG-044,2026-09-28,SYNTHETIC DEMO - NOT REAL GPS,Low
India_007983_jpg.rf.f205c08b06d9c053fa4197ec1570c90a,4,D20,0.486181,0.739373,0.621328,0.226956,0.0943674,2,0.1887348,20.176793272452496,85.76398907071525,NH-16 (DEMO),SEG-044,2026-09-28,SYNTHETIC DEMO - NOT REAL GPS,Low
India_007983_jpg.rf.f205c08b06d9c053fa4197ec1570c90a,4,D20,0.321297,0.791971,0.635798,0.38409,0.0838184,2,0.1676368,20.241714574011386,85.78865201855788,NH-16 (DEMO),SEG-044,2026-09-28,SYNTHETIC DEMO - NOT REAL GPS,Low
India_007983_jpg.rf.f205c08b06d9c053fa4197ec1570c90a,5,D40,0.567103,0.725708,0.56399,0.247352,0.0680706,2,0.1361412,20.21243415297801,85.7831745428321,NH-16 (DEMO),SEG-044,2026-09-28,SYNTHETIC DEMO - NOT REAL GPS,Low
India_007983_jpg.rf.f205c08b06d9c053fa4197ec1570c90a,5,D40,0.447333,0.603902,0.0864561,0.0436323,0.0577765,2,0.115553,20.232837601936282,85.76823386687808,NH-16 (DEMO),SEG-044,2026-09-28,SYNTHETIC DEMO - NOT REAL GPS,Low
India_007983_jpg.rf.f205c08b06d9c053fa4197ec1570c90a,5,D40,0.660869,0.734893,0.5342,0.229466,0.0532779,2,0.1065558,20.23801642111877,85.74206393318592,NH-16 (DEMO),SEG-044,2026-09-28,SYNTHETIC DEMO - NOT REAL GPS,Low
India_007983_jpg.rf.f205c08b06d9c053fa4197ec1570c90a,4,D20,0.188127,0.850891,0.373314,0.292497,0.050666,2,0.101332,20.31070587735803,85.82494647391582,NH-16 (DEMO),SEG-044,2026-09-28,SYNTHETIC DEMO - NOT REAL GPS,Low
India_008004_jpg.rf.f928218be69a8f6b54690202184465be,4,D20,0.446652,0.84204,0.8851,0.305422,0.669439,2,1.338878,20.213254555284422,85.74185670444474,NH-16 (DEMO),SEG-044,2026-09-28,SYNTHETIC DEMO - NOT REAL GPS,Medium
India_008004_jpg.rf.f928218be69a8f6b54690202184465be,5,D40,0.229041,0.861186,0.444378,0.277627,0.309801,2,0.619602,20.312998900594604,85.84406791242762,NH-16 (DEMO),SEG-044,2026-09-28,SYNTHETIC DEMO - NOT REAL GPS,Medium
India_008004_jpg.rf.f928218be69a8f6b54690202184465be,5,D40,0.252202,0.804373,0.0710851,0.0362378,0.143278,2,0.286556,20.238155354370058,85.75227008212487,NH-16 (DEMO),SEG-044,2026-09-28,SYNTHETIC DEMO - NOT REAL GPS,Low
India_008004_jpg.rf.f928218be69a8f6b54690202184465be,4,D20,0.236097,0.872541,0.40856,0.254918,0.114912,2,0.229824,20.22244923531104,85.83701940914133,NH-16 (DEMO),SEG-044,2026-09-28,SYNTHETIC DEMO - NOT REAL GPS,Low
India_008004_jpg.rf.f928218be69a8f6b54690202184465be,5,D40,0.235887,0.804608,0.110076,0.0403459,0.112253,2,0.224506,20.250401927893623,85.84889377691127,NH-16 (DEMO),SEG-044,2026-09-28,SYNTHETIC DEMO - NOT REAL GPS,Low
India_008004_jpg.rf.f928218be69a8f6b54690202184465be,5,D40,0.214669,0.844925,0.166829,0.136586,0.0884473,2,0.1768946,20.236838925818056,85.74005216156391,NH-16 (DEMO),SEG-044,2026-09-28,SYNTHETIC DEMO - NOT REAL GPS,Low
India_008004_jpg.rf.f928218be69a8f6b54690202184465be,4,D20,0.278329,0.849092,0.556657,0.291612,0.0853078,2,0.1706156,20.211179570088824,85.73387932292607,NH-16 (DEMO),SEG-044,2026-09-28,SYNTHETIC DEMO - NOT REAL GPS,Low
India_008004_jpg.rf.f928218be69a8f6b54690202184465be,5,D40,0.33683,0.835401,0.179181,0.162111,0.0774037,2,0.1548074,20.25042869196737,85.87193164330458,NH-16 (DEMO),SEG-044,2026-09-28,SYNTHETIC DEMO - NOT REAL GPS,Low
India_008004_jpg.rf.f928218be69a8f6b54690202184465be,5,D40,0.230952,0.812768,0.141493,0.0775986,0.0771508,2,0.1543016,20.194288277292614,85.79408748908041,NH-16 (DEMO),SEG-044,2026-09-28,SYNTHETIC DEMO - NOT REAL GPS,Low
India_008004_jpg.rf.f928218be69a8f6b54690202184465be,5,D40,0.369567,0.812805,0.0982627,0.0591984,0.0668737,2,0.1337474,20.226308790883675,85.82083767919568,NH-16 (DEMO),SEG-044,2026-09-28,SYNTHETIC DEMO - NOT REAL GPS,Low
India_008004_jpg.rf.f928218be69a8f6b54690202184465be,5,D40,0.285655,0.833538,0.300786,0.205167,0.0615617,2,0.1231234,20.260526435099855,85.72372167041948,NH-16 (DEMO),SEG-044,2026-09-28,SYNTHETIC DEMO - NOT REAL GPS,Low
India_008004_jpg.rf.f928218be69a8f6b54690202184465be,5,D40,0.194487,0.853278,0.248072,0.170123,0.0568411,2,0.1136822,20.236145319102377,85.76459362888902,NH-16 (DEMO),SEG-044,2026-09-28,SYNTHETIC DEMO - NOT REAL GPS,Low
India_008004_jpg.rf.f928218be69a8f6b54690202184465be,5,D40,0.454456,0.973197,0.157577,0.0536053,0.053489,2,0.106978,20.30182597776813,85.8008636247295,NH-16 (DEMO),SEG-044,2026-09-28,SYNTHETIC DEMO - NOT REAL GPS,Low
India_008004_jpg.rf.f928218be69a8f6b54690202184465be,4,D20,0.58721,0.847468,0.756161,0.277698,0.0530746,2,0.1061492,20.211075481845626,85.8617949301423,NH-16 (DEMO),SEG-044,2026-09-28,SYNTHETIC DEMO - NOT REAL GPS,Low
India_008007_jpg.rf.4e9fa67390e364e13168b112d1043ed0,7,D44,0.477516,0.789423,0.0721873,0.116034,0.216186,3,0.648558,20.325163452612962,85.76343030681029,NH-16 (DEMO),SEG-044,2026-09-28,SYNTHETIC DEMO - NOT REAL GPS,Medium
India_008007_jpg.rf.4e9fa67390e364e13168b112d1043ed0,7,D44,0.48238,0.762517,0.0882673,0.164035,0.12903,3,0.38709,20.295555523336215,85.84403061117739,NH-16 (DEMO),SEG-044,2026-09-28,SYNTHETIC DEMO - NOT REAL GPS,Low
India_008021_jpg.rf.a2932960e4fb06312ef67f2847d904ac,4,D20,0.422717,0.634678,0.779536,0.265348,0.0724959,2,0.1449918,20.324814884159597,85.82595406852138,NH-16 (DEMO),SEG-044,2026-09-28,SYNTHETIC DEMO - NOT REAL GPS,Low
India_008022_jpg.rf.0edeb6bc3eae247794696fc3aabc24be,4,D20,0.391319,0.826066,0.775402,0.283479,0.863748,2,1.727496,20.30410184877285,85.73844332284892,NH-16 (DEMO),SEG-044,2026-09-28,SYNTHETIC DEMO - NOT REAL GPS,High
India_008022_jpg.rf.0edeb6bc3eae247794696fc3aabc24be,4,D20,0.467635,0.787697,0.881889,0.239488,0.292312,2,0.584624,20.192736628136263,85.76694002764671,NH-16 (DEMO),SEG-044,2026-09-28,SYNTHETIC DEMO - NOT REAL GPS,Medium
India_008022_jpg.rf.0edeb6bc3eae247794696fc3aabc24be,5,D40,0.316593,0.83946,0.587717,0.228119,0.24843,2,0.49686,20.2542336145016,85.75805824583017,NH-16 (DEMO),SEG-044,2026-09-28,SYNTHETIC DEMO - NOT REAL GPS,Low
India_008022_jpg.rf.0edeb6bc3eae247794696fc3aabc24be,4,D20,0.284693,0.871045,0.567316,0.251568,0.24186,2,0.48372,20.197196563391326,85.79080441401172,NH-16 (DEMO),SEG-044,2026-09-28,SYNTHETIC DEMO - NOT REAL GPS,Low
India_008022_jpg.rf.0edeb6bc3eae247794696fc3aabc24be,5,D40,0.400552,0.817418,0.542561,0.19941,0.237218,2,0.474436,20.30091637642036,85.82165347888761,NH-16 (DEMO),SEG-044,2026-09-28,SYNTHETIC DEMO - NOT REAL GPS,Low
India_008022_jpg.rf.0edeb6bc3eae247794696fc3aabc24be,5,D40,0.3169,0.788878,0.0942235,0.0447918,0.219685,2,0.43937,20.263465943869328,85.78934716088136,NH-16 (DEMO),SEG-044,2026-09-28,SYNTHETIC DEMO - NOT REAL GPS,Low
India_008022_jpg.rf.0edeb6bc3eae247794696fc3aabc24be,4,D20,0.411564,0.83498,0.526877,0.197279,0.173835,2,0.34767,20.212151890297104,85.75912585212029,NH-16 (DEMO),SEG-044,2026-09-28,SYNTHETIC DEMO - NOT REAL GPS,Low
India_008022_jpg.rf.0edeb6bc3eae247794696fc3aabc24be,5,D40,0.279864,0.795951,0.180865,0.0676231,0.166026,2,0.332052,20.318735835521146,85.83134060291653,NH-16 (DEMO),SEG-044,2026-09-28,SYNTHETIC DEMO - NOT REAL GPS,Low
India_008022_jpg.rf.0edeb6bc3eae247794696fc3aabc24be,5,D40,0.288115,0.823788,0.231219,0.158618,0.162038,2,0.324076,20.18842976853028,85.81351537515384,NH-16 (DEMO),SEG-044,2026-09-28,SYNTHETIC DEMO - NOT REAL GPS,Low
India_008022_jpg.rf.0edeb6bc3eae247794696fc3aabc24be,4,D20,0.430991,0.872486,0.861981,0.245865,0.129811,2,0.259622,20.26021798455541,85.80309022518651,NH-16 (DEMO),SEG-044,2026-09-28,SYNTHETIC DEMO - NOT REAL GPS,Low
India_008022_jpg.rf.0edeb6bc3eae247794696fc3aabc24be,5,D40,0.265139,0.852225,0.52312,0.29555,0.0997139,2,0.1994278,20.285366488746675,85.80870713559135,NH-16 (DEMO),SEG-044,2026-09-28,SYNTHETIC DEMO - NOT REAL GPS,Low
India_008022_jpg.rf.0edeb6bc3eae247794696fc3aabc24be,4,D20,0.460155,0.803348,0.563089,0.204841,0.0837449,2,0.1674898,20.17941576597319,85.755504103407,NH-16 (DEMO),SEG-044,2026-09-28,SYNTHETIC DEMO - NOT REAL GPS,Low
India_008022_jpg.rf.0edeb6bc3eae247794696fc3aabc24be,5,D40,0.280314,0.811157,0.187406,0.11194,0.0690268,2,0.1380536,20.265656965312992,85.82886896977479,NH-16 (DEMO),SEG-044,2026-09-28,SYNTHETIC DEMO - NOT REAL GPS,Low
India_008022_jpg.rf.0edeb6bc3eae247794696fc3aabc24be,5,D40,0.332321,0.839944,0.369721,0.184713,0.0660221,2,0.1320442,20.300544194474096,85.7820000856862,NH-16 (DEMO),SEG-044,2026-09-28,SYNTHETIC DEMO - NOT REAL GPS,Low
India_008022_jpg.rf.0edeb6bc3eae247794696fc3aabc24be,5,D40,0.434998,0.7864,0.543199,0.247291,0.0583651,2,0.1167302,20.180804370306888,85.7781548511568,NH-16 (DEMO),SEG-044,2026-09-28,SYNTHETIC DEMO - NOT REAL GPS,Low
India_008022_jpg.rf.0edeb6bc3eae247794696fc3aabc24be,5,D40,0.328879,0.791672,0.558293,0.252987,0.0577064,2,0.1154128,20.25195887537706,85.74395747332268,NH-16 (DEMO),SEG-044,2026-09-28,SYNTHETIC DEMO - NOT REAL GPS,Low
India_008022_jpg.rf.0edeb6bc3eae247794696fc3aabc24be,5,D40,0.31158,0.793332,0.181492,0.083848,0.0532489,2,0.1064978,20.2113691485038,85.81549397352806,NH-16 (DEMO),SEG-044,2026-09-28,SYNTHETIC DEMO - NOT REAL GPS,Low
India_008024_jpg.rf.71aeda119998b1936d20aa1ce3d2cf8d,7,D44,0.374531,0.823317,0.143492,0.162744,0.0589892,3,0.1769676,20.276067912245907,85.81642630568744,NH-16 (DEMO),SEG-044,2026-09-28,SYNTHETIC DEMO - NOT REAL GPS,Low
India_008044_jpg.rf.e5cd272b8f2ff4c27f244b89093a2dee,4,D20,0.548007,0.768678,0.871708,0.242777,0.084382,2,0.168764,20.188988378732613,85.77444810298664,NH-16 (DEMO),SEG-045,2026-09-28,SYNTHETIC DEMO - NOT REAL GPS,Low
India_008079_jpg.rf.6435c5e9a4f69ca0b46f8918ec82bb9f,7,D44,0.328771,0.840217,0.110328,0.120641,0.373657,3,1.120971,20.31992822890728,85.85757600909848,NH-16 (DEMO),SEG-045,2026-09-28,SYNTHETIC DEMO - NOT REAL GPS,Medium
India_008079_jpg.rf.6435c5e9a4f69ca0b46f8918ec82bb9f,4,D20,0.664151,0.851651,0.47525,0.296698,0.317563,2,0.635126,20.31315657307436,85.85527326379446,NH-16 (DEMO),SEG-045,2026-09-28,SYNTHETIC DEMO - NOT REAL GPS,Medium
India_008079_jpg.rf.6435c5e9a4f69ca0b46f8918ec82bb9f,4,D20,0.68945,0.888658,0.525301,0.222685,0.210571,2,0.421142,20.199755907180112,85.73744868903718,NH-16 (DEMO),SEG-045,2026-09-28,SYNTHETIC DEMO - NOT REAL GPS,Low
India_008079_jpg.rf.6435c5e9a4f69ca0b46f8918ec82bb9f,4,D20,0.582074,0.869863,0.633898,0.25771,0.179985,2,0.35997,20.221722541498416,85.83120614204958,NH-16 (DEMO),SEG-045,2026-09-28,SYNTHETIC DEMO - NOT REAL GPS,Low
India_008079_jpg.rf.6435c5e9a4f69ca0b46f8918ec82bb9f,4,D20,0.648708,0.907249,0.278036,0.185301,0.0963652,2,0.1927304,20.264021595944488,85.7830135609896,NH-16 (DEMO),SEG-045,2026-09-28,SYNTHETIC DEMO - NOT REAL GPS,Low
India_008085_jpg.rf.b6b9e3a9d7aa0eacfd68509b178ac477,4,D20,0.559688,0.843644,0.849832,0.261077,0.772435,2,1.54487,20.284889973861482,85.87995437617006,NH-16 (DEMO),SEG-045,2026-09-28,SYNTHETIC DEMO - NOT REAL GPS,High
India_008085_jpg.rf.b6b9e3a9d7aa0eacfd68509b178ac477,4,D20,0.71436,0.846591,0.556368,0.242558,0.160994,2,0.321988,20.24082496242564,85.75600378074954,NH-16 (DEMO),SEG-045,2026-09-28,SYNTHETIC DEMO - NOT REAL GPS,Low
India_008085_jpg.rf.b6b9e3a9d7aa0eacfd68509b178ac477,4,D20,0.470191,0.874334,0.923294,0.251333,0.146644,2,0.293288,20.195006611513755,85.76488387286632,NH-16 (DEMO),SEG-045,2026-09-28,SYNTHETIC DEMO - NOT REAL GPS,Low
India_008085_jpg.rf.b6b9e3a9d7aa0eacfd68509b178ac477,4,D20,0.628335,0.831562,0.542281,0.249492,0.141542,2,0.283084,20.186664239008458,85.79073700712891,NH-16 (DEMO),SEG-045,2026-09-28,SYNTHETIC DEMO - NOT REAL GPS,Low
India_008085_jpg.rf.b6b9e3a9d7aa0eacfd68509b178ac477,4,D20,0.530689,0.841951,0.605414,0.236029,0.0814466,2,0.1628932,20.329962453906294,85.7629944237889,NH-16 (DEMO),SEG-045,2026-09-28,SYNTHETIC DEMO - NOT REAL GPS,Low
India_008085_jpg.rf.b6b9e3a9d7aa0eacfd68509b178ac477,4,D20,0.658486,0.874872,0.683027,0.247034,0.057578,2,0.115156,20.242856339430958,85.83071893862184,NH-16 (DEMO),SEG-045,2026-09-28,SYNTHETIC DEMO - NOT REAL GPS,Low
India_008085_jpg.rf.b6b9e3a9d7aa0eacfd68509b178ac477,4,D20,0.463695,0.861135,0.542427,0.24725,0.0575319,2,0.1150638,20.30960507986376,85.79694529794904,NH-16 (DEMO),SEG-045,2026-09-28,SYNTHETIC DEMO - NOT REAL GPS,Low
India_008085_jpg.rf.b6b9e3a9d7aa0eacfd68509b178ac477,4,D20,0.794744,0.864668,0.403,0.243296,0.050043,2,0.100086,20.24718016074066,85.75534061357592,NH-16 (DEMO),SEG-045,2026-09-28,SYNTHETIC DEMO - NOT REAL GPS,Low
India_008097_jpg.rf.d22a5fcd9d90fdc35d5380869b0623ca,7,D44,0.674117,0.763014,0.0802827,0.107214,0.107631,3,0.322893,20.317577222167362,85.80101985111784,NH-16 (DEMO),SEG-045,2026-09-28,SYNTHETIC DEMO - NOT REAL GPS,Low
India_008097_jpg.rf.d22a5fcd9d90fdc35d5380869b0623ca,0,D00,0.673471,0.77263,0.116154,0.181207,0.0772989,3,0.2318967,20.18404150124345,85.8622060426184,NH-16 (DEMO),SEG-045,2026-09-28,SYNTHETIC DEMO - NOT REAL GPS,Low
India_008097_jpg.rf.d22a5fcd9d90fdc35d5380869b0623ca,7,D44,0.678861,0.801442,0.0951837,0.176295,0.0693043,3,0.2079129,20.188243070613527,85.84678330349601,NH-16 (DEMO),SEG-045,2026-09-28,SYNTHETIC DEMO - NOT REAL GPS,Low
India_008097_jpg.rf.d22a5fcd9d90fdc35d5380869b0623ca,4,D20,0.642046,0.782542,0.221335,0.228819,0.0573753,2,0.1147506,20.318741150035876,85.7998126279083,NH-16 (DEMO),SEG-045,2026-09-28,SYNTHETIC DEMO - NOT REAL GPS,Low
India_008097_jpg.rf.d22a5fcd9d90fdc35d5380869b0623ca,0,D00,0.686764,0.786796,0.122428,0.220881,0.0529485,3,0.1588455,20.321598887207166,85.76615881650271,NH-16 (DEMO),SEG-045,2026-09-28,SYNTHETIC DEMO - NOT REAL GPS,Low
India_008099_jpg.rf.d339752b563f8dfeb27a0a39b917bf0a,5,D40,0.552193,0.688364,0.10691,0.053193,0.12548,2,0.25096,20.22035479159446,85.7487818343524,NH-16 (DEMO),SEG-045,2026-09-28,SYNTHETIC DEMO - NOT REAL GPS,Low
India_008099_jpg.rf.d339752b563f8dfeb27a0a39b917bf0a,5,D40,0.564197,0.694366,0.130957,0.071975,0.0658692,2,0.1317384,20.226826381919018,85.8605412603499,NH-16 (DEMO),SEG-045,2026-09-28,SYNTHETIC DEMO - NOT REAL GPS,Low
India_008128_jpg.rf.792b0df703ce0468da7e2a872480fb9f,4,D20,0.235169,0.855134,0.450814,0.281355,0.0710167,2,0.1420334,20.242392037573563,85.83362671047979,NH-16 (DEMO),SEG-045,2026-09-28,SYNTHETIC DEMO - NOT REAL GPS,Low
India_008128_jpg.rf.792b0df703ce0468da7e2a872480fb9f,4,D20,0.28739,0.83521,0.572891,0.302867,0.0591889,2,0.1183778,20.236585868810767,85.8115461285036,NH-16 (DEMO),SEG-045,2026-09-28,SYNTHETIC DEMO - NOT REAL GPS,Low
India_008128_jpg.rf.792b0df703ce0468da7e2a872480fb9f,5,D40,0.235299,0.827518,0.464979,0.337005,0.0515837,2,0.1031674,20.200407234553534,85.86070954335258,NH-16 (DEMO),SEG-045,2026-09-28,SYNTHETIC DEMO - NOT REAL GPS,Low
India_008128_jpg.rf.792b0df703ce0468da7e2a872480fb9f,4,D20,0.494507,0.812047,0.978185,0.245548,0.0509855,2,0.101971,20.3137400614303,85.73947044597985,NH-16 (DEMO),SEG-045,2026-09-28,SYNTHETIC DEMO - NOT REAL GPS,Low
India_008154_jpg.rf.1ced485fb95decfd00c0652d59e978b1,4,D20,0.399757,0.892347,0.771931,0.214854,0.129366,2,0.258732,20.210529216112903,85.82919828576033,NH-16 (DEMO),SEG-045,2026-09-28,SYNTHETIC DEMO - NOT REAL GPS,Low
India_008154_jpg.rf.1ced485fb95decfd00c0652d59e978b1,4,D20,0.484159,0.879562,0.462461,0.240876,0.0608533,2,0.1217066,20.282843585516424,85.75467396998611,NH-16 (DEMO),SEG-045,2026-09-28,SYNTHETIC DEMO - NOT REAL GPS,Low
India_008157_jpg.rf.892b228b49b2e39b3ee18148b9064435,4,D20,0.567118,0.829795,0.841378,0.263245,0.943772,2,1.887544,20.180744908437596,85.73929239056255,NH-16 (DEMO),SEG-045,2026-09-28,SYNTHETIC DEMO - NOT REAL GPS,High
India_008157_jpg.rf.892b228b49b2e39b3ee18148b9064435,5,D40,0.692786,0.769624,0.0971874,0.0522232,0.555999,2,1.111998,20.17620021304455,85.7944973616011,NH-16 (DEMO),SEG-045,2026-09-28,SYNTHETIC DEMO - NOT REAL GPS,Medium
India_008157_jpg.rf.892b228b49b2e39b3ee18148b9064435,5,D40,0.662678,0.764093,0.170613,0.0692324,0.439319,2,0.878638,20.274596875612307,85.7819828687623,NH-16 (DEMO),SEG-045,2026-09-28,SYNTHETIC DEMO - NOT REAL GPS,Medium
India_008157_jpg.rf.892b228b49b2e39b3ee18148b9064435,5,D40,0.676148,0.8289,0.519499,0.240971,0.421032,2,0.842064,20.224242537211722,85.87058777749203,NH-16 (DEMO),SEG-045,2026-09-28,SYNTHETIC DEMO - NOT REAL GPS,Medium
India_008157_jpg.rf.892b228b49b2e39b3ee18148b9064435,4,D20,0.691785,0.851791,0.61643,0.259917,0.372419,2,0.744838,20.2748735028352,85.77183672748029,NH-16 (DEMO),SEG-045,2026-09-28,SYNTHETIC DEMO - NOT REAL GPS,Medium
India_008157_jpg.rf.892b228b49b2e39b3ee18148b9064435,5,D40,0.620997,0.767612,0.290811,0.0949205,0.24032,2,0.48064,20.185043392347012,85.85038436144832,NH-16 (DEMO),SEG-045,2026-09-28,SYNTHETIC DEMO - NOT REAL GPS,Low
India_008157_jpg.rf.892b228b49b2e39b3ee18148b9064435,5,D40,0.6442,0.801105,0.351714,0.187195,0.224903,2,0.449806,20.32197622078654,85.83981232007493,NH-16 (DEMO),SEG-045,2026-09-28,SYNTHETIC DEMO - NOT REAL GPS,Low
India_008157_jpg.rf.892b228b49b2e39b3ee18148b9064435,4,D20,0.775164,0.859795,0.449673,0.259921,0.189637,2,0.379274,20.289762314702894,85.82686781920937,NH-16 (DEMO),SEG-045,2026-09-28,SYNTHETIC DEMO - NOT REAL GPS,Low
India_008157_jpg.rf.892b228b49b2e39b3ee18148b9064435,5,D40,0.579795,0.761881,0.121788,0.0595497,0.159111,2,0.318222,20.310202757284127,85.8672640756736,NH-16 (DEMO),SEG-045,2026-09-28,SYNTHETIC DEMO - NOT REAL GPS,Low
India_008157_jpg.rf.892b228b49b2e39b3ee18148b9064435,4,D20,0.509265,0.866703,0.954012,0.246404,0.143756,2,0.287512,20.191835288647123,85.78526793510102,NH-16 (DEMO),SEG-045,2026-09-28,SYNTHETIC DEMO - NOT REAL GPS,Low
India_008157_jpg.rf.892b228b49b2e39b3ee18148b9064435,5,D40,0.62662,0.805459,0.462202,0.282881,0.109619,2,0.219238,20.22122575502286,85.78234738975726,NH-16 (DEMO),SEG-045,2026-09-28,SYNTHETIC DEMO - NOT REAL GPS,Low
India_008157_jpg.rf.892b228b49b2e39b3ee18148b9064435,5,D40,0.891898,0.786921,0.0870071,0.0423553,0.101093,2,0.202186,20.228935066273014,85.74575158777304,NH-16 (DEMO),SEG-045,2026-09-28,SYNTHETIC DEMO - NOT REAL GPS,Low
India_008157_jpg.rf.892b228b49b2e39b3ee18148b9064435,4,D20,0.454112,0.821964,0.887303,0.317109,0.0906975,2,0.181395,20.25594762373229,85.7641219320792,NH-16 (DEMO),SEG-045,2026-09-28,SYNTHETIC DEMO - NOT REAL GPS,Low
India_008157_jpg.rf.892b228b49b2e39b3ee18148b9064435,5,D40,0.634774,0.805845,0.253011,0.141457,0.0902365,2,0.180473,20.217498957681187,85.86076423296974,NH-16 (DEMO),SEG-045,2026-09-28,SYNTHETIC DEMO - NOT REAL GPS,Low
India_008157_jpg.rf.892b228b49b2e39b3ee18148b9064435,4,D20,0.592257,0.831092,0.623465,0.234744,0.088641,2,0.177282,20.179700918750306,85.79590114126582,NH-16 (DEMO),SEG-045,2026-09-28,SYNTHETIC DEMO - NOT REAL GPS,Low
India_008157_jpg.rf.892b228b49b2e39b3ee18148b9064435,5,D40,0.736554,0.828991,0.526893,0.280971,0.084184,2,0.168368,20.229020540917997,85.7746165315505,NH-16 (DEMO),SEG-045,2026-09-28,SYNTHETIC DEMO - NOT REAL GPS,Low
India_008157_jpg.rf.892b228b49b2e39b3ee18148b9064435,5,D40,0.612086,0.777971,0.219515,0.0882378,0.078677,2,0.157354,20.210727890340365,85.75457792881315,NH-16 (DEMO),SEG-045,2026-09-28,SYNTHETIC DEMO - NOT REAL GPS,Low
India_008157_jpg.rf.892b228b49b2e39b3ee18148b9064435,4,D20,0.843214,0.863059,0.313572,0.247878,0.0695834,2,0.1391668,20.231747406634113,85.79759364003897,NH-16 (DEMO),SEG-045,2026-09-28,SYNTHETIC DEMO - NOT REAL GPS,Low
India_008157_jpg.rf.892b228b49b2e39b3ee18148b9064435,5,D40,0.659473,0.766185,0.210178,0.0894848,0.0651207,2,0.1302414,20.201513526819205,85.83466645927432,NH-16 (DEMO),SEG-045,2026-09-28,SYNTHETIC DEMO - NOT REAL GPS,Low
India_008157_jpg.rf.892b228b49b2e39b3ee18148b9064435,5,D40,0.649294,0.783836,0.191287,0.0813927,0.0649843,2,0.1299686,20.21190341993036,85.76587072407312,NH-16 (DEMO),SEG-045,2026-09-28,SYNTHETIC DEMO - NOT REAL GPS,Low
India_008157_jpg.rf.892b228b49b2e39b3ee18148b9064435,5,D40,0.57031,0.776193,0.115474,0.0646457,0.0601827,2,0.1203654,20.270312374469164,85.84123464333003,NH-16 (DEMO),SEG-045,2026-09-28,SYNTHETIC DEMO - NOT REAL GPS,Low
India_008157_jpg.rf.892b228b49b2e39b3ee18148b9064435,5,D40,0.556472,0.768367,0.184963,0.141629,0.0517498,2,0.1034996,20.232104613532492,85.82076604395598,NH-16 (DEMO),SEG-045,2026-09-28,SYNTHETIC DEMO - NOT REAL GPS,Low
India_008160_jpg.rf.306980c34ac1a97e8970ed9f58d98cb3,4,D20,0.415401,0.848942,0.816081,0.293241,0.548819,2,1.097638,20.225261342907118,85.84601001000635,NH-16 (DEMO),SEG-045,2026-09-28,SYNTHETIC DEMO - NOT REAL GPS,Medium
India_008160_jpg.rf.306980c34ac1a97e8970ed9f58d98cb3,7,D44,0.295803,0.812581,0.108282,0.0891302,0.0778248,3,0.2334744,20.25542490123558,85.76014554061999,NH-16 (DEMO),SEG-046,2026-09-28,SYNTHETIC DEMO - NOT REAL GPS,Low
India_008171_jpg.rf.429d3e44e7e0f2381db72ca2ee59c561,4,D20,0.493304,0.741438,0.952861,0.517123,0.0659018,2,0.1318036,20.293497686535027,85.82096450315728,NH-16 (DEMO),SEG-046,2026-09-28,SYNTHETIC DEMO - NOT REAL GPS,Low
India_008190_jpg.rf.5522bc2e9a971e2d6c1061b7fb9c9b5a,4,D20,0.671454,0.857334,0.400532,0.285332,0.925319,2,1.850638,20.230618873015672,85.74459764471821,NH-16 (DEMO),SEG-046,2026-09-28,SYNTHETIC DEMO - NOT REAL GPS,High
India_008190_jpg.rf.5522bc2e9a971e2d6c1061b7fb9c9b5a,4,D20,0.56269,0.875005,0.86114,0.249991,0.890497,2,1.780994,20.264003118808933,85.77820751714634,NH-16 (DEMO),SEG-046,2026-09-28,SYNTHETIC DEMO - NOT REAL GPS,High
India_008190_jpg.rf.5522bc2e9a971e2d6c1061b7fb9c9b5a,4,D20,0.733257,0.875423,0.487501,0.249153,0.784719,2,1.569438,20.32459242005891,85.83589761517484,NH-16 (DEMO),SEG-046,2026-09-28,SYNTHETIC DEMO - NOT REAL GPS,High
India_008190_jpg.rf.5522bc2e9a971e2d6c1061b7fb9c9b5a,4,D20,0.572411,0.866706,0.651774,0.266587,0.457047,2,0.914094,20.253516818258888,85.82106694169279,NH-16 (DEMO),SEG-046,2026-09-28,SYNTHETIC DEMO - NOT REAL GPS,Medium
India_008190_jpg.rf.5522bc2e9a971e2d6c1061b7fb9c9b5a,4,D20,0.672155,0.884244,0.655691,0.231512,0.394933,2,0.789866,20.315567612242805,85.750057716054,NH-16 (DEMO),SEG-046,2026-09-28,SYNTHETIC DEMO - NOT REAL GPS,Medium
India_008190_jpg.rf.5522bc2e9a971e2d6c1061b7fb9c9b5a,4,D20,0.403585,0.880799,0.481375,0.238403,0.249884,2,0.499768,20.29698761988103,85.8573348275348,NH-16 (DEMO),SEG-046,2026-09-28,SYNTHETIC DEMO - NOT REAL GPS,Low
India_008190_jpg.rf.5522bc2e9a971e2d6c1061b7fb9c9b5a,4,D20,0.407543,0.869471,0.76654,0.25833,0.140666,2,0.281332,20.179394989064026,85.72853615717523,NH-16 (DEMO),SEG-046,2026-09-28,SYNTHETIC DEMO - NOT REAL GPS,Low
India_008190_jpg.rf.5522bc2e9a971e2d6c1061b7fb9c9b5a,4,D20,0.764442,0.906581,0.471116,0.186838,0.0904075,2,0.180815,20.23865581943508,85.81523451016267,NH-16 (DEMO),SEG-046,2026-09-28,SYNTHETIC DEMO - NOT REAL GPS,Low
India_008190_jpg.rf.5522bc2e9a971e2d6c1061b7fb9c9b5a,4,D20,0.321997,0.873357,0.427885,0.253286,0.074591,2,0.149182,20.281730945258975,85.87741128003705,NH-16 (DEMO),SEG-046,2026-09-28,SYNTHETIC DEMO - NOT REAL GPS,Low
India_008190_jpg.rf.5522bc2e9a971e2d6c1061b7fb9c9b5a,4,D20,0.443179,0.908369,0.530709,0.182451,0.0706026,2,0.1412052,20.327873905991712,85.80504075709484,NH-16 (DEMO),SEG-046,2026-09-28,SYNTHETIC DEMO - NOT REAL GPS,Low
India_008197_jpg.rf.ab8d999509357098f2f4a7560e72fcbf,4,D20,0.431578,0.739612,0.83913,0.302735,0.211684,2,0.423368,20.24334020658584,85.8481074911935,NH-16 (DEMO),SEG-046,2026-09-28,SYNTHETIC DEMO - NOT REAL GPS,Low
India_008224_jpg.rf.5d88a719128b89461d3099d46aaef0c9,5,D40,0.271135,0.658269,0.527111,0.173798,0.198201,2,0.396402,20.184845672660277,85.81522895571025,NH-16 (DEMO),SEG-046,2026-09-28,SYNTHETIC DEMO - NOT REAL GPS,Low
India_008224_jpg.rf.5d88a719128b89461d3099d46aaef0c9,5,D40,0.458466,0.60133,0.112574,0.0454872,0.0958065,2,0.191613,20.259921467954058,85.84529413038767,NH-16 (DEMO),SEG-046,2026-09-28,SYNTHETIC DEMO - NOT REAL GPS,Low
India_008224_jpg.rf.5d88a719128b89461d3099d46aaef0c9,5,D40,0.355948,0.649248,0.268542,0.112854,0.0893685,2,0.178737,20.190250206739833,85.82489506165685,NH-16 (DEMO),SEG-046,2026-09-28,SYNTHETIC DEMO - NOT REAL GPS,Low
India_008224_jpg.rf.5d88a719128b89461d3099d46aaef0c9,5,D40,0.32017,0.643909,0.354374,0.143495,0.0876424,2,0.1752848,20.290243129644704,85.830581122326,NH-16 (DEMO),SEG-046,2026-09-28,SYNTHETIC DEMO - NOT REAL GPS,Low
India_008224_jpg.rf.5d88a719128b89461d3099d46aaef0c9,5,D40,0.310866,0.67984,0.467811,0.212413,0.0823502,2,0.1647004,20.251228319593885,85.75644978417382,NH-16 (DEMO),SEG-046,2026-09-28,SYNTHETIC DEMO - NOT REAL GPS,Low
India_008224_jpg.rf.5d88a719128b89461d3099d46aaef0c9,5,D40,0.42987,0.601295,0.155029,0.0593292,0.0820448,2,0.1640896,20.285749018940365,85.83869134617166,NH-16 (DEMO),SEG-046,2026-09-28,SYNTHETIC DEMO - NOT REAL GPS,Low
India_008224_jpg.rf.5d88a719128b89461d3099d46aaef0c9,5,D40,0.274015,0.643593,0.278436,0.0925499,0.0775627,2,0.1551254,20.309097892300564,85.75806558186629,NH-16 (DEMO),SEG-046,2026-09-28,SYNTHETIC DEMO - NOT REAL GPS,Low
India_008224_jpg.rf.5d88a719128b89461d3099d46aaef0c9,5,D40,0.452112,0.599328,0.137507,0.0642171,0.0703758,2,0.1407516,20.270631682746043,85.87690244402282,NH-16 (DEMO),SEG-046,2026-09-28,SYNTHETIC DEMO - NOT REAL GPS,Low
India_008224_jpg.rf.5d88a719128b89461d3099d46aaef0c9,5,D40,0.385946,0.630145,0.337424,0.154567,0.0603213,2,0.1206426,20.26799029268051,85.7564459505538,NH-16 (DEMO),SEG-046,2026-09-28,SYNTHETIC DEMO - NOT REAL GPS,Low
India_008238_jpg.rf.def36ad6fba106e008eab352fb497a5b,4,D20,0.442773,0.842867,0.865034,0.283175,0.331127,2,0.662254,20.29073124727034,85.75786944057562,NH-16 (DEMO),SEG-046,2026-09-28,SYNTHETIC DEMO - NOT REAL GPS,Medium
India_008238_jpg.rf.def36ad6fba106e008eab352fb497a5b,7,D44,0.25665,0.892586,0.182219,0.168522,0.0568232,3,0.1704696,20.304792800232427,85.85738769927741,NH-16 (DEMO),SEG-046,2026-09-28,SYNTHETIC DEMO - NOT REAL GPS,Low
India_008254_jpg.rf.2f5fd366129cc68cb59aaa345cbd575a,7,D44,0.310275,0.785551,0.169267,0.19887,0.119238,3,0.357714,20.30904860580432,85.75887773791405,NH-16 (DEMO),SEG-046,2026-09-28,SYNTHETIC DEMO - NOT REAL GPS,Low
India_008254_jpg.rf.2f5fd366129cc68cb59aaa345cbd575a,7,D44,0.264381,0.845889,0.14427,0.160749,0.085541,3,0.256623,20.17582883130926,85.77774444695861,NH-16 (DEMO),SEG-046,2026-09-28,SYNTHETIC DEMO - NOT REAL GPS,Low
India_008254_jpg.rf.2f5fd366129cc68cb59aaa345cbd575a,7,D44,0.291413,0.825131,0.162586,0.181869,0.0813459,3,0.2440377,20.258990447487648,85.83434242578865,NH-16 (DEMO),SEG-046,2026-09-28,SYNTHETIC DEMO - NOT REAL GPS,Low
India_008254_jpg.rf.2f5fd366129cc68cb59aaa345cbd575a,7,D44,0.315202,0.771118,0.224071,0.215022,0.0712066,3,0.2136197999999999,20.20460308956761,85.74539977283116,NH-16 (DEMO),SEG-046,2026-09-28,SYNTHETIC DEMO - NOT REAL GPS,Low
India_008254_jpg.rf.2f5fd366129cc68cb59aaa345cbd575a,7,D44,0.329246,0.763205,0.131066,0.148355,0.0565678,3,0.1697034,20.307655342525084,85.7454514807724,NH-16 (DEMO),SEG-046,2026-09-28,SYNTHETIC DEMO - NOT REAL GPS,Low
India_008256_jpg.rf.16532294c7d1daee736ec45b7002af7c,4,D20,0.557549,0.869094,0.87059,0.261811,0.999352,2,1.998704,20.273743629632538,85.79781734772266,NH-16 (DEMO),SEG-046,2026-09-28,SYNTHETIC DEMO - NOT REAL GPS,High
India_008256_jpg.rf.16532294c7d1daee736ec45b7002af7c,4,D20,0.469351,0.84277,0.748907,0.31446,0.986321,2,1.972642,20.23723559664519,85.75899148067724,NH-16 (DEMO),SEG-046,2026-09-28,SYNTHETIC DEMO - NOT REAL GPS,High
India_008256_jpg.rf.16532294c7d1daee736ec45b7002af7c,4,D20,0.802919,0.877843,0.390753,0.244313,0.948435,2,1.89687,20.200096676499417,85.75770527289104,NH-16 (DEMO),SEG-046,2026-09-28,SYNTHETIC DEMO - NOT REAL GPS,High
India_008256_jpg.rf.16532294c7d1daee736ec45b7002af7c,4,D20,0.676688,0.880103,0.646623,0.239795,0.858564,2,1.717128,20.224243780147173,85.72147822742696,NH-16 (DEMO),SEG-046,2026-09-28,SYNTHETIC DEMO - NOT REAL GPS,High
India_008256_jpg.rf.16532294c7d1daee736ec45b7002af7c,4,D20,0.530509,0.850615,0.561818,0.298769,0.644493,2,1.288986,20.282604431126437,85.77927193459166,NH-16 (DEMO),SEG-046,2026-09-28,SYNTHETIC DEMO - NOT REAL GPS,Medium
India_008256_jpg.rf.16532294c7d1daee736ec45b7002af7c,4,D20,0.410677,0.865398,0.697467,0.265336,0.567641,2,1.135282,20.202697527233862,85.77092008873895,NH-16 (DEMO),SEG-046,2026-09-28,SYNTHETIC DEMO - NOT REAL GPS,Medium
India_008256_jpg.rf.16532294c7d1daee736ec45b7002af7c,4,D20,0.404467,0.853306,0.517015,0.293388,0.536161,2,1.072322,20.18497327125414,85.72498492973226,NH-16 (DEMO),SEG-046,2026-09-28,SYNTHETIC DEMO - NOT REAL GPS,Medium
India_008256_jpg.rf.16532294c7d1daee736ec45b7002af7c,4,D20,0.577981,0.882754,0.622942,0.234492,0.477555,2,0.95511,20.312084601316407,85.81939730851418,NH-16 (DEMO),SEG-046,2026-09-28,SYNTHETIC DEMO - NOT REAL GPS,Medium
India_008256_jpg.rf.16532294c7d1daee736ec45b7002af7c,4,D20,0.320926,0.867856,0.44058,0.264287,0.272739,2,0.545478,20.292273655932817,85.82026482912053,NH-16 (DEMO),SEG-046,2026-09-28,SYNTHETIC DEMO - NOT REAL GPS,Medium
India_008256_jpg.rf.16532294c7d1daee736ec45b7002af7c,5,D40,0.489628,0.751631,0.450684,0.219322,0.26594,2,0.53188,20.2019671889053,85.73132807548379,NH-16 (DEMO),SEG-046,2026-09-28,SYNTHETIC DEMO - NOT REAL GPS,Medium
India_008256_jpg.rf.16532294c7d1daee736ec45b7002af7c,4,D20,0.475961,0.774292,0.485679,0.271416,0.238913,2,0.477826,20.2167698469488,85.77072665006551,NH-16 (DEMO),SEG-046,2026-09-28,SYNTHETIC DEMO - NOT REAL GPS,Low
India_008256_jpg.rf.16532294c7d1daee736ec45b7002af7c,4,D20,0.67931,0.905621,0.641379,0.187427,0.214975,2,0.42995,20.325531228340942,85.85964888511926,NH-16 (DEMO),SEG-046,2026-09-28,SYNTHETIC DEMO - NOT REAL GPS,Low
India_008256_jpg.rf.16532294c7d1daee736ec45b7002af7c,5,D40,0.524221,0.731818,0.455832,0.172861,0.128269,2,0.256538,20.28330951788146,85.81314673091913,NH-16 (DEMO),SEG-046,2026-09-28,SYNTHETIC DEMO - NOT REAL GPS,Low
India_008256_jpg.rf.16532294c7d1daee736ec45b7002af7c,4,D20,0.597079,0.91131,0.713871,0.176423,0.127117,2,0.254234,20.26768352067421,85.78591595584192,NH-16 (DEMO),SEG-046,2026-09-28,SYNTHETIC DEMO - NOT REAL GPS,Low
India_008256_jpg.rf.16532294c7d1daee736ec45b7002af7c,4,D20,0.45255,0.91159,0.645499,0.176821,0.0952001,2,0.1904002,20.21922055766786,85.79441630855425,NH-16 (DEMO),SEG-046,2026-09-28,SYNTHETIC DEMO - NOT REAL GPS,Low
India_008256_jpg.rf.16532294c7d1daee736ec45b7002af7c,0,D00,0.771501,0.887147,0.214618,0.21847,0.0835393,3,0.2506179,20.217860023066642,85.75332479910972,NH-16 (DEMO),SEG-046,2026-09-28,SYNTHETIC DEMO - NOT REAL GPS,Low
India_008256_jpg.rf.16532294c7d1daee736ec45b7002af7c,7,D44,0.767491,0.871832,0.20145,0.196459,0.0737222,3,0.2211666,20.176323778990437,85.84990104011327,NH-16 (DEMO),SEG-046,2026-09-28,SYNTHETIC DEMO - NOT REAL GPS,Low
India_008256_jpg.rf.16532294c7d1daee736ec45b7002af7c,5,D40,0.602383,0.799485,0.544871,0.274313,0.0722742,2,0.1445484,20.28655709870431,85.86624075287216,NH-16 (DEMO),SEG-046,2026-09-28,SYNTHETIC DEMO - NOT REAL GPS,Low
India_008256_jpg.rf.16532294c7d1daee736ec45b7002af7c,4,D20,0.853204,0.884396,0.293591,0.231209,0.0708522,2,0.1417044,20.176908036009102,85.86570624676,NH-16 (DEMO),SEG-046,2026-09-28,SYNTHETIC DEMO - NOT REAL GPS,Low
India_008256_jpg.rf.16532294c7d1daee736ec45b7002af7c,4,D20,0.794791,0.900289,0.254998,0.199422,0.0591825,2,0.118365,20.170777174044364,85.75582950267076,NH-16 (DEMO),SEG-046,2026-09-28,SYNTHETIC DEMO - NOT REAL GPS,Low
India_008256_jpg.rf.16532294c7d1daee736ec45b7002af7c,4,D20,0.360068,0.90584,0.557659,0.18832,0.0532058,2,0.1064116,20.286719214057758,85.76971844284424,NH-16 (DEMO),SEG-046,2026-09-28,SYNTHETIC DEMO - NOT REAL GPS,Low
India_008279_jpg.rf.d4d95f39f5febdf57cb91d5cdc1e1d58,5,D40,0.539332,0.653269,0.146697,0.0574608,0.0865332,2,0.1730664,20.32181980114386,85.74569964396952,NH-16 (DEMO),SEG-047,2026-09-28,SYNTHETIC DEMO - NOT REAL GPS,Low
India_008336_jpg.rf.1e61c6dd0b29282b498ab1b061092a7c,7,D44,0.723246,0.933486,0.140934,0.129819,0.294886,3,0.8846579999999999,20.29104048763637,85.76915218138117,NH-16 (DEMO),SEG-047,2026-09-28,SYNTHETIC DEMO - NOT REAL GPS,Medium
India_008336_jpg.rf.1e61c6dd0b29282b498ab1b061092a7c,7,D44,0.722719,0.940912,0.104074,0.115869,0.294547,3,0.883641,20.245462430499902,85.7732488595396,NH-16 (DEMO),SEG-047,2026-09-28,SYNTHETIC DEMO - NOT REAL GPS,Medium
India_008336_jpg.rf.1e61c6dd0b29282b498ab1b061092a7c,4,D20,0.542835,0.870729,0.902991,0.258542,0.176427,2,0.352854,20.24776723992974,85.82129691793034,NH-16 (DEMO),SEG-047,2026-09-28,SYNTHETIC DEMO - NOT REAL GPS,Low
India_008336_jpg.rf.1e61c6dd0b29282b498ab1b061092a7c,7,D44,0.717046,0.911596,0.164069,0.176807,0.171502,3,0.5145059999999999,20.239781827623858,85.7503434210477,NH-16 (DEMO),SEG-047,2026-09-28,SYNTHETIC DEMO - NOT REAL GPS,Medium
India_008336_jpg.rf.1e61c6dd0b29282b498ab1b061092a7c,4,D20,0.69561,0.858863,0.382641,0.282274,0.0746983,2,0.1493966,20.221942986737652,85.86710350789883,NH-16 (DEMO),SEG-047,2026-09-28,SYNTHETIC DEMO - NOT REAL GPS,Low
India_008336_jpg.rf.1e61c6dd0b29282b498ab1b061092a7c,7,D44,0.68988,0.907665,0.140065,0.173848,0.0602081,3,0.1806243,20.253474274269735,85.73649591521365,NH-16 (DEMO),SEG-047,2026-09-28,SYNTHETIC DEMO - NOT REAL GPS,Low
India_008336_jpg.rf.1e61c6dd0b29282b498ab1b061092a7c,4,D20,0.667214,0.883096,0.665572,0.230881,0.0600061,2,0.1200122,20.238984153142578,85.72110048176549,NH-16 (DEMO),SEG-047,2026-09-28,SYNTHETIC DEMO - NOT REAL GPS,Low
India_008357_jpg.rf.3a8365c7072569aa2a036ad1a9ae5111,7,D44,0.585248,0.662421,0.0619773,0.140762,0.148958,3,0.446874,20.265706860806525,85.85679122058089,NH-16 (DEMO),SEG-047,2026-09-28,SYNTHETIC DEMO - NOT REAL GPS,Low
India_008393_jpg.rf.92326a1f99f141a58dd2e4eadd434b6a,4,D20,0.394804,0.845908,0.761774,0.264849,0.395304,2,0.790608,20.313699212880174,85.83260316924256,NH-16 (DEMO),SEG-047,2026-09-28,SYNTHETIC DEMO - NOT REAL GPS,Medium
India_008393_jpg.rf.92326a1f99f141a58dd2e4eadd434b6a,4,D20,0.495621,0.823622,0.616943,0.244532,0.22523,2,0.45046,20.32920150677181,85.77685757925695,NH-16 (DEMO),SEG-047,2026-09-28,SYNTHETIC DEMO - NOT REAL GPS,Low
India_008393_jpg.rf.92326a1f99f141a58dd2e4eadd434b6a,4,D20,0.2917,0.901267,0.5834,0.197465,0.0671391,2,0.1342782,20.182598926381267,85.81527995294562,NH-16 (DEMO),SEG-047,2026-09-28,SYNTHETIC DEMO - NOT REAL GPS,Low
India_008393_jpg.rf.92326a1f99f141a58dd2e4eadd434b6a,4,D20,0.205026,0.866981,0.406307,0.266038,0.0657281,2,0.1314562,20.231549355625816,85.75576705613427,NH-16 (DEMO),SEG-047,2026-09-28,SYNTHETIC DEMO - NOT REAL GPS,Low
India_008393_jpg.rf.92326a1f99f141a58dd2e4eadd434b6a,4,D20,0.6071,0.820293,0.661211,0.249885,0.0645094,2,0.1290188,20.19891299132269,85.74694234378326,NH-16 (DEMO),SEG-047,2026-09-28,SYNTHETIC DEMO - NOT REAL GPS,Low
India_008393_jpg.rf.92326a1f99f141a58dd2e4eadd434b6a,4,D20,0.553174,0.815327,0.476612,0.202081,0.0584657,2,0.1169314,20.226339275828085,85.7953838616222,NH-16 (DEMO),SEG-047,2026-09-28,SYNTHETIC DEMO - NOT REAL GPS,Low
India_008416_jpg.rf.0fab4fd34dfb6151ace68ae9021f86c1,4,D20,0.668132,0.732189,0.657356,0.257172,0.16065,2,0.3213,20.215995682967748,85.77651005275536,NH-16 (DEMO),SEG-047,2026-09-28,SYNTHETIC DEMO - NOT REAL GPS,Low
India_008416_jpg.rf.0fab4fd34dfb6151ace68ae9021f86c1,4,D20,0.730457,0.738877,0.527919,0.201342,0.0930742,2,0.1861484,20.197925941060287,85.81843680808565,NH-16 (DEMO),SEG-047,2026-09-28,SYNTHETIC DEMO - NOT REAL GPS,Low
India_008416_jpg.rf.0fab4fd34dfb6151ace68ae9021f86c1,5,D40,0.802659,0.724737,0.391777,0.21135,0.0805207,2,0.1610414,20.292252168547407,85.75490386952976,NH-16 (DEMO),SEG-047,2026-09-28,SYNTHETIC DEMO - NOT REAL GPS,Low
India_008416_jpg.rf.0fab4fd34dfb6151ace68ae9021f86c1,5,D40,0.627784,0.616862,0.159936,0.0757954,0.0681128,2,0.1362256,20.24940619885268,85.8260684320897,NH-16 (DEMO),SEG-047,2026-09-28,SYNTHETIC DEMO - NOT REAL GPS,Low
India_008416_jpg.rf.0fab4fd34dfb6151ace68ae9021f86c1,4,D20,0.810553,0.730468,0.369799,0.206379,0.0668946,2,0.1337892,20.317079293154755,85.84269784324844,NH-16 (DEMO),SEG-047,2026-09-28,SYNTHETIC DEMO - NOT REAL GPS,Low
India_008416_jpg.rf.0fab4fd34dfb6151ace68ae9021f86c1,5,D40,0.71921,0.71942,0.559309,0.218192,0.0555435,2,0.111087,20.175214790919522,85.74666178288456,NH-16 (DEMO),SEG-047,2026-09-28,SYNTHETIC DEMO - NOT REAL GPS,Low
India_008416_jpg.rf.0fab4fd34dfb6151ace68ae9021f86c1,5,D40,0.635991,0.614422,0.207611,0.0861897,0.0531782,2,0.1063564,20.18071648210112,85.72701732534686,NH-16 (DEMO),SEG-047,2026-09-28,SYNTHETIC DEMO - NOT REAL GPS,Low
India_008423_jpg.rf.99cb8ba99803c84f290b8a558b133990,4,D20,0.351636,0.740121,0.688759,0.307615,0.448229,2,0.896458,20.234523773268855,85.79033398004822,NH-16 (DEMO),SEG-047,2026-09-28,SYNTHETIC DEMO - NOT REAL GPS,Medium
India_008423_jpg.rf.99cb8ba99803c84f290b8a558b133990,5,D40,0.247492,0.694962,0.475953,0.233862,0.348026,2,0.696052,20.182844371264647,85.84384385375878,NH-16 (DEMO),SEG-047,2026-09-28,SYNTHETIC DEMO - NOT REAL GPS,Medium
India_008423_jpg.rf.99cb8ba99803c84f290b8a558b133990,5,D40,0.263924,0.786376,0.510409,0.40275,0.213489,2,0.426978,20.212036735426373,85.82412477369186,NH-16 (DEMO),SEG-047,2026-09-28,SYNTHETIC DEMO - NOT REAL GPS,Low
India_008423_jpg.rf.99cb8ba99803c84f290b8a558b133990,5,D40,0.216046,0.730594,0.432091,0.301385,0.197863,2,0.395726,20.32776475889226,85.83230107526633,NH-16 (DEMO),SEG-047,2026-09-28,SYNTHETIC DEMO - NOT REAL GPS,Low
India_008423_jpg.rf.99cb8ba99803c84f290b8a558b133990,4,D20,0.239268,0.799775,0.478536,0.400451,0.167848,2,0.335696,20.203433537197537,85.78445429439894,NH-16 (DEMO),SEG-047,2026-09-28,SYNTHETIC DEMO - NOT REAL GPS,Low
India_008423_jpg.rf.99cb8ba99803c84f290b8a558b133990,4,D20,0.509721,0.735786,0.949347,0.280036,0.13573,2,0.27146,20.201698838625934,85.75759128724049,NH-16 (DEMO),SEG-047,2026-09-28,SYNTHETIC DEMO - NOT REAL GPS,Low
India_008423_jpg.rf.99cb8ba99803c84f290b8a558b133990,5,D40,0.30925,0.675365,0.549119,0.196167,0.125725,2,0.25145,20.261782507007315,85.80508461492553,NH-16 (DEMO),SEG-047,2026-09-28,SYNTHETIC DEMO - NOT REAL GPS,Low
India_008423_jpg.rf.99cb8ba99803c84f290b8a558b133990,4,D20,0.188641,0.819868,0.374522,0.360263,0.108078,2,0.216156,20.249679726526907,85.75269851099986,NH-16 (DEMO),SEG-047,2026-09-28,SYNTHETIC DEMO - NOT REAL GPS,Low
India_008423_jpg.rf.99cb8ba99803c84f290b8a558b133990,4,D20,0.850672,0.74739,0.298655,0.254091,0.0896156,2,0.1792312,20.262870127552453,85.8361965915176,NH-16 (DEMO),SEG-047,2026-09-28,SYNTHETIC DEMO - NOT REAL GPS,Low
India_008423_jpg.rf.99cb8ba99803c84f290b8a558b133990,5,D40,0.26309,0.654487,0.505344,0.20527,0.072922,2,0.145844,20.230277644513368,85.75151463295352,NH-16 (DEMO),SEG-047,2026-09-28,SYNTHETIC DEMO - NOT REAL GPS,Low
India_008423_jpg.rf.99cb8ba99803c84f290b8a558b133990,5,D40,0.546347,0.604156,0.115442,0.0482651,0.0702704,2,0.1405408,20.302281977583192,85.76660212267429,NH-16 (DEMO),SEG-047,2026-09-28,SYNTHETIC DEMO - NOT REAL GPS,Low
India_008429_jpg.rf.2349625ca636699e20c770fa73f9f228,4,D20,0.419929,0.803169,0.828182,0.242235,0.116566,2,0.233132,20.192172888230793,85.80104716453168,NH-16 (DEMO),SEG-047,2026-09-28,SYNTHETIC DEMO - NOT REAL GPS,Low
India_008429_jpg.rf.2349625ca636699e20c770fa73f9f228,5,D40,0.652073,0.771527,0.0969901,0.0415244,0.112285,2,0.22457,20.238542823334633,85.79787358946295,NH-16 (DEMO),SEG-047,2026-09-28,SYNTHETIC DEMO - NOT REAL GPS,Low
India_008429_jpg.rf.2349625ca636699e20c770fa73f9f228,5,D40,0.677371,0.770886,0.140844,0.0572247,0.0969709,2,0.1939418,20.280361895751053,85.81613590022512,NH-16 (DEMO),SEG-047,2026-09-28,SYNTHETIC DEMO - NOT REAL GPS,Low
India_008475_jpg.rf.4408a11aa7c78127443eceb17432a374,4,D20,0.446206,0.889255,0.891132,0.220386,0.845214,2,1.690428,20.308917830445264,85.78999113607999,NH-16 (DEMO),SEG-047,2026-09-28,SYNTHETIC DEMO - NOT REAL GPS,High
India_008475_jpg.rf.4408a11aa7c78127443eceb17432a374,4,D20,0.338937,0.872971,0.677874,0.246865,0.142474,2,0.284948,20.229131457017083,85.86711572936161,NH-16 (DEMO),SEG-047,2026-09-28,SYNTHETIC DEMO - NOT REAL GPS,Low
India_008475_jpg.rf.4408a11aa7c78127443eceb17432a374,4,D20,0.473441,0.869333,0.580248,0.261334,0.12614,2,0.25228,20.260839295855,85.85438945507154,NH-16 (DEMO),SEG-047,2026-09-28,SYNTHETIC DEMO - NOT REAL GPS,Low
India_008475_jpg.rf.4408a11aa7c78127443eceb17432a374,5,D40,0.536296,0.777602,0.0799536,0.0539452,0.0921089,2,0.1842178,20.181062391201163,85.86065815219786,NH-16 (DEMO),SEG-047,2026-09-28,SYNTHETIC DEMO - NOT REAL GPS,Low
India_008475_jpg.rf.4408a11aa7c78127443eceb17432a374,5,D40,0.387307,0.872497,0.530451,0.255005,0.0886546,2,0.1773092,20.197251054097894,85.82072265142455,NH-16 (DEMO),SEG-047,2026-09-28,SYNTHETIC DEMO - NOT REAL GPS,Low
India_008475_jpg.rf.4408a11aa7c78127443eceb17432a374,4,D20,0.569944,0.874979,0.814195,0.248666,0.0703719,2,0.1407438,20.181062105994577,85.82160126653773,NH-16 (DEMO),SEG-047,2026-09-28,SYNTHETIC DEMO - NOT REAL GPS,Low
India_008475_jpg.rf.4408a11aa7c78127443eceb17432a374,4,D20,0.569572,0.868359,0.354405,0.263282,0.0688225,2,0.137645,20.286460942719764,85.81747178939455,NH-16 (DEMO),SEG-047,2026-09-28,SYNTHETIC DEMO - NOT REAL GPS,Low
India_008475_jpg.rf.4408a11aa7c78127443eceb17432a374,5,D40,0.279134,0.879312,0.557613,0.241376,0.0565634,2,0.1131268,20.21608959499554,85.78958146470742,NH-16 (DEMO),SEG-047,2026-09-28,SYNTHETIC DEMO - NOT REAL GPS,Low
India_008476_jpg.rf.c659e791945b5f1dc56aff046eaf4dc4,4,D20,0.582934,0.905952,0.834133,0.188096,0.057527,2,0.115054,20.285799246430695,85.77153696017076,NH-16 (DEMO),SEG-047,2026-09-28,SYNTHETIC DEMO - NOT REAL GPS,Low
India_008476_jpg.rf.c659e791945b5f1dc56aff046eaf4dc4,4,D20,0.432241,0.918257,0.864482,0.163486,0.0565541,2,0.1131082,20.180623724646924,85.81472046199181,NH-16 (DEMO),SEG-047,2026-09-28,SYNTHETIC DEMO - NOT REAL GPS,Low
India_008479_jpg.rf.ed0389da9cfa748937c9ddfee043aa6c,5,D40,0.462764,0.600689,0.109864,0.0558861,0.168372,2,0.336744,20.30800764806533,85.72408509394215,NH-16 (DEMO),SEG-047,2026-09-28,SYNTHETIC DEMO - NOT REAL GPS,Low
India_008479_jpg.rf.ed0389da9cfa748937c9ddfee043aa6c,5,D40,0.437891,0.599049,0.175582,0.070784,0.122859,2,0.245718,20.303684831697776,85.7211930290278,NH-16 (DEMO),SEG-047,2026-09-28,SYNTHETIC DEMO - NOT REAL GPS,Low
India_008479_jpg.rf.ed0389da9cfa748937c9ddfee043aa6c,5,D40,0.4152,0.602035,0.243498,0.0833639,0.0792834,2,0.1585668,20.184228598888044,85.85626269220748,NH-16 (DEMO),SEG-047,2026-09-28,SYNTHETIC DEMO - NOT REAL GPS,Low
India_008479_jpg.rf.ed0389da9cfa748937c9ddfee043aa6c,5,D40,0.315282,0.70388,0.0777706,0.0432273,0.062489,2,0.124978,20.17380104103315,85.72742784716442,NH-16 (DEMO),SEG-047,2026-09-28,SYNTHETIC DEMO - NOT REAL GPS,Low
India_008479_jpg.rf.ed0389da9cfa748937c9ddfee043aa6c,5,D40,0.619713,0.69729,0.123705,0.0593899,0.056116,2,0.112232,20.17900621007712,85.80396722405334,NH-16 (DEMO),SEG-048,2026-09-28,SYNTHETIC DEMO - NOT REAL GPS,Low
India_008483_jpg.rf.a578947cbd12a65a81d52e0df41803d0,4,D20,0.429109,0.774327,0.856986,0.253351,0.303945,2,0.60789,20.306580827703478,85.81839804207193,NH-16 (DEMO),SEG-048,2026-09-28,SYNTHETIC DEMO - NOT REAL GPS,Medium
India_008483_jpg.rf.a578947cbd12a65a81d52e0df41803d0,4,D20,0.399045,0.833376,0.782355,0.305684,0.0691223,2,0.1382446,20.207552558248302,85.75170739673959,NH-16 (DEMO),SEG-048,2026-09-28,SYNTHETIC DEMO - NOT REAL GPS,Low
India_008496_jpg.rf.7de81b7ec99b3bfabb83563cf1ea8d12,4,D20,0.445803,0.827396,0.891605,0.29372,0.316645,2,0.63329,20.25772373085731,85.86331693412242,NH-16 (DEMO),SEG-048,2026-09-28,SYNTHETIC DEMO - NOT REAL GPS,Medium
India_008496_jpg.rf.7de81b7ec99b3bfabb83563cf1ea8d12,7,D44,0.413234,0.811402,0.0625157,0.0885462,0.0981807,3,0.2945421,20.23819907250881,85.75041532347974,NH-16 (DEMO),SEG-048,2026-09-28,SYNTHETIC DEMO - NOT REAL GPS,Low
India_008501_jpg.rf.83be6de5353b87cf895daa1441a65334,4,D20,0.608126,0.863006,0.759664,0.261678,0.122964,2,0.245928,20.297284084196576,85.86152239797866,NH-16 (DEMO),SEG-048,2026-09-28,SYNTHETIC DEMO - NOT REAL GPS,Low
India_008618_jpg.rf.90101b9830c7f5c13397eea6e695a7bd,4,D20,0.553934,0.837066,0.872662,0.273297,0.993364,2,1.986728,20.248223728235306,85.84207844309329,NH-16 (DEMO),SEG-048,2026-09-28,SYNTHETIC DEMO - NOT REAL GPS,High
India_008618_jpg.rf.90101b9830c7f5c13397eea6e695a7bd,4,D20,0.735219,0.856895,0.522559,0.271153,0.755826,2,1.511652,20.2501057345058,85.75851887256387,NH-16 (DEMO),SEG-048,2026-09-28,SYNTHETIC DEMO - NOT REAL GPS,High
India_008618_jpg.rf.90101b9830c7f5c13397eea6e695a7bd,4,D20,0.62293,0.826844,0.561152,0.271578,0.753207,2,1.506414,20.328254710319985,85.74411906660417,NH-16 (DEMO),SEG-048,2026-09-28,SYNTHETIC DEMO - NOT REAL GPS,High
India_008618_jpg.rf.90101b9830c7f5c13397eea6e695a7bd,4,D20,0.508636,0.872743,0.942919,0.254514,0.726806,2,1.453612,20.19402072907988,85.7705972336298,NH-16 (DEMO),SEG-048,2026-09-28,SYNTHETIC DEMO - NOT REAL GPS,Medium
India_008618_jpg.rf.90101b9830c7f5c13397eea6e695a7bd,4,D20,0.531155,0.815416,0.583051,0.268021,0.449981,2,0.899962,20.302912630199348,85.78367209060325,NH-16 (DEMO),SEG-048,2026-09-28,SYNTHETIC DEMO - NOT REAL GPS,Medium
India_008618_jpg.rf.90101b9830c7f5c13397eea6e695a7bd,4,D20,0.801969,0.874901,0.391455,0.250198,0.364192,2,0.728384,20.17827995929662,85.75932554823983,NH-16 (DEMO),SEG-048,2026-09-28,SYNTHETIC DEMO - NOT REAL GPS,Medium
India_008618_jpg.rf.90101b9830c7f5c13397eea6e695a7bd,4,D20,0.660402,0.878502,0.679196,0.237651,0.361147,2,0.722294,20.246423803131677,85.87982264780071,NH-16 (DEMO),SEG-048,2026-09-28,SYNTHETIC DEMO - NOT REAL GPS,Medium
India_008618_jpg.rf.90101b9830c7f5c13397eea6e695a7bd,4,D20,0.434648,0.829853,0.574093,0.267033,0.296277,2,0.592554,20.311813571829283,85.75674437379833,NH-16 (DEMO),SEG-048,2026-09-28,SYNTHETIC DEMO - NOT REAL GPS,Medium
India_008618_jpg.rf.90101b9830c7f5c13397eea6e695a7bd,4,D20,0.364229,0.859975,0.500525,0.270414,0.256289,2,0.512578,20.27643423449666,85.85290157231725,NH-16 (DEMO),SEG-048,2026-09-28,SYNTHETIC DEMO - NOT REAL GPS,Medium
India_008618_jpg.rf.90101b9830c7f5c13397eea6e695a7bd,5,D40,0.534273,0.728626,0.0763195,0.0507019,0.116898,2,0.233796,20.279634339098582,85.74545883953448,NH-16 (DEMO),SEG-048,2026-09-28,SYNTHETIC DEMO - NOT REAL GPS,Low
India_008618_jpg.rf.90101b9830c7f5c13397eea6e695a7bd,5,D40,0.532675,0.713679,0.0937553,0.0791211,0.0851651,2,0.1703302,20.21213076516104,85.87683914004415,NH-16 (DEMO),SEG-048,2026-09-28,SYNTHETIC DEMO - NOT REAL GPS,Low
India_008618_jpg.rf.90101b9830c7f5c13397eea6e695a7bd,5,D40,0.695378,0.843311,0.504908,0.30088,0.0742317,2,0.1484634,20.236971966617833,85.75608375332529,NH-16 (DEMO),SEG-048,2026-09-28,SYNTHETIC DEMO - NOT REAL GPS,Low
India_008618_jpg.rf.90101b9830c7f5c13397eea6e695a7bd,5,D40,0.549433,0.734017,0.0981602,0.0746166,0.0698535,2,0.139707,20.22865297015985,85.78747016876537,NH-16 (DEMO),SEG-048,2026-09-28,SYNTHETIC DEMO - NOT REAL GPS,Low
India_008618_jpg.rf.90101b9830c7f5c13397eea6e695a7bd,4,D20,0.551926,0.864986,0.630791,0.239248,0.0691443,2,0.1382886,20.25343091362528,85.80937025068286,NH-16 (DEMO),SEG-048,2026-09-28,SYNTHETIC DEMO - NOT REAL GPS,Low
India_008618_jpg.rf.90101b9830c7f5c13397eea6e695a7bd,5,D40,0.553108,0.764828,0.502499,0.213828,0.0565923,2,0.1131846,20.243956468822986,85.73924571442497,NH-16 (DEMO),SEG-048,2026-09-28,SYNTHETIC DEMO - NOT REAL GPS,Low
India_008623_jpg.rf.f03474a49c6d79073607019ee785db92,4,D20,0.459347,0.803116,0.915591,0.238973,0.386452,2,0.772904,20.22230373630032,85.85069121079665,NH-16 (DEMO),SEG-048,2026-09-28,SYNTHETIC DEMO - NOT REAL GPS,Medium
India_008623_jpg.rf.f03474a49c6d79073607019ee785db92,4,D20,0.60116,0.788239,0.772279,0.22244,0.136875,2,0.27375,20.21887689797939,85.76394968522894,NH-16 (DEMO),SEG-048,2026-09-28,SYNTHETIC DEMO - NOT REAL GPS,Low
India_008623_jpg.rf.f03474a49c6d79073607019ee785db92,4,D20,0.225189,0.841684,0.444637,0.316633,0.107486,2,0.214972,20.21013646266482,85.80788318425627,NH-16 (DEMO),SEG-048,2026-09-28,SYNTHETIC DEMO - NOT REAL GPS,Low
India_008623_jpg.rf.f03474a49c6d79073607019ee785db92,5,D40,0.269153,0.844508,0.520906,0.31069,0.0702194,2,0.1404388,20.228407559501562,85.80794140971092,NH-16 (DEMO),SEG-048,2026-09-28,SYNTHETIC DEMO - NOT REAL GPS,Low
India_008623_jpg.rf.f03474a49c6d79073607019ee785db92,4,D20,0.161788,0.844812,0.323576,0.310032,0.058245,2,0.11649,20.19399063646945,85.81642250437213,NH-16 (DEMO),SEG-048,2026-09-28,SYNTHETIC DEMO - NOT REAL GPS,Low
India_008623_jpg.rf.f03474a49c6d79073607019ee785db92,4,D20,0.296434,0.800293,0.592868,0.214975,0.054276,2,0.108552,20.309536688320573,85.72887775784389,NH-16 (DEMO),SEG-048,2026-09-28,SYNTHETIC DEMO - NOT REAL GPS,Low
India_008623_jpg.rf.f03474a49c6d79073607019ee785db92,4,D20,0.32897,0.820759,0.65794,0.321961,0.0542061,2,0.1084122,20.266339102693347,85.74697900189305,NH-16 (DEMO),SEG-048,2026-09-28,SYNTHETIC DEMO - NOT REAL GPS,Low
India_008658_jpg.rf.0e888d51af868f55d52e265a814e4eb5,4,D20,0.528451,0.75147,0.935236,0.49706,0.309256,2,0.618512,20.191405828095018,85.74579075886774,NH-16 (DEMO),SEG-048,2026-09-28,SYNTHETIC DEMO - NOT REAL GPS,Medium
India_008658_jpg.rf.0e888d51af868f55d52e265a814e4eb5,7,D44,0.909249,0.610044,0.181503,0.155369,0.0961454,3,0.2884362,20.281017493473442,85.76832820150653,NH-16 (DEMO),SEG-048,2026-09-28,SYNTHETIC DEMO - NOT REAL GPS,Low
India_008670_jpg.rf.8bef76eb90da3bd48ae2244e1470ee99,4,D20,0.501825,0.815566,0.930298,0.26813,0.975246,2,1.950492,20.305626634879676,85.74318626509734,NH-16 (DEMO),SEG-048,2026-09-28,SYNTHETIC DEMO - NOT REAL GPS,High
India_008670_jpg.rf.8bef76eb90da3bd48ae2244e1470ee99,5,D40,0.54825,0.780062,0.502409,0.243719,0.753303,2,1.506606,20.20800570752836,85.86750741132388,NH-16 (DEMO),SEG-048,2026-09-28,SYNTHETIC DEMO - NOT REAL GPS,High
India_008670_jpg.rf.8bef76eb90da3bd48ae2244e1470ee99,5,D40,0.473094,0.772311,0.482313,0.234234,0.454579,2,0.909158,20.19409609509396,85.80207271208181,NH-16 (DEMO),SEG-048,2026-09-28,SYNTHETIC DEMO - NOT REAL GPS,Medium
India_008670_jpg.rf.8bef76eb90da3bd48ae2244e1470ee99,4,D20,0.596482,0.795107,0.576811,0.208462,0.369474,2,0.738948,20.1713787611414,85.81977202363242,NH-16 (DEMO),SEG-048,2026-09-28,SYNTHETIC DEMO - NOT REAL GPS,Medium
India_008670_jpg.rf.8bef76eb90da3bd48ae2244e1470ee99,4,D20,0.514449,0.78675,0.549036,0.225115,0.300101,2,0.600202,20.177560054217036,85.7771981080637,NH-16 (DEMO),SEG-048,2026-09-28,SYNTHETIC DEMO - NOT REAL GPS,Medium
India_008670_jpg.rf.8bef76eb90da3bd48ae2244e1470ee99,5,D40,0.447279,0.729636,0.21529,0.0604757,0.286786,2,0.573572,20.29196021572856,85.76419938256542,NH-16 (DEMO),SEG-048,2026-09-28,SYNTHETIC DEMO - NOT REAL GPS,Medium
India_008670_jpg.rf.8bef76eb90da3bd48ae2244e1470ee99,5,D40,0.437948,0.740162,0.249464,0.085194,0.266386,2,0.532772,20.327949813126672,85.80050834723716,NH-16 (DEMO),SEG-048,2026-09-28,SYNTHETIC DEMO - NOT REAL GPS,Medium
India_008670_jpg.rf.8bef76eb90da3bd48ae2244e1470ee99,5,D40,0.431684,0.789058,0.606755,0.228407,0.242497,2,0.484994,20.177180851596205,85.76709167597357,NH-16 (DEMO),SEG-048,2026-09-28,SYNTHETIC DEMO - NOT REAL GPS,Low
India_008670_jpg.rf.8bef76eb90da3bd48ae2244e1470ee99,5,D40,0.292372,0.867035,0.574917,0.222425,0.210656,2,0.421312,20.28969135345278,85.77498334811676,NH-16 (DEMO),SEG-048,2026-09-28,SYNTHETIC DEMO - NOT REAL GPS,Low
India_008670_jpg.rf.8bef76eb90da3bd48ae2244e1470ee99,5,D40,0.653171,0.786501,0.546847,0.233604,0.204437,2,0.408874,20.181497946534552,85.79244013988334,NH-16 (DEMO),SEG-048,2026-09-28,SYNTHETIC DEMO - NOT REAL GPS,Low
India_008670_jpg.rf.8bef76eb90da3bd48ae2244e1470ee99,5,D40,0.493041,0.729718,0.311946,0.065041,0.203438,2,0.406876,20.264741251984585,85.80091738994949,NH-16 (DEMO),SEG-048,2026-09-28,SYNTHETIC DEMO - NOT REAL GPS,Low
India_008670_jpg.rf.8bef76eb90da3bd48ae2244e1470ee99,4,D20,0.592249,0.798987,0.778167,0.231287,0.19935,2,0.3987,20.290972045188518,85.87749024188508,NH-16 (DEMO),SEG-048,2026-09-28,SYNTHETIC DEMO - NOT REAL GPS,Low
India_008670_jpg.rf.8bef76eb90da3bd48ae2244e1470ee99,4,D20,0.382978,0.823677,0.749203,0.335511,0.196537,2,0.393074,20.22747270356284,85.75573161410591,NH-16 (DEMO),SEG-048,2026-09-28,SYNTHETIC DEMO - NOT REAL GPS,Low
India_008670_jpg.rf.8bef76eb90da3bd48ae2244e1470ee99,5,D40,0.410057,0.746382,0.284486,0.116885,0.180781,2,0.361562,20.171749555377705,85.79807618638122,NH-16 (DEMO),SEG-048,2026-09-28,SYNTHETIC DEMO - NOT REAL GPS,Low
India_008670_jpg.rf.8bef76eb90da3bd48ae2244e1470ee99,4,D20,0.440017,0.870414,0.880035,0.252732,0.170219,2,0.340438,20.265230296340068,85.74392187831829,NH-16 (DEMO),SEG-048,2026-09-28,SYNTHETIC DEMO - NOT REAL GPS,Low
India_008670_jpg.rf.8bef76eb90da3bd48ae2244e1470ee99,5,D40,0.338716,0.815032,0.6064,0.253034,0.169584,2,0.339168,20.328599140502405,85.77599987723328,NH-16 (DEMO),SEG-048,2026-09-28,SYNTHETIC DEMO - NOT REAL GPS,Low
India_008670_jpg.rf.8bef76eb90da3bd48ae2244e1470ee99,5,D40,0.358397,0.746084,0.141594,0.0977653,0.169119,2,0.338238,20.211218787654158,85.83476971499302,NH-16 (DEMO),SEG-048,2026-09-28,SYNTHETIC DEMO - NOT REAL GPS,Low
India_008670_jpg.rf.8bef76eb90da3bd48ae2244e1470ee99,5,D40,0.452246,0.752324,0.33212,0.150403,0.168493,2,0.336986,20.200318604349956,85.74791394300169,NH-16 (DEMO),SEG-048,2026-09-28,SYNTHETIC DEMO - NOT REAL GPS,Low
India_008670_jpg.rf.8bef76eb90da3bd48ae2244e1470ee99,5,D40,0.478849,0.720887,0.368764,0.135278,0.12548,2,0.25096,20.18982814284056,85.813016209208,NH-16 (DEMO),SEG-048,2026-09-28,SYNTHETIC DEMO - NOT REAL GPS,Low
India_008670_jpg.rf.8bef76eb90da3bd48ae2244e1470ee99,4,D20,0.239099,0.885345,0.473473,0.227176,0.115814,2,0.231628,20.25884089918401,85.78667216377087,NH-16 (DEMO),SEG-048,2026-09-28,SYNTHETIC DEMO - NOT REAL GPS,Low
India_008670_jpg.rf.8bef76eb90da3bd48ae2244e1470ee99,5,D40,0.53074,0.729725,0.371709,0.102459,0.1109,2,0.2218,20.265431215897642,85.72825272710472,NH-16 (DEMO),SEG-049,2026-09-28,SYNTHETIC DEMO - NOT REAL GPS,Low
India_008670_jpg.rf.8bef76eb90da3bd48ae2244e1470ee99,5,D40,0.371887,0.768627,0.133228,0.0652172,0.109392,2,0.218784,20.296763333947265,85.86929203863654,NH-16 (DEMO),SEG-049,2026-09-28,SYNTHETIC DEMO - NOT REAL GPS,Low
India_008670_jpg.rf.8bef76eb90da3bd48ae2244e1470ee99,4,D20,0.457452,0.808674,0.639541,0.19521,0.0945698,2,0.1891396,20.290491723779283,85.78617650244686,NH-16 (DEMO),SEG-049,2026-09-28,SYNTHETIC DEMO - NOT REAL GPS,Low
India_008670_jpg.rf.8bef76eb90da3bd48ae2244e1470ee99,5,D40,0.531857,0.727988,0.333249,0.137545,0.0809694,2,0.1619388,20.312806639167214,85.84542824572019,NH-16 (DEMO),SEG-049,2026-09-28,SYNTHETIC DEMO - NOT REAL GPS,Low
India_008670_jpg.rf.8bef76eb90da3bd48ae2244e1470ee99,4,D20,0.647186,0.808972,0.590296,0.168078,0.0799635,2,0.159927,20.29892363173477,85.78661015819708,NH-16 (DEMO),SEG-049,2026-09-28,SYNTHETIC DEMO - NOT REAL GPS,Low
India_008670_jpg.rf.8bef76eb90da3bd48ae2244e1470ee99,5,D40,0.51995,0.756756,0.420236,0.157958,0.0766593,2,0.1533186,20.20956273329271,85.8699776514526,NH-16 (DEMO),SEG-049,2026-09-28,SYNTHETIC DEMO - NOT REAL GPS,Low
India_008670_jpg.rf.8bef76eb90da3bd48ae2244e1470ee99,5,D40,0.391095,0.76221,0.187333,0.0910217,0.0756042,2,0.1512084,20.25894038478012,85.76647525350862,NH-16 (DEMO),SEG-049,2026-09-28,SYNTHETIC DEMO - NOT REAL GPS,Low
India_008670_jpg.rf.8bef76eb90da3bd48ae2244e1470ee99,5,D40,0.39876,0.736383,0.215007,0.120222,0.0717338,2,0.1434676,20.217585913454972,85.78595690395002,NH-16 (DEMO),SEG-049,2026-09-28,SYNTHETIC DEMO - NOT REAL GPS,Low
India_008670_jpg.rf.8bef76eb90da3bd48ae2244e1470ee99,5,D40,0.259809,0.838369,0.519474,0.319635,0.0598992,2,0.1197984,20.22276566072824,85.84141827844148,NH-16 (DEMO),SEG-049,2026-09-28,SYNTHETIC DEMO - NOT REAL GPS,Low
India_008670_jpg.rf.8bef76eb90da3bd48ae2244e1470ee99,5,D40,0.748326,0.784743,0.494059,0.241696,0.0509846,2,0.1019692,20.3191110990768,85.77498677044494,NH-16 (DEMO),SEG-049,2026-09-28,SYNTHETIC DEMO - NOT REAL GPS,Low
India_008670_jpg.rf.8bef76eb90da3bd48ae2244e1470ee99,5,D40,0.432515,0.761378,0.262655,0.132097,0.0503717,2,0.1007434,20.279103344810732,85.77829713141362,NH-16 (DEMO),SEG-049,2026-09-28,SYNTHETIC DEMO - NOT REAL GPS,Low
India_008679_jpg.rf.12c3a088fabf36eec1e85d7a341c3ba6,7,D44,0.526165,0.820245,0.138046,0.163183,0.523857,3,1.571571,20.325934466120177,85.87917170774627,NH-16 (DEMO),SEG-049,2026-09-28,SYNTHETIC DEMO - NOT REAL GPS,High
India_008679_jpg.rf.12c3a088fabf36eec1e85d7a341c3ba6,4,D20,0.585713,0.795658,0.763556,0.255329,0.204452,2,0.408904,20.236706005875,85.80889832411046,NH-16 (DEMO),SEG-049,2026-09-28,SYNTHETIC DEMO - NOT REAL GPS,Low
India_008679_jpg.rf.12c3a088fabf36eec1e85d7a341c3ba6,7,D44,0.513749,0.840996,0.0953031,0.119024,0.0839295,3,0.2517885,20.255990011736635,85.83030087258722,NH-16 (DEMO),SEG-049,2026-09-28,SYNTHETIC DEMO - NOT REAL GPS,Low
India_008680_jpg.rf.ca2ef30c4ff30bfe966c3d599d75d528,4,D20,0.577982,0.877129,0.844036,0.241955,0.758515,2,1.51703,20.24793846718663,85.82295395746458,NH-16 (DEMO),SEG-049,2026-09-28,SYNTHETIC DEMO - NOT REAL GPS,High
India_008680_jpg.rf.ca2ef30c4ff30bfe966c3d599d75d528,4,D20,0.804255,0.896404,0.391491,0.207191,0.711142,2,1.422284,20.187165929203797,85.85246786354504,NH-16 (DEMO),SEG-049,2026-09-28,SYNTHETIC DEMO - NOT REAL GPS,Medium
India_008680_jpg.rf.ca2ef30c4ff30bfe966c3d599d75d528,4,D20,0.857062,0.908428,0.285877,0.183144,0.523795,2,1.04759,20.207872319124256,85.85789201591068,NH-16 (DEMO),SEG-049,2026-09-28,SYNTHETIC DEMO - NOT REAL GPS,Medium
India_008680_jpg.rf.ca2ef30c4ff30bfe966c3d599d75d528,7,D44,0.675156,0.931298,0.112748,0.137267,0.422768,3,1.268304,20.254421817696716,85.81012098119524,NH-16 (DEMO),SEG-049,2026-09-28,SYNTHETIC DEMO - NOT REAL GPS,Medium
India_008680_jpg.rf.ca2ef30c4ff30bfe966c3d599d75d528,4,D20,0.699297,0.885519,0.601407,0.228962,0.294219,2,0.588438,20.18077988882128,85.76712897199462,NH-16 (DEMO),SEG-049,2026-09-28,SYNTHETIC DEMO - NOT REAL GPS,Medium
India_008680_jpg.rf.ca2ef30c4ff30bfe966c3d599d75d528,4,D20,0.771054,0.868715,0.427314,0.26257,0.289167,2,0.578334,20.319033908689423,85.72364803961199,NH-16 (DEMO),SEG-049,2026-09-28,SYNTHETIC DEMO - NOT REAL GPS,Medium
India_008680_jpg.rf.ca2ef30c4ff30bfe966c3d599d75d528,4,D20,0.548779,0.881054,0.400031,0.237893,0.140474,2,0.280948,20.18981498911094,85.81830452017029,NH-16 (DEMO),SEG-049,2026-09-28,SYNTHETIC DEMO - NOT REAL GPS,Low
India_008680_jpg.rf.ca2ef30c4ff30bfe966c3d599d75d528,4,D20,0.671873,0.868794,0.490083,0.262413,0.13303,2,0.26606,20.201676919426706,85.85207501332249,NH-16 (DEMO),SEG-049,2026-09-28,SYNTHETIC DEMO - NOT REAL GPS,Low
India_008680_jpg.rf.ca2ef30c4ff30bfe966c3d599d75d528,5,D40,0.517649,0.856642,0.0949422,0.0476341,0.130672,2,0.261344,20.29245139583018,85.79208636888187,NH-16 (DEMO),SEG-049,2026-09-28,SYNTHETIC DEMO - NOT REAL GPS,Low
India_008680_jpg.rf.ca2ef30c4ff30bfe966c3d599d75d528,4,D20,0.726692,0.905594,0.546616,0.187178,0.111626,2,0.223252,20.18550952668629,85.74635298247854,NH-16 (DEMO),SEG-049,2026-09-28,SYNTHETIC DEMO - NOT REAL GPS,Low
India_008680_jpg.rf.ca2ef30c4ff30bfe966c3d599d75d528,4,D20,0.548589,0.881948,0.564107,0.234417,0.0688798,2,0.1377596,20.314044495938465,85.7660931316697,NH-16 (DEMO),SEG-049,2026-09-28,SYNTHETIC DEMO - NOT REAL GPS,Low
India_008680_jpg.rf.ca2ef30c4ff30bfe966c3d599d75d528,4,D20,0.474309,0.854669,0.932765,0.290662,0.0659182,2,0.1318364,20.286112155315607,85.8015982287219,NH-16 (DEMO),SEG-049,2026-09-28,SYNTHETIC DEMO - NOT REAL GPS,Low
India_008680_jpg.rf.ca2ef30c4ff30bfe966c3d599d75d528,0,D00,0.509801,0.906583,0.10659,0.183475,0.0569874,3,0.1709622,20.18097933713742,85.85386899503642,NH-16 (DEMO),SEG-049,2026-09-28,SYNTHETIC DEMO - NOT REAL GPS,Low
India_008680_jpg.rf.ca2ef30c4ff30bfe966c3d599d75d528,4,D20,0.858588,0.916526,0.210963,0.165806,0.0544236,2,0.1088472,20.280695529805705,85.74748050337095,NH-16 (DEMO),SEG-049,2026-09-28,SYNTHETIC DEMO - NOT REAL GPS,Low
India_008706_jpg.rf.37789d00b41e4bbc51ff028459cbfa81,4,D20,0.413537,0.781094,0.80278,0.226949,0.433605,2,0.86721,20.271060566747412,85.81794398011353,NH-16 (DEMO),SEG-049,2026-09-28,SYNTHETIC DEMO - NOT REAL GPS,Medium
India_008706_jpg.rf.37789d00b41e4bbc51ff028459cbfa81,4,D20,0.578061,0.791589,0.488722,0.233385,0.0873568,2,0.1747136,20.291175909238387,85.84053897823209,NH-16 (DEMO),SEG-049,2026-09-28,SYNTHETIC DEMO - NOT REAL GPS,Low
India_008730_jpg.rf.d77e7a97ff02eda6d01bc5f996498269,4,D20,0.184346,0.862054,0.368692,0.275859,0.073318,2,0.146636,20.302511656398295,85.86976760325356,NH-16 (DEMO),SEG-049,2026-09-28,SYNTHETIC DEMO - NOT REAL GPS,Low
India_008743_jpg.rf.30eb95f56620f7acfd6852ddef72991e,7,D44,0.859822,0.904027,0.153186,0.123775,0.253712,3,0.761136,20.284936090107706,85.73867259066861,NH-16 (DEMO),SEG-049,2026-09-28,SYNTHETIC DEMO - NOT REAL GPS,Medium
India_008753_jpg.rf.117c33cfa14b22a2a3e347c92488ef06,4,D20,0.515179,0.812981,0.953791,0.248531,0.296824,2,0.593648,20.263788207243355,85.86822266146632,NH-16 (DEMO),SEG-049,2026-09-28,SYNTHETIC DEMO - NOT REAL GPS,Medium
India_008753_jpg.rf.117c33cfa14b22a2a3e347c92488ef06,4,D20,0.397924,0.833173,0.778165,0.293148,0.135958,2,0.271916,20.221594130973084,85.81623480562791,NH-16 (DEMO),SEG-049,2026-09-28,SYNTHETIC DEMO - NOT REAL GPS,Low
India_008753_jpg.rf.117c33cfa14b22a2a3e347c92488ef06,4,D20,0.226522,0.854178,0.449389,0.28349,0.0897294,2,0.1794588,20.28156378589279,85.84267225398916,NH-16 (DEMO),SEG-049,2026-09-28,SYNTHETIC DEMO - NOT REAL GPS,Low
India_008753_jpg.rf.117c33cfa14b22a2a3e347c92488ef06,5,D40,0.260372,0.848119,0.504003,0.302245,0.0867024,2,0.1734048,20.323115453540925,85.72860395353096,NH-16 (DEMO),SEG-049,2026-09-28,SYNTHETIC DEMO - NOT REAL GPS,Low
India_008753_jpg.rf.117c33cfa14b22a2a3e347c92488ef06,4,D20,0.59855,0.788344,0.79513,0.224222,0.0562996,2,0.1125992,20.26400348488462,85.80098370490249,NH-16 (DEMO),SEG-049,2026-09-28,SYNTHETIC DEMO - NOT REAL GPS,Low
India_008757_jpg.rf.daacf42a6299a65f2ead82f1c1a435b2,4,D20,0.503046,0.7907,0.96753,0.411425,0.0690742,2,0.1381484,20.276295178949482,85.81962074785292,NH-16 (DEMO),SEG-049,2026-09-28,SYNTHETIC DEMO - NOT REAL GPS,Low
India_008769_jpg.rf.a1e7d44a01ef3ab4896d6a50b23ba3b8,7,D44,0.922342,0.781956,0.154675,0.127572,0.0772559,3,0.2317677,20.23994048675197,85.76909341437965,NH-16 (DEMO),SEG-049,2026-09-28,SYNTHETIC DEMO - NOT REAL GPS,Low
India_008796_jpg.rf.e88dcbf64e8c8504e9bab071bbc9a7a1,7,D44,0.685177,0.820528,0.107311,0.10477,0.322362,3,0.967086,20.29097932955889,85.7890640332962,NH-16 (DEMO),SEG-049,2026-09-28,SYNTHETIC DEMO - NOT REAL GPS,Medium
India_008810_jpg.rf.55cbfb376b4e6f156bd5fa0170782fc4,4,D20,0.795859,0.84988,0.377715,0.277537,0.0746362,2,0.1492724,20.32962678277418,85.80868770164473,NH-16 (DEMO),SEG-049,2026-09-28,SYNTHETIC DEMO - NOT REAL GPS,Low
India_008810_jpg.rf.55cbfb376b4e6f156bd5fa0170782fc4,4,D20,0.73078,0.834033,0.272299,0.293763,0.067812,2,0.135624,20.195662291850837,85.80840767036368,NH-16 (DEMO),SEG-049,2026-09-28,SYNTHETIC DEMO - NOT REAL GPS,Low
India_008810_jpg.rf.55cbfb376b4e6f156bd5fa0170782fc4,4,D20,0.623834,0.850363,0.749727,0.277855,0.0600051,2,0.1200102,20.2023848447206,85.72669784406509,NH-16 (DEMO),SEG-049,2026-09-28,SYNTHETIC DEMO - NOT REAL GPS,Low
India_008828_jpg.rf.0722881cbcffb272c00e85a6056bd476,5,D40,0.68642,0.896346,0.0742808,0.0458862,0.0728455,2,0.145691,20.256310041386303,85.79031708265262,NH-16 (DEMO),SEG-049,2026-09-28,SYNTHETIC DEMO - NOT REAL GPS,Low
India_008832_jpg.rf.d43dd819f303724a7dc99cd3f9a96acd,4,D20,0.55936,0.829767,0.845461,0.260981,0.806158,2,1.612316,20.247020063561866,85.75421090476675,NH-16 (DEMO),SEG-049,2026-09-28,SYNTHETIC DEMO - NOT REAL GPS,High
India_008832_jpg.rf.d43dd819f303724a7dc99cd3f9a96acd,4,D20,0.69401,0.82844,0.61198,0.265617,0.266152,2,0.532304,20.261451165521073,85.86667121249366,NH-16 (DEMO),SEG-049,2026-09-28,SYNTHETIC DEMO - NOT REAL GPS,Medium
India_008832_jpg.rf.d43dd819f303724a7dc99cd3f9a96acd,4,D20,0.809596,0.823336,0.367418,0.240671,0.196047,2,0.392094,20.177851847635885,85.87625279841973,NH-16 (DEMO),SEG-049,2026-09-28,SYNTHETIC DEMO - NOT REAL GPS,Low
India_008832_jpg.rf.d43dd819f303724a7dc99cd3f9a96acd,7,D44,0.825822,0.865997,0.12568,0.143494,0.183315,3,0.549945,20.23468423301287,85.76794350341633,NH-16 (DEMO),SEG-049,2026-09-28,SYNTHETIC DEMO - NOT REAL GPS,Medium
India_008832_jpg.rf.d43dd819f303724a7dc99cd3f9a96acd,4,D20,0.508039,0.870116,0.95881,0.259768,0.146808,2,0.293616,20.26327652193049,85.74802966356016,NH-16 (DEMO),SEG-049,2026-09-28,SYNTHETIC DEMO - NOT REAL GPS,Low
India_008832_jpg.rf.d43dd819f303724a7dc99cd3f9a96acd,4,D20,0.396496,0.844871,0.767483,0.301404,0.0861005,2,0.172201,20.263630616208793,85.75512066415173,NH-16 (DEMO),SEG-049,2026-09-28,SYNTHETIC DEMO - NOT REAL GPS,Low
India_008832_jpg.rf.d43dd819f303724a7dc99cd3f9a96acd,4,D20,0.85646,0.834356,0.28708,0.235643,0.0510999,2,0.1021998,20.27517343388294,85.79644036085647,NH-16 (DEMO),SEG-050,2026-09-28,SYNTHETIC DEMO - NOT REAL GPS,Low
India_008889_jpg.rf.b9e15f6a31236e4bb1db367befe32331,4,D20,0.497261,0.828725,0.931786,0.285172,0.700212,2,1.400424,20.285234564640426,85.85992089585811,NH-16 (DEMO),SEG-050,2026-09-28,SYNTHETIC DEMO - NOT REAL GPS,Medium
India_008889_jpg.rf.b9e15f6a31236e4bb1db367befe32331,4,D20,0.450468,0.871062,0.898776,0.257875,0.0923115,2,0.184623,20.272647552534536,85.80000579439002,NH-16 (DEMO),SEG-050,2026-09-28,SYNTHETIC DEMO - NOT REAL GPS,Low
India_008890_jpg.rf.cb085ae14603d8b8a67b3fa4a5ba33eb,4,D20,0.460356,0.841516,0.906543,0.297079,0.0733576,2,0.1467152,20.29643890486231,85.72886272987445,NH-16 (DEMO),SEG-050,2026-09-28,SYNTHETIC DEMO - NOT REAL GPS,Low
India_008890_jpg.rf.cb085ae14603d8b8a67b3fa4a5ba33eb,7,D44,0.541722,0.740079,0.140761,0.129046,0.0521715,3,0.1565145,20.269961701549533,85.7263816964341,NH-16 (DEMO),SEG-050,2026-09-28,SYNTHETIC DEMO - NOT REAL GPS,Low
India_008950_jpg.rf.6d46eb247fd1c37bfb2e9b7c44a250fb,5,D40,0.574075,0.848787,0.087075,0.072841,0.149808,2,0.299616,20.256001226005953,85.75638255129965,NH-16 (DEMO),SEG-050,2026-09-28,SYNTHETIC DEMO - NOT REAL GPS,Low
India_008950_jpg.rf.6d46eb247fd1c37bfb2e9b7c44a250fb,5,D40,0.700235,0.929751,0.160884,0.0977652,0.0802963,2,0.1605926,20.26699142862205,85.85484340441751,NH-16 (DEMO),SEG-050,2026-09-28,SYNTHETIC DEMO - NOT REAL GPS,Low
India_008950_jpg.rf.6d46eb247fd1c37bfb2e9b7c44a250fb,4,D20,0.570986,0.883101,0.844254,0.230285,0.0772957,2,0.1545914,20.186190938680532,85.81943688920562,NH-16 (DEMO),SEG-050,2026-09-28,SYNTHETIC DEMO - NOT REAL GPS,Low
India_008950_jpg.rf.6d46eb247fd1c37bfb2e9b7c44a250fb,7,D44,0.591129,0.84044,0.0733785,0.0716194,0.0756078,3,0.2268234,20.213705046516083,85.8100732566058,NH-16 (DEMO),SEG-050,2026-09-28,SYNTHETIC DEMO - NOT REAL GPS,Low
India_008950_jpg.rf.6d46eb247fd1c37bfb2e9b7c44a250fb,5,D40,0.576734,0.840831,0.0972912,0.0940019,0.0726991,2,0.1453982,20.2543839649053,85.77103513481322,NH-16 (DEMO),SEG-050,2026-09-28,SYNTHETIC DEMO - NOT REAL GPS,Low
India_008950_jpg.rf.6d46eb247fd1c37bfb2e9b7c44a250fb,5,D40,0.696891,0.932018,0.327364,0.135964,0.0694641,2,0.1389282,20.309677954464274,85.8687080648074,NH-16 (DEMO),SEG-050,2026-09-28,SYNTHETIC DEMO - NOT REAL GPS,Low
India_008959_jpg.rf.2622f542edbd1c6475c336a44423209b,7,D44,0.413858,0.688129,0.137744,0.119697,0.192633,3,0.5778989999999999,20.27864824900608,85.77298851919394,NH-16 (DEMO),SEG-050,2026-09-28,SYNTHETIC DEMO - NOT REAL GPS,Medium
India_008960_jpg.rf.6968aca48b1ccf22e88f9a6a36cf78c9,4,D20,0.51995,0.71671,0.267117,0.242254,0.254349,2,0.508698,20.184465292555505,85.85359110602447,NH-16 (DEMO),SEG-050,2026-09-28,SYNTHETIC DEMO - NOT REAL GPS,Medium
India_008960_jpg.rf.6968aca48b1ccf22e88f9a6a36cf78c9,0,D00,0.606976,0.721596,0.0559267,0.19584,0.145258,3,0.435774,20.264763992071106,85.86334456287614,NH-16 (DEMO),SEG-050,2026-09-28,SYNTHETIC DEMO - NOT REAL GPS,Low
India_008960_jpg.rf.6968aca48b1ccf22e88f9a6a36cf78c9,0,D00,0.597152,0.707906,0.0958992,0.230471,0.09427,3,0.28281,20.205478078021937,85.79733360211458,NH-16 (DEMO),SEG-050,2026-09-28,SYNTHETIC DEMO - NOT REAL GPS,Low
India_008960_jpg.rf.6968aca48b1ccf22e88f9a6a36cf78c9,4,D20,0.461379,0.726267,0.401041,0.24207,0.0738677,2,0.1477354,20.287442649566195,85.86308628311691,NH-16 (DEMO),SEG-050,2026-09-28,SYNTHETIC DEMO - NOT REAL GPS,Low
India_008960_jpg.rf.6968aca48b1ccf22e88f9a6a36cf78c9,4,D20,0.414272,0.736326,0.657922,0.252911,0.0721632,2,0.1443264,20.3023905364014,85.76428852598256,NH-16 (DEMO),SEG-050,2026-09-28,SYNTHETIC DEMO - NOT REAL GPS,Low
India_008960_jpg.rf.6968aca48b1ccf22e88f9a6a36cf78c9,4,D20,0.559565,0.713655,0.165576,0.250708,0.0712326,2,0.1424652,20.264953003614394,85.82534934818932,NH-16 (DEMO),SEG-050,2026-09-28,SYNTHETIC DEMO - NOT REAL GPS,Low
India_008973_jpg.rf.1d4495d386e5504f3a9b6cf135983363,7,D44,0.699534,0.93685,0.161373,0.114982,0.65951,3,1.97853,20.264618017560274,85.7340741997639,NH-16 (DEMO),SEG-050,2026-09-28,SYNTHETIC DEMO - NOT REAL GPS,High
India_008973_jpg.rf.1d4495d386e5504f3a9b6cf135983363,7,D44,0.684921,0.925739,0.148026,0.0959511,0.0694904,3,0.2084711999999999,20.22417463091373,85.79582947425477,NH-16 (DEMO),SEG-050,2026-09-28,SYNTHETIC DEMO - NOT REAL GPS,Low
India_008973_jpg.rf.1d4495d386e5504f3a9b6cf135983363,7,D44,0.653794,0.910918,0.0898983,0.0513428,0.0684354,3,0.2053062,20.24140000338581,85.75477308834533,NH-16 (DEMO),SEG-050,2026-09-28,SYNTHETIC DEMO - NOT REAL GPS,Low
India_009009_jpg.rf.1802c4186563ef82bee63c1fe9ddb415,5,D40,0.578052,0.730541,0.563465,0.257156,0.522187,2,1.044374,20.308257336610456,85.7300421244689,NH-16 (DEMO),SEG-050,2026-09-28,SYNTHETIC DEMO - NOT REAL GPS,Medium
India_009009_jpg.rf.1802c4186563ef82bee63c1fe9ddb415,4,D20,0.542241,0.750871,0.880535,0.261122,0.450295,2,0.90059,20.285731252954744,85.72059608129241,NH-16 (DEMO),SEG-050,2026-09-28,SYNTHETIC DEMO - NOT REAL GPS,Medium
India_009009_jpg.rf.1802c4186563ef82bee63c1fe9ddb415,5,D40,0.523284,0.708167,0.521537,0.241513,0.40658,2,0.81316,20.253160585551335,85.77196033863052,NH-16 (DEMO),SEG-050,2026-09-28,SYNTHETIC DEMO - NOT REAL GPS,Medium
India_009009_jpg.rf.1802c4186563ef82bee63c1fe9ddb415,5,D40,0.600708,0.692854,0.524984,0.205234,0.386576,2,0.773152,20.22891718179974,85.81432489512588,NH-16 (DEMO),SEG-050,2026-09-28,SYNTHETIC DEMO - NOT REAL GPS,Medium
India_009009_jpg.rf.1802c4186563ef82bee63c1fe9ddb415,5,D40,0.656097,0.717127,0.561727,0.217006,0.281697,2,0.563394,20.17806075812617,85.79283685562419,NH-16 (DEMO),SEG-050,2026-09-28,SYNTHETIC DEMO - NOT REAL GPS,Medium
India_009009_jpg.rf.1802c4186563ef82bee63c1fe9ddb415,5,D40,0.611945,0.691795,0.183364,0.0669434,0.184967,2,0.369934,20.192881184212222,85.76828308776312,NH-16 (DEMO),SEG-050,2026-09-28,SYNTHETIC DEMO - NOT REAL GPS,Low
India_009009_jpg.rf.1802c4186563ef82bee63c1fe9ddb415,5,D40,0.583361,0.689743,0.24606,0.0865351,0.175011,2,0.350022,20.2008840303263,85.8785920049242,NH-16 (DEMO),SEG-050,2026-09-28,SYNTHETIC DEMO - NOT REAL GPS,Low
India_009009_jpg.rf.1802c4186563ef82bee63c1fe9ddb415,4,D20,0.455455,0.802846,0.898247,0.266869,0.166467,2,0.332934,20.229741366921388,85.87032400639674,NH-16 (DEMO),SEG-050,2026-09-28,SYNTHETIC DEMO - NOT REAL GPS,Low
India_009009_jpg.rf.1802c4186563ef82bee63c1fe9ddb415,5,D40,0.471583,0.737998,0.495801,0.274371,0.140635,2,0.28127,20.321062983532205,85.740104529094,NH-16 (DEMO),SEG-050,2026-09-28,SYNTHETIC DEMO - NOT REAL GPS,Low
India_009009_jpg.rf.1802c4186563ef82bee63c1fe9ddb415,4,D20,0.38878,0.838242,0.761951,0.306686,0.140304,2,0.280608,20.2508245431774,85.78641718826695,NH-16 (DEMO),SEG-050,2026-09-28,SYNTHETIC DEMO - NOT REAL GPS,Low
India_009009_jpg.rf.1802c4186563ef82bee63c1fe9ddb415,5,D40,0.648791,0.669663,0.162117,0.0953508,0.122955,2,0.24591,20.20757442612148,85.82381550943897,NH-16 (DEMO),SEG-050,2026-09-28,SYNTHETIC DEMO - NOT REAL GPS,Low
India_009009_jpg.rf.1802c4186563ef82bee63c1fe9ddb415,5,D40,0.644662,0.691786,0.111977,0.0513622,0.118383,2,0.236766,20.186920021993842,85.83735852760479,NH-16 (DEMO),SEG-050,2026-09-28,SYNTHETIC DEMO - NOT REAL GPS,Low
India_009009_jpg.rf.1802c4186563ef82bee63c1fe9ddb415,5,D40,0.6009,0.675778,0.26173,0.138596,0.114709,2,0.229418,20.224128883936473,85.77861954478551,NH-16 (DEMO),SEG-050,2026-09-28,SYNTHETIC DEMO - NOT REAL GPS,Low
India_009009_jpg.rf.1802c4186563ef82bee63c1fe9ddb415,5,D40,0.289664,0.834928,0.579329,0.251857,0.104749,2,0.209498,20.30051690168817,85.83940509003766,NH-16 (DEMO),SEG-050,2026-09-28,SYNTHETIC DEMO - NOT REAL GPS,Low
India_009009_jpg.rf.1802c4186563ef82bee63c1fe9ddb415,5,D40,0.332671,0.80575,0.595401,0.203643,0.0953649,2,0.1907298,20.231334846945682,85.7398640020657,NH-16 (DEMO),SEG-050,2026-09-28,SYNTHETIC DEMO - NOT REAL GPS,Low
India_009009_jpg.rf.1802c4186563ef82bee63c1fe9ddb415,5,D40,0.736455,0.73826,0.520661,0.229994,0.0947981,2,0.1895962,20.293600928963585,85.77309002004122,NH-16 (DEMO),SEG-050,2026-09-28,SYNTHETIC DEMO - NOT REAL GPS,Low
India_009009_jpg.rf.1802c4186563ef82bee63c1fe9ddb415,5,D40,0.576862,0.678557,0.334413,0.116409,0.0823072,2,0.1646144,20.2984327961803,85.83462930812094,NH-16 (DEMO),SEG-050,2026-09-28,SYNTHETIC DEMO - NOT REAL GPS,Low
India_009009_jpg.rf.1802c4186563ef82bee63c1fe9ddb415,5,D40,0.385345,0.757165,0.582354,0.240574,0.073152,2,0.146304,20.18773132315179,85.82010924644166,NH-16 (DEMO),SEG-050,2026-09-28,SYNTHETIC DEMO - NOT REAL GPS,Low
India_009009_jpg.rf.1802c4186563ef82bee63c1fe9ddb415,5,D40,0.53035,0.691979,0.379045,0.179121,0.0727623,2,0.1455246,20.267385560420287,85.85395363437786,NH-16 (DEMO),SEG-050,2026-09-28,SYNTHETIC DEMO - NOT REAL GPS,Low
India_009009_jpg.rf.1802c4186563ef82bee63c1fe9ddb415,5,D40,0.582715,0.67248,0.344203,0.162752,0.0722308,2,0.1444616,20.323455370139378,85.72749712362675,NH-16 (DEMO),SEG-050,2026-09-28,SYNTHETIC DEMO - NOT REAL GPS,Low
India_009009_jpg.rf.1802c4186563ef82bee63c1fe9ddb415,4,D20,0.228632,0.859294,0.44811,0.277774,0.0657716,2,0.1315432,20.23434209198457,85.74790267485169,NH-16 (DEMO),SEG-050,2026-09-28,SYNTHETIC DEMO - NOT REAL GPS,Low
India_009009_jpg.rf.1802c4186563ef82bee63c1fe9ddb415,5,D40,0.620546,0.63111,0.0899454,0.0428013,0.061064,2,0.122128,20.178151054240484,85.72775913316352,NH-16 (DEMO),SEG-050,2026-09-28,SYNTHETIC DEMO - NOT REAL GPS,Low
India_009009_jpg.rf.1802c4186563ef82bee63c1fe9ddb415,5,D40,0.551483,0.674991,0.455716,0.17669,0.0547089,2,0.1094178,20.31772843044126,85.75073827587987,NH-16 (DEMO),SEG-050,2026-09-28,SYNTHETIC DEMO - NOT REAL GPS,Low
India_009015_jpg.rf.28586ed87181acab32104c3854712a4f,4,D20,0.508408,0.897341,0.95961,0.204956,0.162662,2,0.325324,20.3113866050516,85.72068524970126,NH-16 (DEMO),SEG-050,2026-09-28,SYNTHETIC DEMO - NOT REAL GPS,Low
India_009018_jpg.rf.ec2386239594932e764c0775ab518237,4,D20,0.570983,0.81201,0.842063,0.29172,0.999108,2,1.998216,20.25354263155344,85.80067364826861,NH-16 (DEMO),SEG-050,2026-09-28,SYNTHETIC DEMO - NOT REAL GPS,High
India_009018_jpg.rf.ec2386239594932e764c0775ab518237,4,D20,0.650932,0.79501,0.519079,0.313025,0.986528,2,1.973056,20.25836049925504,85.80453030329092,NH-16 (DEMO),SEG-050,2026-09-28,SYNTHETIC DEMO - NOT REAL GPS,High
India_009018_jpg.rf.ec2386239594932e764c0775ab518237,4,D20,0.572819,0.789355,0.508151,0.336321,0.904378,2,1.808756,20.20387857644418,85.82526268502495,NH-16 (DEMO),SEG-050,2026-09-28,SYNTHETIC DEMO - NOT REAL GPS,High
India_009018_jpg.rf.ec2386239594932e764c0775ab518237,4,D20,0.730508,0.813261,0.535182,0.286327,0.753132,2,1.506264,20.301112120887144,85.78158599155216,NH-16 (DEMO),SEG-050,2026-09-28,SYNTHETIC DEMO - NOT REAL GPS,High
India_009018_jpg.rf.ec2386239594932e764c0775ab518237,4,D20,0.458665,0.822528,0.820328,0.337199,0.462278,2,0.924556,20.24977600614274,85.72051323050962,NH-16 (DEMO),SEG-050,2026-09-28,SYNTHETIC DEMO - NOT REAL GPS,Medium
India_009018_jpg.rf.ec2386239594932e764c0775ab518237,4,D20,0.499679,0.86425,0.926563,0.246838,0.406133,2,0.812266,20.17542044722281,85.82782258470522,NH-16 (DEMO),SEG-051,2026-09-28,SYNTHETIC DEMO - NOT REAL GPS,Medium
India_009018_jpg.rf.ec2386239594932e764c0775ab518237,4,D20,0.585671,0.715749,0.455235,0.226815,0.317059,2,0.634118,20.27928239303184,85.72868657403966,NH-16 (DEMO),SEG-051,2026-09-28,SYNTHETIC DEMO - NOT REAL GPS,Medium
India_009018_jpg.rf.ec2386239594932e764c0775ab518237,4,D20,0.802848,0.82864,0.391984,0.268376,0.190401,2,0.380802,20.322079403168434,85.85858726893083,NH-16 (DEMO),SEG-051,2026-09-28,SYNTHETIC DEMO - NOT REAL GPS,Low
India_009018_jpg.rf.ec2386239594932e764c0775ab518237,4,D20,0.484856,0.825363,0.603924,0.258523,0.157152,2,0.314304,20.30266407845532,85.72362463803327,NH-16 (DEMO),SEG-051,2026-09-28,SYNTHETIC DEMO - NOT REAL GPS,Low
India_009018_jpg.rf.ec2386239594932e764c0775ab518237,5,D40,0.498067,0.685947,0.297575,0.092466,0.133378,2,0.266756,20.214351702433685,85.80487601972106,NH-16 (DEMO),SEG-051,2026-09-28,SYNTHETIC DEMO - NOT REAL GPS,Low
India_009018_jpg.rf.ec2386239594932e764c0775ab518237,5,D40,0.471343,0.681507,0.139998,0.0889507,0.132184,2,0.264368,20.178532013589333,85.86318686118167,NH-16 (DEMO),SEG-051,2026-09-28,SYNTHETIC DEMO - NOT REAL GPS,Low
India_009018_jpg.rf.ec2386239594932e764c0775ab518237,5,D40,0.528737,0.675016,0.312967,0.128188,0.130564,2,0.261128,20.320456226006108,85.8115983321262,NH-16 (DEMO),SEG-051,2026-09-28,SYNTHETIC DEMO - NOT REAL GPS,Low
India_009018_jpg.rf.ec2386239594932e764c0775ab518237,5,D40,0.44816,0.697458,0.124685,0.0631872,0.090213,2,0.180426,20.319930035980754,85.81734667944703,NH-16 (DEMO),SEG-051,2026-09-28,SYNTHETIC DEMO - NOT REAL GPS,Low
India_009018_jpg.rf.ec2386239594932e764c0775ab518237,4,D20,0.55008,0.684194,0.316079,0.155004,0.0693271,2,0.1386542,20.25518645115406,85.82905773573398,NH-16 (DEMO),SEG-051,2026-09-28,SYNTHETIC DEMO - NOT REAL GPS,Low
India_009018_jpg.rf.ec2386239594932e764c0775ab518237,5,D40,0.534952,0.68688,0.223824,0.11183,0.0572506,2,0.1145012,20.272770785867447,85.73958541563687,NH-16 (DEMO),SEG-051,2026-09-28,SYNTHETIC DEMO - NOT REAL GPS,Low
India_009018_jpg.rf.ec2386239594932e764c0775ab518237,5,D40,0.566362,0.699377,0.262309,0.174631,0.0528296,2,0.1056592,20.24401600971373,85.82798833612969,NH-16 (DEMO),SEG-051,2026-09-28,SYNTHETIC DEMO - NOT REAL GPS,Low
India_009018_jpg.rf.ec2386239594932e764c0775ab518237,4,D20,0.570769,0.846565,0.563323,0.233116,0.0501344,2,0.1002688,20.237162458735803,85.86085678112205,NH-16 (DEMO),SEG-051,2026-09-28,SYNTHETIC DEMO - NOT REAL GPS,Low
India_009055_jpg.rf.4517f9a4ff8549e3c138f1f28536753d,4,D20,0.507988,0.733887,0.93045,0.266077,0.833918,2,1.667836,20.18911174974859,85.87587533325365,NH-16 (DEMO),SEG-051,2026-09-28,SYNTHETIC DEMO - NOT REAL GPS,High
India_009055_jpg.rf.4517f9a4ff8549e3c138f1f28536753d,4,D20,0.59268,0.769719,0.809815,0.240865,0.501991,2,1.003982,20.185480463737775,85.79088831989733,NH-16 (DEMO),SEG-051,2026-09-28,SYNTHETIC DEMO - NOT REAL GPS,Medium
India_009055_jpg.rf.4517f9a4ff8549e3c138f1f28536753d,4,D20,0.698846,0.755778,0.528557,0.235086,0.264365,2,0.52873,20.20723714346819,85.77512077626841,NH-16 (DEMO),SEG-051,2026-09-28,SYNTHETIC DEMO - NOT REAL GPS,Medium
India_009055_jpg.rf.4517f9a4ff8549e3c138f1f28536753d,4,D20,0.644802,0.733672,0.470277,0.254361,0.19734,2,0.39468,20.303862519425046,85.8405295384954,NH-16 (DEMO),SEG-051,2026-09-28,SYNTHETIC DEMO - NOT REAL GPS,Low
India_009055_jpg.rf.4517f9a4ff8549e3c138f1f28536753d,4,D20,0.751759,0.792666,0.489952,0.207804,0.161377,2,0.322754,20.193333168117707,85.80685988609525,NH-16 (DEMO),SEG-051,2026-09-28,SYNTHETIC DEMO - NOT REAL GPS,Low
India_009055_jpg.rf.4517f9a4ff8549e3c138f1f28536753d,4,D20,0.68886,0.791061,0.62228,0.23587,0.113427,2,0.226854,20.206271784306352,85.7611687447128,NH-16 (DEMO),SEG-051,2026-09-28,SYNTHETIC DEMO - NOT REAL GPS,Low
India_009055_jpg.rf.4517f9a4ff8549e3c138f1f28536753d,4,D20,0.51297,0.728292,0.577556,0.244954,0.10014,2,0.20028,20.257778249491555,85.74754526159515,NH-16 (DEMO),SEG-051,2026-09-28,SYNTHETIC DEMO - NOT REAL GPS,Low
India_009055_jpg.rf.4517f9a4ff8549e3c138f1f28536753d,5,D40,0.704899,0.752476,0.537923,0.267441,0.0721319,2,0.1442638,20.204420994892523,85.74723684809484,NH-16 (DEMO),SEG-051,2026-09-28,SYNTHETIC DEMO - NOT REAL GPS,Low
India_009056_jpg.rf.11c0866a88050a036147f4ab2e9fc33b,5,D40,0.455598,0.608606,0.106659,0.0499363,0.0503167,2,0.1006334,20.196113069554848,85.79346832585698,NH-16 (DEMO),SEG-051,2026-09-28,SYNTHETIC DEMO - NOT REAL GPS,Low
India_009075_jpg.rf.c27e433a119853fb6052cd35d17b73cf,4,D20,0.816295,0.822061,0.36741,0.267966,0.501636,2,1.003272,20.260130598671672,85.7472199048985,NH-16 (DEMO),SEG-051,2026-09-28,SYNTHETIC DEMO - NOT REAL GPS,Medium
India_009075_jpg.rf.c27e433a119853fb6052cd35d17b73cf,7,D44,0.805019,0.864157,0.166088,0.172143,0.372413,3,1.117239,20.22889492335946,85.72315503104184,NH-16 (DEMO),SEG-051,2026-09-28,SYNTHETIC DEMO - NOT REAL GPS,Medium
India_009075_jpg.rf.c27e433a119853fb6052cd35d17b73cf,4,D20,0.6328,0.823743,0.725093,0.28922,0.265646,2,0.531292,20.270185485734476,85.72833420399515,NH-16 (DEMO),SEG-051,2026-09-28,SYNTHETIC DEMO - NOT REAL GPS,Medium
India_009075_jpg.rf.c27e433a119853fb6052cd35d17b73cf,7,D44,0.809334,0.881037,0.138963,0.144639,0.157566,3,0.472698,20.315952854465387,85.86878152703247,NH-16 (DEMO),SEG-051,2026-09-28,SYNTHETIC DEMO - NOT REAL GPS,Low
India_009075_jpg.rf.c27e433a119853fb6052cd35d17b73cf,0,D00,0.800531,0.859254,0.184454,0.186096,0.0509782,3,0.1529346,20.19415890102961,85.73167381458562,NH-16 (DEMO),SEG-051,2026-09-28,SYNTHETIC DEMO - NOT REAL GPS,Low
India_009095_jpg.rf.1f529c40100e236846abecdcc0af8f52,4,D20,0.417082,0.846473,0.825171,0.307053,0.683346,2,1.366692,20.31614938557009,85.73170891049296,NH-16 (DEMO),SEG-051,2026-09-28,SYNTHETIC DEMO - NOT REAL GPS,Medium
India_009095_jpg.rf.1f529c40100e236846abecdcc0af8f52,4,D20,0.180901,0.871561,0.35629,0.256877,0.0612619,2,0.1225238,20.314398394787666,85.79219015128537,NH-16 (DEMO),SEG-051,2026-09-28,SYNTHETIC DEMO - NOT REAL GPS,Low
India_009095_jpg.rf.1f529c40100e236846abecdcc0af8f52,4,D20,0.297601,0.858214,0.595201,0.283573,0.0580749,2,0.1161498,20.302654013333743,85.7592160451736,NH-16 (DEMO),SEG-051,2026-09-28,SYNTHETIC DEMO - NOT REAL GPS,Low
India_009122_jpg.rf.66ff976b8e52824ebd130635212d68c8,4,D20,0.310259,0.820577,0.607629,0.282476,0.962389,2,1.924778,20.271005746768974,85.8740310163476,NH-16 (DEMO),SEG-051,2026-09-28,SYNTHETIC DEMO - NOT REAL GPS,High
India_009122_jpg.rf.66ff976b8e52824ebd130635212d68c8,4,D20,0.424124,0.827079,0.782189,0.280539,0.800865,2,1.60173,20.269223465194486,85.86575773431964,NH-16 (DEMO),SEG-051,2026-09-28,SYNTHETIC DEMO - NOT REAL GPS,High
India_009122_jpg.rf.66ff976b8e52824ebd130635212d68c8,4,D20,0.39392,0.815276,0.346109,0.214126,0.559475,2,1.11895,20.27227402558984,85.7847589197874,NH-16 (DEMO),SEG-051,2026-09-28,SYNTHETIC DEMO - NOT REAL GPS,Medium
India_009122_jpg.rf.66ff976b8e52824ebd130635212d68c8,4,D20,0.345621,0.827001,0.492393,0.215294,0.371357,2,0.742714,20.28047928819485,85.7917970431066,NH-16 (DEMO),SEG-051,2026-09-28,SYNTHETIC DEMO - NOT REAL GPS,Medium
India_009122_jpg.rf.66ff976b8e52824ebd130635212d68c8,5,D40,0.430629,0.760079,0.0624261,0.0371791,0.143457,2,0.286914,20.172637152095387,85.78001818449209,NH-16 (DEMO),SEG-051,2026-09-28,SYNTHETIC DEMO - NOT REAL GPS,Low
India_009122_jpg.rf.66ff976b8e52824ebd130635212d68c8,4,D20,0.356721,0.86543,0.713442,0.243662,0.104574,2,0.209148,20.323294812665704,85.7260585786629,NH-16 (DEMO),SEG-051,2026-09-28,SYNTHETIC DEMO - NOT REAL GPS,Low
India_009122_jpg.rf.66ff976b8e52824ebd130635212d68c8,4,D20,0.468304,0.794838,0.178795,0.166387,0.0778546,2,0.1557092,20.263696601834493,85.76685549428075,NH-16 (DEMO),SEG-051,2026-09-28,SYNTHETIC DEMO - NOT REAL GPS,Low
India_009122_jpg.rf.66ff976b8e52824ebd130635212d68c8,5,D40,0.442831,0.771302,0.0996084,0.0866217,0.0676341,2,0.1352682,20.29503453430439,85.73962775513792,NH-16 (DEMO),SEG-051,2026-09-28,SYNTHETIC DEMO - NOT REAL GPS,Low
India_009122_jpg.rf.66ff976b8e52824ebd130635212d68c8,4,D20,0.439492,0.793863,0.354563,0.220972,0.0633322,2,0.1266644,20.23036509424982,85.73637925280242,NH-16 (DEMO),SEG-051,2026-09-28,SYNTHETIC DEMO - NOT REAL GPS,Low
India_009151_jpg.rf.9b52ed6fb7f9b6fc12a78bd0304da2ef,5,D40,0.572254,0.712603,0.0843464,0.0433214,0.211562,2,0.423124,20.17198355422653,85.80973785166982,NH-16 (DEMO),SEG-051,2026-09-28,SYNTHETIC DEMO - NOT REAL GPS,Low
India_009151_jpg.rf.9b52ed6fb7f9b6fc12a78bd0304da2ef,5,D40,0.580489,0.713083,0.0926195,0.0549131,0.185788,2,0.371576,20.25155754558023,85.73580237723417,NH-16 (DEMO),SEG-051,2026-09-28,SYNTHETIC DEMO - NOT REAL GPS,Low
India_009151_jpg.rf.9b52ed6fb7f9b6fc12a78bd0304da2ef,5,D40,0.586901,0.712234,0.105624,0.0708828,0.0944618,2,0.1889236,20.25115041909055,85.73646901180724,NH-16 (DEMO),SEG-051,2026-09-28,SYNTHETIC DEMO - NOT REAL GPS,Low
India_009151_jpg.rf.9b52ed6fb7f9b6fc12a78bd0304da2ef,5,D40,0.590901,0.702111,0.121278,0.0767095,0.0578899,2,0.1157798,20.239918286129832,85.7968821943711,NH-16 (DEMO),SEG-051,2026-09-28,SYNTHETIC DEMO - NOT REAL GPS,Low
India_009152_jpg.rf.d80d6a25d675b8e87a535067a3b3e1e9,7,D44,0.914404,0.872749,0.166139,0.113084,0.190415,3,0.571245,20.224354728665933,85.79076517841962,NH-16 (DEMO),SEG-051,2026-09-28,SYNTHETIC DEMO - NOT REAL GPS,Medium
India_009152_jpg.rf.d80d6a25d675b8e87a535067a3b3e1e9,7,D44,0.344987,0.911706,0.101799,0.137813,0.0561877,3,0.1685631,20.209972174049554,85.74202156562117,NH-16 (DEMO),SEG-051,2026-09-28,SYNTHETIC DEMO - NOT REAL GPS,Low
India_009167_jpg.rf.d6728513930e69902b70b66f8ef1d60b,4,D20,0.43761,0.731746,0.758694,0.248771,0.871207,2,1.742414,20.25440717991955,85.72071184396941,NH-16 (DEMO),SEG-051,2026-09-28,SYNTHETIC DEMO - NOT REAL GPS,High
India_009167_jpg.rf.d6728513930e69902b70b66f8ef1d60b,4,D20,0.479256,0.746017,0.481454,0.205812,0.595568,2,1.191136,20.23004450235096,85.75087591068285,NH-16 (DEMO),SEG-051,2026-09-28,SYNTHETIC DEMO - NOT REAL GPS,Medium
India_009167_jpg.rf.d6728513930e69902b70b66f8ef1d60b,4,D20,0.45982,0.730256,0.369818,0.225428,0.327126,2,0.654252,20.325189101287968,85.75774276066912,NH-16 (DEMO),SEG-051,2026-09-28,SYNTHETIC DEMO - NOT REAL GPS,Medium
India_009167_jpg.rf.d6728513930e69902b70b66f8ef1d60b,4,D20,0.523645,0.73688,0.215123,0.181459,0.114115,2,0.22823,20.19766836924271,85.84803975097742,NH-16 (DEMO),SEG-051,2026-09-28,SYNTHETIC DEMO - NOT REAL GPS,Low
India_009167_jpg.rf.d6728513930e69902b70b66f8ef1d60b,4,D20,0.445236,0.757359,0.409125,0.167305,0.0686562,2,0.1373124,20.221146490820335,85.86647013608435,NH-16 (DEMO),SEG-051,2026-09-28,SYNTHETIC DEMO - NOT REAL GPS,Low
India_009167_jpg.rf.d6728513930e69902b70b66f8ef1d60b,4,D20,0.603427,0.735892,0.479353,0.202239,0.0606741,2,0.1213482,20.21703367534793,85.78495110359808,NH-16 (DEMO),SEG-051,2026-09-28,SYNTHETIC DEMO - NOT REAL GPS,Low
India_009167_jpg.rf.d6728513930e69902b70b66f8ef1d60b,0,D00,0.479565,0.712967,0.0900825,0.220965,0.0597198,3,0.1791594,20.256929468197754,85.78480427624015,NH-16 (DEMO),SEG-052,2026-09-28,SYNTHETIC DEMO - NOT REAL GPS,Low
India_009167_jpg.rf.d6728513930e69902b70b66f8ef1d60b,4,D20,0.371815,0.756617,0.546877,0.190779,0.0584138,2,0.1168276,20.249884841115865,85.83399700540157,NH-16 (DEMO),SEG-052,2026-09-28,SYNTHETIC DEMO - NOT REAL GPS,Low
India_009172_jpg.rf.5156d50fe286201204da415f59e20269,4,D20,0.433155,0.842967,0.835541,0.292934,0.45455,2,0.9091,20.272998474467883,85.82030752251275,NH-16 (DEMO),SEG-052,2026-09-28,SYNTHETIC DEMO - NOT REAL GPS,Medium
India_009173_jpg.rf.ec3a16264e74e56e9a7e0c9f86a58725,5,D40,0.301883,0.461814,0.503795,0.241779,0.370631,2,0.741262,20.322000283291874,85.74946242987095,NH-16 (DEMO),SEG-052,2026-09-28,SYNTHETIC DEMO - NOT REAL GPS,Medium
India_009173_jpg.rf.ec3a16264e74e56e9a7e0c9f86a58725,4,D20,0.402174,0.47171,0.774476,0.234954,0.157159,2,0.314318,20.215635373679017,85.73723025956734,NH-16 (DEMO),SEG-052,2026-09-28,SYNTHETIC DEMO - NOT REAL GPS,Low
India_009173_jpg.rf.ec3a16264e74e56e9a7e0c9f86a58725,5,D40,0.353801,0.391718,0.175793,0.0756398,0.118355,2,0.23671,20.2808434510808,85.7900179025048,NH-16 (DEMO),SEG-052,2026-09-28,SYNTHETIC DEMO - NOT REAL GPS,Low
India_009173_jpg.rf.ec3a16264e74e56e9a7e0c9f86a58725,5,D40,0.435277,0.415227,0.188941,0.0893233,0.10822,2,0.21644,20.17400643248083,85.81037253810604,NH-16 (DEMO),SEG-052,2026-09-28,SYNTHETIC DEMO - NOT REAL GPS,Low
India_009173_jpg.rf.ec3a16264e74e56e9a7e0c9f86a58725,5,D40,0.385566,0.396488,0.237112,0.0827639,0.106616,2,0.213232,20.21198215563738,85.74219321650541,NH-16 (DEMO),SEG-052,2026-09-28,SYNTHETIC DEMO - NOT REAL GPS,Low
India_009173_jpg.rf.ec3a16264e74e56e9a7e0c9f86a58725,4,D20,0.32389,0.475811,0.497888,0.225626,0.10021,2,0.20042,20.244195156479456,85.76692375894535,NH-16 (DEMO),SEG-052,2026-09-28,SYNTHETIC DEMO - NOT REAL GPS,Low
India_009173_jpg.rf.ec3a16264e74e56e9a7e0c9f86a58725,4,D20,0.386352,0.463037,0.329723,0.209572,0.096568,2,0.193136,20.17495916615698,85.76895087942889,NH-16 (DEMO),SEG-052,2026-09-28,SYNTHETIC DEMO - NOT REAL GPS,Low
India_009173_jpg.rf.ec3a16264e74e56e9a7e0c9f86a58725,5,D40,0.484257,0.425104,0.0783259,0.0547747,0.0862542,2,0.1725084,20.268827113688584,85.76180771216386,NH-16 (DEMO),SEG-052,2026-09-28,SYNTHETIC DEMO - NOT REAL GPS,Low
India_009173_jpg.rf.ec3a16264e74e56e9a7e0c9f86a58725,5,D40,0.406362,0.412983,0.256103,0.114164,0.0848812,2,0.1697624,20.278529697344272,85.79372180260668,NH-16 (DEMO),SEG-052,2026-09-28,SYNTHETIC DEMO - NOT REAL GPS,Low
India_009173_jpg.rf.ec3a16264e74e56e9a7e0c9f86a58725,5,D40,0.411914,0.446986,0.266277,0.185399,0.0749116,2,0.1498232,20.289477074374087,85.82449017349116,NH-16 (DEMO),SEG-052,2026-09-28,SYNTHETIC DEMO - NOT REAL GPS,Low
India_009173_jpg.rf.ec3a16264e74e56e9a7e0c9f86a58725,5,D40,0.418834,0.911374,0.615923,0.175532,0.0693664,2,0.1387328,20.25265192077488,85.80150238137855,NH-16 (DEMO),SEG-052,2026-09-28,SYNTHETIC DEMO - NOT REAL GPS,Low
India_009173_jpg.rf.ec3a16264e74e56e9a7e0c9f86a58725,5,D40,0.370946,0.407758,0.319803,0.143106,0.0599855,2,0.119971,20.26663114639658,85.75223304995957,NH-16 (DEMO),SEG-052,2026-09-28,SYNTHETIC DEMO - NOT REAL GPS,Low
India_009214_jpg.rf.5cc9b4758e66cab6469823cdcb061af4,4,D20,0.552758,0.835636,0.847934,0.262009,0.966186,2,1.932372,20.233370440204556,85.73647024752758,NH-16 (DEMO),SEG-052,2026-09-28,SYNTHETIC DEMO - NOT REAL GPS,High
India_009214_jpg.rf.5cc9b4758e66cab6469823cdcb061af4,4,D20,0.651258,0.829998,0.449947,0.25899,0.846831,2,1.693662,20.17660048520105,85.85149927406378,NH-16 (DEMO),SEG-052,2026-09-28,SYNTHETIC DEMO - NOT REAL GPS,High
India_009214_jpg.rf.5cc9b4758e66cab6469823cdcb061af4,4,D20,0.719288,0.854635,0.475304,0.219988,0.540141,2,1.080282,20.18599229692392,85.79668874923485,NH-16 (DEMO),SEG-052,2026-09-28,SYNTHETIC DEMO - NOT REAL GPS,Medium
India_009214_jpg.rf.5cc9b4758e66cab6469823cdcb061af4,4,D20,0.504935,0.871275,0.949919,0.25745,0.454757,2,0.909514,20.274799347872236,85.72994226946142,NH-16 (DEMO),SEG-052,2026-09-28,SYNTHETIC DEMO - NOT REAL GPS,Medium
India_009214_jpg.rf.5cc9b4758e66cab6469823cdcb061af4,4,D20,0.5663,0.858023,0.622408,0.221892,0.237275,2,0.47455,20.329288847933725,85.76129943994393,NH-16 (DEMO),SEG-052,2026-09-28,SYNTHETIC DEMO - NOT REAL GPS,Low
India_009214_jpg.rf.5cc9b4758e66cab6469823cdcb061af4,4,D20,0.689428,0.8558,0.621144,0.25705,0.215698,2,0.431396,20.172528518266127,85.84864540454146,NH-16 (DEMO),SEG-052,2026-09-28,SYNTHETIC DEMO - NOT REAL GPS,Low
India_009214_jpg.rf.5cc9b4758e66cab6469823cdcb061af4,4,D20,0.605261,0.835384,0.298802,0.232275,0.0681045,2,0.136209,20.25921335949222,85.84027621196377,NH-16 (DEMO),SEG-052,2026-09-28,SYNTHETIC DEMO - NOT REAL GPS,Low
India_009215_jpg.rf.4403c882feb1a467b8b73f5d865d41c1,4,D20,0.737565,0.804385,0.384339,0.212716,0.357792,2,0.715584,20.29016140046121,85.86013066126358,NH-16 (DEMO),SEG-052,2026-09-28,SYNTHETIC DEMO - NOT REAL GPS,Medium
India_009215_jpg.rf.4403c882feb1a467b8b73f5d865d41c1,4,D20,0.684991,0.813288,0.348633,0.172826,0.281135,2,0.56227,20.302283972482222,85.81633405216027,NH-16 (DEMO),SEG-052,2026-09-28,SYNTHETIC DEMO - NOT REAL GPS,Medium
India_009215_jpg.rf.4403c882feb1a467b8b73f5d865d41c1,5,D40,0.599969,0.825721,0.0897241,0.127063,0.227026,2,0.454052,20.257232784195622,85.78766494949728,NH-16 (DEMO),SEG-052,2026-09-28,SYNTHETIC DEMO - NOT REAL GPS,Low
India_009215_jpg.rf.4403c882feb1a467b8b73f5d865d41c1,4,D20,0.650382,0.81974,0.194503,0.139391,0.191962,2,0.383924,20.269186556829457,85.7882615996087,NH-16 (DEMO),SEG-052,2026-09-28,SYNTHETIC DEMO - NOT REAL GPS,Low
India_009215_jpg.rf.4403c882feb1a467b8b73f5d865d41c1,5,D40,0.637318,0.822415,0.164254,0.135103,0.118746,2,0.237492,20.28147599124393,85.75104000711887,NH-16 (DEMO),SEG-052,2026-09-28,SYNTHETIC DEMO - NOT REAL GPS,Low
India_009215_jpg.rf.4403c882feb1a467b8b73f5d865d41c1,4,D20,0.629541,0.805874,0.72781,0.240168,0.102238,2,0.204476,20.30743459995095,85.82412783384285,NH-16 (DEMO),SEG-052,2026-09-28,SYNTHETIC DEMO - NOT REAL GPS,Low
India_009215_jpg.rf.4403c882feb1a467b8b73f5d865d41c1,4,D20,0.596788,0.808921,0.608292,0.180416,0.0961262,2,0.1922524,20.189566325952452,85.81361100097486,NH-16 (DEMO),SEG-052,2026-09-28,SYNTHETIC DEMO - NOT REAL GPS,Low
India_009215_jpg.rf.4403c882feb1a467b8b73f5d865d41c1,0,D00,0.596462,0.826895,0.0695827,0.121065,0.0835113,3,0.2505339,20.318189151403978,85.74477830582862,NH-16 (DEMO),SEG-052,2026-09-28,SYNTHETIC DEMO - NOT REAL GPS,Low
India_009225_jpg.rf.1d69c5cf9ef58ff50aca2cbea01f35b5,4,D20,0.496753,0.831373,0.903282,0.278358,0.333842,2,0.667684,20.174162784568253,85.86170606720725,NH-16 (DEMO),SEG-052,2026-09-28,SYNTHETIC DEMO - NOT REAL GPS,Medium
India_009225_jpg.rf.1d69c5cf9ef58ff50aca2cbea01f35b5,4,D20,0.376237,0.868306,0.736378,0.263039,0.194803,2,0.389606,20.303791960153244,85.7789549125297,NH-16 (DEMO),SEG-052,2026-09-28,SYNTHETIC DEMO - NOT REAL GPS,Low
India_009225_jpg.rf.1d69c5cf9ef58ff50aca2cbea01f35b5,5,D40,0.508442,0.786365,0.380438,0.300982,0.116857,2,0.233714,20.182278468249553,85.72795820248336,NH-16 (DEMO),SEG-052,2026-09-28,SYNTHETIC DEMO - NOT REAL GPS,Low
India_009225_jpg.rf.1d69c5cf9ef58ff50aca2cbea01f35b5,4,D20,0.305548,0.895501,0.569229,0.208999,0.101304,2,0.202608,20.20114051385679,85.77246094732476,NH-16 (DEMO),SEG-052,2026-09-28,SYNTHETIC DEMO - NOT REAL GPS,Low
India_009225_jpg.rf.1d69c5cf9ef58ff50aca2cbea01f35b5,5,D40,0.529625,0.722967,0.182338,0.120943,0.100114,2,0.200228,20.17062306342098,85.85917707435385,NH-16 (DEMO),SEG-052,2026-09-28,SYNTHETIC DEMO - NOT REAL GPS,Low
India_009225_jpg.rf.1d69c5cf9ef58ff50aca2cbea01f35b5,5,D40,0.521604,0.728334,0.287094,0.140701,0.0843211,2,0.1686422,20.241241072885767,85.86671305373788,NH-16 (DEMO),SEG-052,2026-09-28,SYNTHETIC DEMO - NOT REAL GPS,Low
India_009225_jpg.rf.1d69c5cf9ef58ff50aca2cbea01f35b5,4,D20,0.581214,0.7931,0.527046,0.254918,0.0605744,2,0.1211488,20.223497476274783,85.79846374676154,NH-16 (DEMO),SEG-052,2026-09-28,SYNTHETIC DEMO - NOT REAL GPS,Low
India_009225_jpg.rf.1d69c5cf9ef58ff50aca2cbea01f35b5,4,D20,0.235895,0.869227,0.471789,0.258549,0.0506665,2,0.101333,20.196558865837925,85.87301439041174,NH-16 (DEMO),SEG-052,2026-09-28,SYNTHETIC DEMO - NOT REAL GPS,Low
India_009240_jpg.rf.3b820e71f452265baed2bb6973705819,4,D20,0.64853,0.792679,0.298659,0.234016,0.463607,2,0.927214,20.242174425728624,85.86003868947391,NH-16 (DEMO),SEG-052,2026-09-28,SYNTHETIC DEMO - NOT REAL GPS,Medium
India_009240_jpg.rf.3b820e71f452265baed2bb6973705819,4,D20,0.642743,0.779875,0.392101,0.244249,0.114614,2,0.229228,20.234379341307548,85.85203691473588,NH-16 (DEMO),SEG-052,2026-09-28,SYNTHETIC DEMO - NOT REAL GPS,Low
India_009240_jpg.rf.3b820e71f452265baed2bb6973705819,4,D20,0.7054,0.803405,0.55269,0.246717,0.0725059,2,0.1450118,20.2928257652318,85.85755361034916,NH-16 (DEMO),SEG-052,2026-09-28,SYNTHETIC DEMO - NOT REAL GPS,Low
India_009283_jpg.rf.0dd7ad3cde6b1125d577ee5ede4dfafd,4,D20,0.410385,0.744165,0.805313,0.270255,0.168823,2,0.337646,20.312900848971204,85.78110006594702,NH-16 (DEMO),SEG-052,2026-09-28,SYNTHETIC DEMO - NOT REAL GPS,Low
India_009283_jpg.rf.0dd7ad3cde6b1125d577ee5ede4dfafd,5,D40,0.695418,0.801082,0.170478,0.10679,0.0695933,2,0.1391866,20.274410760282734,85.84103503052089,NH-16 (DEMO),SEG-052,2026-09-28,SYNTHETIC DEMO - NOT REAL GPS,Low
India_009283_jpg.rf.0dd7ad3cde6b1125d577ee5ede4dfafd,5,D40,0.6911,0.794421,0.191919,0.154374,0.0582533,2,0.1165066,20.189905662196242,85.81237424049218,NH-16 (DEMO),SEG-052,2026-09-28,SYNTHETIC DEMO - NOT REAL GPS,Low
India_009283_jpg.rf.0dd7ad3cde6b1125d577ee5ede4dfafd,5,D40,0.27329,0.757397,0.546579,0.30473,0.0520862,2,0.1041724,20.217262527153576,85.83514944027844,NH-16 (DEMO),SEG-052,2026-09-28,SYNTHETIC DEMO - NOT REAL GPS,Low
India_009299_jpg.rf.1ad94ea63f6d94b458c3b2880f3790e0,4,D20,0.540519,0.893463,0.902278,0.212403,0.113956,2,0.227912,20.316130927493166,85.74844577721292,NH-16 (DEMO),SEG-052,2026-09-28,SYNTHETIC DEMO - NOT REAL GPS,Low
India_009299_jpg.rf.1ad94ea63f6d94b458c3b2880f3790e0,5,D40,0.672833,0.812742,0.0960398,0.0483822,0.0543889,2,0.1087778,20.184197518881263,85.837023025884,NH-16 (DEMO),SEG-052,2026-09-28,SYNTHETIC DEMO - NOT REAL GPS,Low
India_009306_jpg.rf.27cd62b32652a02c5312ee05a00de085,4,D20,0.330456,0.888878,0.660912,0.221665,0.849482,2,1.698964,20.235096934302533,85.87321478947106,NH-16 (DEMO),SEG-052,2026-09-28,SYNTHETIC DEMO - NOT REAL GPS,High
India_009306_jpg.rf.27cd62b32652a02c5312ee05a00de085,4,D20,0.42666,0.873171,0.846418,0.253659,0.818056,2,1.636112,20.320800739077356,85.76842613158102,NH-16 (DEMO),SEG-052,2026-09-28,SYNTHETIC DEMO - NOT REAL GPS,High
India_009306_jpg.rf.27cd62b32652a02c5312ee05a00de085,4,D20,0.238643,0.883169,0.477286,0.233663,0.325702,2,0.651404,20.32210637463512,85.8777858118329,NH-16 (DEMO),SEG-052,2026-09-28,SYNTHETIC DEMO - NOT REAL GPS,Medium
India_009306_jpg.rf.27cd62b32652a02c5312ee05a00de085,4,D20,0.161844,0.878003,0.323687,0.243995,0.245966,2,0.491932,20.235792508327823,85.78054016236885,NH-16 (DEMO),SEG-053,2026-09-28,SYNTHETIC DEMO - NOT REAL GPS,Low
India_009306_jpg.rf.27cd62b32652a02c5312ee05a00de085,4,D20,0.371579,0.917224,0.743158,0.165552,0.118615,2,0.23723,20.276783502095807,85.75195575952337,NH-16 (DEMO),SEG-053,2026-09-28,SYNTHETIC DEMO - NOT REAL GPS,Low
India_009306_jpg.rf.27cd62b32652a02c5312ee05a00de085,4,D20,0.425727,0.9005,0.617758,0.199,0.0882793,2,0.1765586,20.24307929573664,85.73796579676804,NH-16 (DEMO),SEG-053,2026-09-28,SYNTHETIC DEMO - NOT REAL GPS,Low
India_009306_jpg.rf.27cd62b32652a02c5312ee05a00de085,4,D20,0.291402,0.909501,0.569696,0.180998,0.0775665,2,0.155133,20.290553686309813,85.84559390612611,NH-16 (DEMO),SEG-053,2026-09-28,SYNTHETIC DEMO - NOT REAL GPS,Low
India_009306_jpg.rf.27cd62b32652a02c5312ee05a00de085,5,D40,0.437599,0.857605,0.59372,0.274865,0.0542374,2,0.1084748,20.17505301291088,85.80877206406025,NH-16 (DEMO),SEG-053,2026-09-28,SYNTHETIC DEMO - NOT REAL GPS,Low
India_009306_jpg.rf.27cd62b32652a02c5312ee05a00de085,4,D20,0.582838,0.852631,0.759873,0.269814,0.0520076,2,0.1040152,20.19306514382742,85.76914100698592,NH-16 (DEMO),SEG-053,2026-09-28,SYNTHETIC DEMO - NOT REAL GPS,Low
India_009358_jpg.rf.0921bf738bfbacdd4a6bcc574d7c6fe5,4,D20,0.703831,0.791359,0.410959,0.217723,0.751339,2,1.502678,20.268271808566976,85.81735205916699,NH-16 (DEMO),SEG-053,2026-09-28,SYNTHETIC DEMO - NOT REAL GPS,High
India_009358_jpg.rf.0921bf738bfbacdd4a6bcc574d7c6fe5,4,D20,0.747053,0.81148,0.500423,0.193041,0.736946,2,1.473892,20.20720836199089,85.77313619005456,NH-16 (DEMO),SEG-053,2026-09-28,SYNTHETIC DEMO - NOT REAL GPS,Medium
India_009358_jpg.rf.0921bf738bfbacdd4a6bcc574d7c6fe5,4,D20,0.622581,0.780811,0.254541,0.234019,0.717078,2,1.434156,20.276568367883065,85.79173724117256,NH-16 (DEMO),SEG-053,2026-09-28,SYNTHETIC DEMO - NOT REAL GPS,Medium
India_009358_jpg.rf.0921bf738bfbacdd4a6bcc574d7c6fe5,4,D20,0.67138,0.801412,0.611731,0.225407,0.406475,2,0.81295,20.226195668393807,85.8580262601205,NH-16 (DEMO),SEG-053,2026-09-28,SYNTHETIC DEMO - NOT REAL GPS,Medium
India_009358_jpg.rf.0921bf738bfbacdd4a6bcc574d7c6fe5,4,D20,0.869302,0.830212,0.261397,0.181931,0.172993,2,0.345986,20.31186328930045,85.82690663629747,NH-16 (DEMO),SEG-053,2026-09-28,SYNTHETIC DEMO - NOT REAL GPS,Low
India_009358_jpg.rf.0921bf738bfbacdd4a6bcc574d7c6fe5,4,D20,0.556243,0.803343,0.865964,0.227088,0.17265,2,0.3453,20.3010815016896,85.84198429435276,NH-16 (DEMO),SEG-053,2026-09-28,SYNTHETIC DEMO - NOT REAL GPS,Low
India_009358_jpg.rf.0921bf738bfbacdd4a6bcc574d7c6fe5,4,D20,0.566605,0.781651,0.70802,0.230433,0.0977818,2,0.1955636,20.248854048011005,85.81335896823514,NH-16 (DEMO),SEG-053,2026-09-28,SYNTHETIC DEMO - NOT REAL GPS,Low
India_009358_jpg.rf.0921bf738bfbacdd4a6bcc574d7c6fe5,4,D20,0.591755,0.773963,0.184581,0.225743,0.0934193,2,0.1868386,20.293663213935176,85.8786236878217,NH-16 (DEMO),SEG-053,2026-09-28,SYNTHETIC DEMO - NOT REAL GPS,Low
India_009358_jpg.rf.0921bf738bfbacdd4a6bcc574d7c6fe5,0,D00,0.558859,0.778596,0.10187,0.21793,0.0844789,3,0.2534366999999999,20.213382061797613,85.75862561060654,NH-16 (DEMO),SEG-053,2026-09-28,SYNTHETIC DEMO - NOT REAL GPS,Low
India_009358_jpg.rf.0921bf738bfbacdd4a6bcc574d7c6fe5,4,D20,0.649905,0.796464,0.31456,0.193407,0.0771935,2,0.154387,20.2490815642899,85.761966585715,NH-16 (DEMO),SEG-053,2026-09-28,SYNTHETIC DEMO - NOT REAL GPS,Low
India_009401_jpg.rf.bbe6aa6ddafe81486fdfba1edba761ab,4,D20,0.45102,0.890458,0.902041,0.216586,0.737213,2,1.474426,20.201597128298125,85.73480943019813,NH-16 (DEMO),SEG-053,2026-09-28,SYNTHETIC DEMO - NOT REAL GPS,Medium
India_009401_jpg.rf.bbe6aa6ddafe81486fdfba1edba761ab,4,D20,0.217385,0.875642,0.42927,0.248717,0.249725,2,0.49945,20.30774178696336,85.80864312033131,NH-16 (DEMO),SEG-053,2026-09-28,SYNTHETIC DEMO - NOT REAL GPS,Low
India_009401_jpg.rf.bbe6aa6ddafe81486fdfba1edba761ab,5,D40,0.251736,0.877185,0.483179,0.24563,0.206082,2,0.412164,20.301690818650947,85.81813747782533,NH-16 (DEMO),SEG-053,2026-09-28,SYNTHETIC DEMO - NOT REAL GPS,Low
India_009401_jpg.rf.bbe6aa6ddafe81486fdfba1edba761ab,4,D20,0.331841,0.868667,0.663682,0.256839,0.201544,2,0.403088,20.31434394694544,85.83615385166381,NH-16 (DEMO),SEG-053,2026-09-28,SYNTHETIC DEMO - NOT REAL GPS,Low
India_009401_jpg.rf.bbe6aa6ddafe81486fdfba1edba761ab,4,D20,0.583244,0.884746,0.714459,0.230508,0.0902608,2,0.1805216,20.31039631699588,85.77367134815188,NH-16 (DEMO),SEG-053,2026-09-28,SYNTHETIC DEMO - NOT REAL GPS,Low
India_009401_jpg.rf.bbe6aa6ddafe81486fdfba1edba761ab,5,D40,0.357769,0.873016,0.57644,0.242665,0.0549217,2,0.1098434,20.32353540192952,85.7219610882984,NH-16 (DEMO),SEG-053,2026-09-28,SYNTHETIC DEMO - NOT REAL GPS,Low
India_009442_jpg.rf.d062a3dc8c5e126a4e5420021be9e9ff,4,D20,0.483444,0.745901,0.933436,0.484116,0.0845811,2,0.1691622,20.20653379706111,85.82115672593413,NH-16 (DEMO),SEG-053,2026-09-28,SYNTHETIC DEMO - NOT REAL GPS,Low
India_009467_jpg.rf.6a50314d653ad091759f639af8573cb0,7,D44,0.7735,0.916046,0.171521,0.167054,0.161751,3,0.485253,20.31909188652725,85.87979127880325,NH-16 (DEMO),SEG-053,2026-09-28,SYNTHETIC DEMO - NOT REAL GPS,Low
India_009467_jpg.rf.6a50314d653ad091759f639af8573cb0,4,D20,0.786826,0.881085,0.249688,0.237577,0.110724,2,0.221448,20.26139411061632,85.7671278966064,NH-16 (DEMO),SEG-053,2026-09-28,SYNTHETIC DEMO - NOT REAL GPS,Low
India_009467_jpg.rf.6a50314d653ad091759f639af8573cb0,4,D20,0.587545,0.87952,0.82491,0.239758,0.0752854,2,0.1505708,20.237599213426904,85.74942951239504,NH-16 (DEMO),SEG-053,2026-09-28,SYNTHETIC DEMO - NOT REAL GPS,Low
India_009467_jpg.rf.6a50314d653ad091759f639af8573cb0,4,D20,0.744125,0.878365,0.35443,0.24327,0.0717027,2,0.1434054,20.25965982335486,85.76508271325221,NH-16 (DEMO),SEG-053,2026-09-28,SYNTHETIC DEMO - NOT REAL GPS,Low
India_009505_jpg.rf.c3a8110e5a9c3648324ab871f9fcc1b4,4,D20,0.753316,0.800795,0.405254,0.235052,0.975285,2,1.95057,20.224816377064045,85.78806647596433,NH-16 (DEMO),SEG-053,2026-09-28,SYNTHETIC DEMO - NOT REAL GPS,High
India_009505_jpg.rf.c3a8110e5a9c3648324ab871f9fcc1b4,4,D20,0.781959,0.826736,0.436082,0.235767,0.779174,2,1.558348,20.21616848111375,85.76014606863241,NH-16 (DEMO),SEG-053,2026-09-28,SYNTHETIC DEMO - NOT REAL GPS,High
India_009505_jpg.rf.c3a8110e5a9c3648324ab871f9fcc1b4,0,D00,0.623915,0.818892,0.0966505,0.161754,0.625247,3,1.875741,20.208610294076404,85.7755136040588,NH-16 (DEMO),SEG-053,2026-09-28,SYNTHETIC DEMO - NOT REAL GPS,High
India_009505_jpg.rf.c3a8110e5a9c3648324ab871f9fcc1b4,4,D20,0.815357,0.843654,0.355411,0.231344,0.53577,2,1.07154,20.18318847831314,85.82211307817269,NH-16 (DEMO),SEG-053,2026-09-28,SYNTHETIC DEMO - NOT REAL GPS,Medium
India_009505_jpg.rf.c3a8110e5a9c3648324ab871f9fcc1b4,4,D20,0.713807,0.821639,0.567959,0.258911,0.502446,2,1.004892,20.24945038354355,85.77520447789482,NH-16 (DEMO),SEG-053,2026-09-28,SYNTHETIC DEMO - NOT REAL GPS,Medium
India_009505_jpg.rf.c3a8110e5a9c3648324ab871f9fcc1b4,4,D20,0.696223,0.778544,0.309741,0.23688,0.361459,2,0.722918,20.31204186811422,85.78336943116538,NH-16 (DEMO),SEG-053,2026-09-28,SYNTHETIC DEMO - NOT REAL GPS,Medium
India_009505_jpg.rf.c3a8110e5a9c3648324ab871f9fcc1b4,0,D00,0.608987,0.800162,0.112386,0.200771,0.273519,3,0.820557,20.270824315083903,85.72640500204788,NH-16 (DEMO),SEG-053,2026-09-28,SYNTHETIC DEMO - NOT REAL GPS,Medium
India_009505_jpg.rf.c3a8110e5a9c3648324ab871f9fcc1b4,4,D20,0.854324,0.85829,0.291352,0.226115,0.215534,2,0.431068,20.253356101240925,85.86687080025966,NH-16 (DEMO),SEG-053,2026-09-28,SYNTHETIC DEMO - NOT REAL GPS,Low
India_009505_jpg.rf.c3a8110e5a9c3648324ab871f9fcc1b4,7,D44,0.794805,0.833882,0.200888,0.183039,0.193066,3,0.579198,20.238574866920146,85.78510175358637,NH-16 (DEMO),SEG-053,2026-09-28,SYNTHETIC DEMO - NOT REAL GPS,Medium
India_009505_jpg.rf.c3a8110e5a9c3648324ab871f9fcc1b4,0,D00,0.625141,0.836595,0.0697551,0.126304,0.166526,3,0.499578,20.24430426021075,85.77250296256557,NH-16 (DEMO),SEG-053,2026-09-28,SYNTHETIC DEMO - NOT REAL GPS,Low
India_009505_jpg.rf.c3a8110e5a9c3648324ab871f9fcc1b4,4,D20,0.619343,0.800171,0.114072,0.184888,0.130583,2,0.261166,20.203484375611513,85.73383747139926,NH-16 (DEMO),SEG-053,2026-09-28,SYNTHETIC DEMO - NOT REAL GPS,Low
India_009505_jpg.rf.c3a8110e5a9c3648324ab871f9fcc1b4,4,D20,0.606725,0.814073,0.78655,0.235107,0.104431,2,0.208862,20.301669740350896,85.82146931446323,NH-16 (DEMO),SEG-053,2026-09-28,SYNTHETIC DEMO - NOT REAL GPS,Low
India_009505_jpg.rf.c3a8110e5a9c3648324ab871f9fcc1b4,4,D20,0.666292,0.801313,0.224639,0.178989,0.0767775,2,0.153555,20.201741274125045,85.8582119920422,NH-16 (DEMO),SEG-053,2026-09-28,SYNTHETIC DEMO - NOT REAL GPS,Low
India_009505_jpg.rf.c3a8110e5a9c3648324ab871f9fcc1b4,4,D20,0.775323,0.864302,0.449353,0.242187,0.0699452,2,0.1398904,20.28465964107637,85.72658451200839,NH-16 (DEMO),SEG-053,2026-09-28,SYNTHETIC DEMO - NOT REAL GPS,Low
India_009505_jpg.rf.c3a8110e5a9c3648324ab871f9fcc1b4,7,D44,0.61105,0.801274,0.111301,0.175166,0.0613384,3,0.1840152,20.291597601839385,85.74324359477856,NH-16 (DEMO),SEG-053,2026-09-28,SYNTHETIC DEMO - NOT REAL GPS,Low
India_009510_jpg.rf.076b8850ad7c6d1d3432207ab4530e31,4,D20,0.403165,0.729904,0.790757,0.258526,0.941757,2,1.883514,20.261979046724438,85.7434223726218,NH-16 (DEMO),SEG-053,2026-09-28,SYNTHETIC DEMO - NOT REAL GPS,High
India_009510_jpg.rf.076b8850ad7c6d1d3432207ab4530e31,4,D20,0.451868,0.767048,0.84918,0.20936,0.20056,2,0.40112,20.308068219992773,85.81636397685564,NH-16 (DEMO),SEG-053,2026-09-28,SYNTHETIC DEMO - NOT REAL GPS,Low
India_009510_jpg.rf.076b8850ad7c6d1d3432207ab4530e31,4,D20,0.501119,0.738595,0.53181,0.229264,0.113685,2,0.22737,20.216568056392106,85.86739688043494,NH-16 (DEMO),SEG-053,2026-09-28,SYNTHETIC DEMO - NOT REAL GPS,Low
India_009510_jpg.rf.076b8850ad7c6d1d3432207ab4530e31,5,D40,0.404966,0.738856,0.55652,0.212547,0.065805,2,0.13161,20.311058755398857,85.79004293873048,NH-16 (DEMO),SEG-053,2026-09-28,SYNTHETIC DEMO - NOT REAL GPS,Low
India_009510_jpg.rf.076b8850ad7c6d1d3432207ab4530e31,5,D40,0.3352,0.753036,0.598792,0.218125,0.0526858,2,0.1053716,20.286705673535888,85.77500903171101,NH-16 (DEMO),SEG-053,2026-09-28,SYNTHETIC DEMO - NOT REAL GPS,Low
India_009522_jpg.rf.24bf68ba64ebf25d98da677f7f122141,4,D20,0.50313,0.886677,0.959874,0.225253,0.565593,2,1.131186,20.297799972441883,85.84253450969547,NH-16 (DEMO),SEG-053,2026-09-28,SYNTHETIC DEMO - NOT REAL GPS,Medium
India_009525_jpg.rf.ecaaa3814910606c930334152ee30818,4,D20,0.476928,0.840619,0.939651,0.308022,0.0730289,2,0.1460578,20.276332753524372,85.8388110498809,NH-16 (DEMO),SEG-053,2026-09-28,SYNTHETIC DEMO - NOT REAL GPS,Low
India_009538_jpg.rf.90d812a8af95e872a7462a6aa4cfc0af,4,D20,0.755009,0.723815,0.232879,0.201624,0.102814,2,0.205628,20.305414882718395,85.75948098228434,NH-16 (DEMO),SEG-053,2026-09-28,SYNTHETIC DEMO - NOT REAL GPS,Low
India_009593_jpg.rf.6727fc3b2b650953d9b752ebaa10c6da,4,D20,0.672377,0.859841,0.430783,0.25771,0.191894,2,0.383788,20.328895818034823,85.74573221796926,NH-16 (DEMO),SEG-054,2026-09-28,SYNTHETIC DEMO - NOT REAL GPS,Low
India_009593_jpg.rf.6727fc3b2b650953d9b752ebaa10c6da,4,D20,0.504523,0.848239,0.943926,0.287201,0.107935,2,0.21587,20.23722605672394,85.77724960518646,NH-16 (DEMO),SEG-054,2026-09-28,SYNTHETIC DEMO - NOT REAL GPS,Low
India_009593_jpg.rf.6727fc3b2b650953d9b752ebaa10c6da,5,D40,0.420303,0.771492,0.0775089,0.0480007,0.0898843,2,0.1797686,20.300226509393532,85.84409654275626,NH-16 (DEMO),SEG-054,2026-09-28,SYNTHETIC DEMO - NOT REAL GPS,Low
India_009593_jpg.rf.6727fc3b2b650953d9b752ebaa10c6da,4,D20,0.612274,0.850312,0.345407,0.269798,0.0795518,2,0.1591036,20.289132761522886,85.8312101423864,NH-16 (DEMO),SEG-054,2026-09-28,SYNTHETIC DEMO - NOT REAL GPS,Low
India_009633_jpg.rf.467896850440c350a34b0fa02ed2a776,4,D20,0.552991,0.814718,0.740568,0.291633,0.991295,2,1.98259,20.242459226513922,85.826536593017,NH-16 (DEMO),SEG-054,2026-09-28,SYNTHETIC DEMO - NOT REAL GPS,High
India_009633_jpg.rf.467896850440c350a34b0fa02ed2a776,4,D20,0.629348,0.81598,0.500584,0.302637,0.990111,2,1.980222,20.3183118399572,85.85270856962612,NH-16 (DEMO),SEG-054,2026-09-28,SYNTHETIC DEMO - NOT REAL GPS,High
India_009633_jpg.rf.467896850440c350a34b0fa02ed2a776,4,D20,0.696142,0.829054,0.396166,0.282364,0.928093,2,1.856186,20.233108148731617,85.76434084997462,NH-16 (DEMO),SEG-054,2026-09-28,SYNTHETIC DEMO - NOT REAL GPS,High
India_009633_jpg.rf.467896850440c350a34b0fa02ed2a776,4,D20,0.521771,0.808353,0.471058,0.318249,0.301081,2,0.602162,20.260474546604197,85.77434939607512,NH-16 (DEMO),SEG-054,2026-09-28,SYNTHETIC DEMO - NOT REAL GPS,Medium
India_009633_jpg.rf.467896850440c350a34b0fa02ed2a776,4,D20,0.560448,0.860691,0.879105,0.242757,0.168585,2,0.33717,20.186950777118554,85.72677431209746,NH-16 (DEMO),SEG-054,2026-09-28,SYNTHETIC DEMO - NOT REAL GPS,Low
India_009633_jpg.rf.467896850440c350a34b0fa02ed2a776,4,D20,0.45325,0.812539,0.858179,0.344889,0.134071,2,0.268142,20.206124031050603,85.85899932412856,NH-16 (DEMO),SEG-054,2026-09-28,SYNTHETIC DEMO - NOT REAL GPS,Low
India_009633_jpg.rf.467896850440c350a34b0fa02ed2a776,4,D20,0.696729,0.854852,0.3097,0.250373,0.120683,2,0.241366,20.3045113872854,85.81318875758754,NH-16 (DEMO),SEG-054,2026-09-28,SYNTHETIC DEMO - NOT REAL GPS,Low
India_009633_jpg.rf.467896850440c350a34b0fa02ed2a776,4,D20,0.770436,0.836326,0.459127,0.289281,0.101898,2,0.203796,20.233448435652615,85.76769956670138,NH-16 (DEMO),SEG-054,2026-09-28,SYNTHETIC DEMO - NOT REAL GPS,Low
India_009633_jpg.rf.467896850440c350a34b0fa02ed2a776,0,D00,0.635855,0.823325,0.176128,0.254184,0.0589058,3,0.1767174,20.233053454306443,85.7311066450319,NH-16 (DEMO),SEG-054,2026-09-28,SYNTHETIC DEMO - NOT REAL GPS,Low
India_009633_jpg.rf.467896850440c350a34b0fa02ed2a776,0,D00,0.663874,0.884265,0.0526232,0.14933,0.0556474,3,0.1669421999999999,20.209356962910498,85.835745520506,NH-16 (DEMO),SEG-054,2026-09-28,SYNTHETIC DEMO - NOT REAL GPS,Low
India_009633_jpg.rf.467896850440c350a34b0fa02ed2a776,0,D00,0.643981,0.84514,0.0886099,0.213932,0.0553341,3,0.1660023,20.248657653487594,85.83979800312785,NH-16 (DEMO),SEG-054,2026-09-28,SYNTHETIC DEMO - NOT REAL GPS,Low
India_009660_jpg.rf.abeb7e963506f1c9edcf8e6a91254b64,4,D20,0.513511,0.855136,0.917583,0.272901,0.859302,2,1.718604,20.298930713816098,85.8265885843384,NH-16 (DEMO),SEG-054,2026-09-28,SYNTHETIC DEMO - NOT REAL GPS,High
India_009660_jpg.rf.abeb7e963506f1c9edcf8e6a91254b64,4,D20,0.462845,0.888354,0.909461,0.222243,0.618759,2,1.237518,20.313226258843798,85.75260495535147,NH-16 (DEMO),SEG-054,2026-09-28,SYNTHETIC DEMO - NOT REAL GPS,Medium
India_009660_jpg.rf.abeb7e963506f1c9edcf8e6a91254b64,4,D20,0.457185,0.891611,0.580923,0.216779,0.186587,2,0.373174,20.18121830912707,85.86611456936137,NH-16 (DEMO),SEG-054,2026-09-28,SYNTHETIC DEMO - NOT REAL GPS,Low
India_009660_jpg.rf.abeb7e963506f1c9edcf8e6a91254b64,5,D40,0.628774,0.826746,0.563931,0.256923,0.186262,2,0.372524,20.26197131699842,85.84050528304334,NH-16 (DEMO),SEG-054,2026-09-28,SYNTHETIC DEMO - NOT REAL GPS,Low
India_009660_jpg.rf.abeb7e963506f1c9edcf8e6a91254b64,4,D20,0.687402,0.844163,0.625196,0.268144,0.114226,2,0.228452,20.244763738862773,85.82524101177343,NH-16 (DEMO),SEG-054,2026-09-28,SYNTHETIC DEMO - NOT REAL GPS,Low
India_009660_jpg.rf.abeb7e963506f1c9edcf8e6a91254b64,4,D20,0.356395,0.901155,0.571922,0.197689,0.106494,2,0.212988,20.268285096075452,85.82415102774749,NH-16 (DEMO),SEG-054,2026-09-28,SYNTHETIC DEMO - NOT REAL GPS,Low
India_009660_jpg.rf.abeb7e963506f1c9edcf8e6a91254b64,4,D20,0.583704,0.845255,0.607386,0.232993,0.100778,2,0.201556,20.241564109905323,85.86469723201466,NH-16 (DEMO),SEG-054,2026-09-28,SYNTHETIC DEMO - NOT REAL GPS,Low
India_009660_jpg.rf.abeb7e963506f1c9edcf8e6a91254b64,5,D40,0.74945,0.830558,0.498713,0.256424,0.0864886,2,0.1729772,20.233783171336547,85.86852914129554,NH-16 (DEMO),SEG-054,2026-09-28,SYNTHETIC DEMO - NOT REAL GPS,Low
India_009660_jpg.rf.abeb7e963506f1c9edcf8e6a91254b64,5,D40,0.533971,0.836224,0.56489,0.270386,0.0840789,2,0.1681578,20.245500913988717,85.81530198688164,NH-16 (DEMO),SEG-054,2026-09-28,SYNTHETIC DEMO - NOT REAL GPS,Low
India_009660_jpg.rf.abeb7e963506f1c9edcf8e6a91254b64,4,D20,0.577625,0.878601,0.653572,0.212165,0.0785026,2,0.1570052,20.263119860601027,85.786667105754,NH-16 (DEMO),SEG-054,2026-09-28,SYNTHETIC DEMO - NOT REAL GPS,Low
India_009660_jpg.rf.abeb7e963506f1c9edcf8e6a91254b64,4,D20,0.348195,0.905721,0.360217,0.186345,0.0577536,2,0.1155072,20.250157313765083,85.7781974367295,NH-16 (DEMO),SEG-054,2026-09-28,SYNTHETIC DEMO - NOT REAL GPS,Low
India_009660_jpg.rf.abeb7e963506f1c9edcf8e6a91254b64,4,D20,0.481381,0.913445,0.683894,0.173109,0.0502474,2,0.1004948,20.245543112163304,85.85105261457291,NH-16 (DEMO),SEG-054,2026-09-28,SYNTHETIC DEMO - NOT REAL GPS,Low
India_009660_jpg.rf.abeb7e963506f1c9edcf8e6a91254b64,4,D20,0.384601,0.915722,0.769202,0.168555,0.050135,2,0.10027,20.300853649593293,85.82313685437349,NH-16 (DEMO),SEG-054,2026-09-28,SYNTHETIC DEMO - NOT REAL GPS,Low
India_009771_jpg.rf.2eb40f2fc922e3d740eef1b22e4a652f,4,D20,0.41969,0.766186,0.802353,0.263331,0.0636725,2,0.127345,20.289303678598056,85.73236256484059,NH-16 (DEMO),SEG-054,2026-09-28,SYNTHETIC DEMO - NOT REAL GPS,Low
India_009791_jpg.rf.5fb0735d44e1db4bc40e29a6fead7c24,5,D40,0.514505,0.789655,0.154022,0.083687,0.0686923,2,0.1373846,20.224620559068992,85.7427497620824,NH-16 (DEMO),SEG-054,2026-09-28,SYNTHETIC DEMO - NOT REAL GPS,Low
India_009791_jpg.rf.5fb0735d44e1db4bc40e29a6fead7c24,5,D40,0.540852,0.800078,0.0998922,0.0421914,0.0590921,2,0.1181842,20.29809233880245,85.86402974321678,NH-16 (DEMO),SEG-054,2026-09-28,SYNTHETIC DEMO - NOT REAL GPS,Low
India_009791_jpg.rf.5fb0735d44e1db4bc40e29a6fead7c24,5,D40,0.542764,0.788148,0.0997883,0.0641051,0.0583631,2,0.1167262,20.30658410704072,85.86151970369671,NH-16 (DEMO),SEG-054,2026-09-28,SYNTHETIC DEMO - NOT REAL GPS,Low
India_009791_jpg.rf.5fb0735d44e1db4bc40e29a6fead7c24,5,D40,0.486773,0.806882,0.209099,0.081473,0.0583103,2,0.1166206,20.19455875285987,85.8722931917916,NH-16 (DEMO),SEG-054,2026-09-28,SYNTHETIC DEMO - NOT REAL GPS,Low
