image,class_id,class_name,x_center,y_center,width,height,confidence,severity,priority_score
India_000005_jpg.rf.b25bff8f235e2ce5ff8a883f2d8706c0,5,D40,0.288663,0.721246,0.515209,0.156519,0.19776,2,0.39552
India_000005_jpg.rf.b25bff8f235e2ce5ff8a883f2d8706c0,4,D20,0.465403,0.792052,0.896058,0.255097,0.116451,2,0.232902
India_000005_jpg.rf.b25bff8f235e2ce5ff8a883f2d8706c0,5,D40,0.464227,0.710844,0.13245,0.070161,0.0865636,2,0.1731272
India_000005_jpg.rf.b25bff8f235e2ce5ff8a883f2d8706c0,5,D40,0.426082,0.71155,0.216216,0.113257,0.081282,2,0.162564
India_000005_jpg.rf.b25bff8f235e2ce5ff8a883f2d8706c0,5,D40,0.454151,0.705592,0.154018,0.0909265,0.0575286,2,0.1150572
India_000005_jpg.rf.b25bff8f235e2ce5ff8a883f2d8706c0,5,D40,0.398906,0.710883,0.327665,0.140584,0.0522759,2,0.1045518
India_000054_jpg.rf.e98e4d1c86ed8619b61a01ae74721d53,5,D40,0.366461,0.814164,0.0849739,0.048642,0.129714,2,0.259428
India_000054_jpg.rf.e98e4d1c86ed8619b61a01ae74721d53,4,D20,0.563293,0.89495,0.862474,0.207829,0.0838742,2,0.1677484
India_000054_jpg.rf.e98e4d1c86ed8619b61a01ae74721d53,5,D40,0.320452,0.813303,0.182829,0.0739691,0.0603604,2,0.1207208
India_000078_jpg.rf.60689553877dd3e754859573c43a4289,4,D20,0.453155,0.840382,0.842177,0.291182,0.599814,2,1.199628
India_000078_jpg.rf.60689553877dd3e754859573c43a4289,4,D20,0.659045,0.8445,0.31058,0.258406,0.143925,2,0.28785
India_000078_jpg.rf.60689553877dd3e754859573c43a4289,4,D20,0.40824,0.847939,0.22702,0.239019,0.104148,2,0.208296
India_000078_jpg.rf.60689553877dd3e754859573c43a4289,4,D20,0.586433,0.850139,0.762933,0.284622,0.099598,2,0.199196
India_000078_jpg.rf.60689553877dd3e754859573c43a4289,4,D20,0.374022,0.844427,0.25535,0.262478,0.0935855,2,0.187171
India_000078_jpg.rf.60689553877dd3e754859573c43a4289,4,D20,0.656099,0.844882,0.442463,0.26494,0.0906076,2,0.1812152
India_000078_jpg.rf.60689553877dd3e754859573c43a4289,4,D20,0.556135,0.840631,0.555281,0.248743,0.0815912,2,0.1631824
India_000078_jpg.rf.60689553877dd3e754859573c43a4289,4,D20,0.698445,0.843117,0.280571,0.293024,0.0752377,2,0.1504754
India_000078_jpg.rf.60689553877dd3e754859573c43a4289,5,D40,0.242052,0.82353,0.46648,0.322813,0.0679879,2,0.1359758
India_000078_jpg.rf.60689553877dd3e754859573c43a4289,4,D20,0.43322,0.842238,0.312296,0.249824,0.0594557,2,0.1189114
India_000078_jpg.rf.60689553877dd3e754859573c43a4289,5,D40,0.223551,0.762928,0.435135,0.240042,0.0541594,2,0.1083188
India_000078_jpg.rf.60689553877dd3e754859573c43a4289,0,D00,0.663782,0.827659,0.175602,0.250938,0.05241,3,0.15722999999999998
India_000080_jpg.rf.4e548656443c67c7ccec4f601e02de1b,4,D20,0.211038,0.879936,0.415339,0.222871,0.117468,2,0.234936
India_000080_jpg.rf.4e548656443c67c7ccec4f601e02de1b,5,D40,0.234583,0.872567,0.448244,0.205806,0.0840681,2,0.1681362
India_000080_jpg.rf.4e548656443c67c7ccec4f601e02de1b,4,D20,0.613797,0.797035,0.769365,0.251948,0.077384,2,0.154768
India_000113_jpg.rf.73270e6380cbb4f22fa25ae78f4f957d,5,D40,0.427434,0.78662,0.145097,0.0635508,0.0725894,2,0.1451788
India_000113_jpg.rf.73270e6380cbb4f22fa25ae78f4f957d,5,D40,0.43844,0.792824,0.119655,0.0560059,0.0660617,2,0.1321234
India_000126_jpg.rf.3495c23e0ac9ab8666d03ab545d85f5f,4,D20,0.658589,0.806587,0.234073,0.298536,0.974387,2,1.948774
India_000126_jpg.rf.3495c23e0ac9ab8666d03ab545d85f5f,4,D20,0.720314,0.804986,0.427392,0.31132,0.725911,2,1.451822
India_000126_jpg.rf.3495c23e0ac9ab8666d03ab545d85f5f,4,D20,0.646831,0.84443,0.211728,0.209805,0.671754,2,1.343508
India_000126_jpg.rf.3495c23e0ac9ab8666d03ab545d85f5f,4,D20,0.580143,0.815926,0.803719,0.302068,0.521693,2,1.043386
India_000126_jpg.rf.3495c23e0ac9ab8666d03ab545d85f5f,4,D20,0.645596,0.815344,0.184054,0.263318,0.400325,2,0.80065
India_000126_jpg.rf.3495c23e0ac9ab8666d03ab545d85f5f,4,D20,0.76844,0.839363,0.44617,0.262183,0.277809,2,0.555618
India_000126_jpg.rf.3495c23e0ac9ab8666d03ab545d85f5f,4,D20,0.683733,0.813317,0.632534,0.269971,0.26003,2,0.52006
India_000126_jpg.rf.3495c23e0ac9ab8666d03ab545d85f5f,4,D20,0.437521,0.828838,0.797641,0.284539,0.15918,2,0.31836
India_000126_jpg.rf.3495c23e0ac9ab8666d03ab545d85f5f,4,D20,0.527117,0.794099,0.57208,0.31937,0.138802,2,0.277604
India_000126_jpg.rf.3495c23e0ac9ab8666d03ab545d85f5f,4,D20,0.658536,0.860347,0.166221,0.172313,0.106229,2,0.212458
India_000126_jpg.rf.3495c23e0ac9ab8666d03ab545d85f5f,4,D20,0.363003,0.813714,0.398934,0.308554,0.105867,2,0.211734
India_000126_jpg.rf.3495c23e0ac9ab8666d03ab545d85f5f,4,D20,0.878004,0.848342,0.243993,0.263869,0.100798,2,0.201596
India_000146_jpg.rf.d8fbc816b7c5c45f22ac973e534c698d,7,D44,0.752964,0.740406,0.0947391,0.111024,0.144799,3,0.43439700000000003
India_000156_jpg.rf.cd6439f93684cdc43789991223e9994f,4,D20,0.456363,0.738387,0.841313,0.265857,0.443908,2,0.887816
India_000164_jpg.rf.63d478e8abf51ba9fa3390e60b036d83,4,D20,0.456873,0.756243,0.858029,0.263374,0.926136,2,1.852272
India_000164_jpg.rf.63d478e8abf51ba9fa3390e60b036d83,4,D20,0.529834,0.764731,0.395236,0.219609,0.657484,2,1.314968
India_000164_jpg.rf.63d478e8abf51ba9fa3390e60b036d83,4,D20,0.591,0.769223,0.424692,0.203048,0.363863,2,0.727726
India_000164_jpg.rf.63d478e8abf51ba9fa3390e60b036d83,4,D20,0.637656,0.775009,0.591818,0.194765,0.227441,2,0.454882
India_000164_jpg.rf.63d478e8abf51ba9fa3390e60b036d83,4,D20,0.425772,0.759987,0.225036,0.234644,0.165467,2,0.330934
India_000164_jpg.rf.63d478e8abf51ba9fa3390e60b036d83,4,D20,0.592724,0.787616,0.172654,0.16135,0.163611,2,0.327222
India_000164_jpg.rf.63d478e8abf51ba9fa3390e60b036d83,4,D20,0.663233,0.775146,0.41107,0.190515,0.129136,2,0.258272
India_000164_jpg.rf.63d478e8abf51ba9fa3390e60b036d83,4,D20,0.598963,0.766536,0.605824,0.249291,0.121935,2,0.24387
India_000164_jpg.rf.63d478e8abf51ba9fa3390e60b036d83,4,D20,0.713674,0.772342,0.272674,0.196117,0.112228,2,0.224456
India_000164_jpg.rf.63d478e8abf51ba9fa3390e60b036d83,4,D20,0.444848,0.775248,0.552345,0.23216,0.0987471,2,0.1974942
India_000164_jpg.rf.63d478e8abf51ba9fa3390e60b036d83,5,D40,0.599094,0.786913,0.135143,0.140606,0.0830398,2,0.1660796
India_000164_jpg.rf.63d478e8abf51ba9fa3390e60b036d83,0,D00,0.628383,0.798111,0.0969689,0.133386,0.0827396,3,0.2482188
India_000164_jpg.rf.63d478e8abf51ba9fa3390e60b036d83,7,D44,0.620417,0.78864,0.113991,0.15894,0.0669448,3,0.2008344
India_000164_jpg.rf.63d478e8abf51ba9fa3390e60b036d83,7,D44,0.726685,0.790905,0.124168,0.149858,0.0567966,3,0.1703898
India_000164_jpg.rf.63d478e8abf51ba9fa3390e60b036d83,7,D44,0.637786,0.800163,0.0803092,0.134942,0.0544047,3,0.1632141
India_000164_jpg.rf.63d478e8abf51ba9fa3390e60b036d83,4,D20,0.505451,0.750044,0.484793,0.275965,0.0533636,2,0.1067272
India_000166_jpg.rf.db9cf2b9192b292c361b9d031e6d6e6a,5,D40,0.472394,0.492467,0.073307,0.0421459,0.0884502,2,0.1769004
India_000168_jpg.rf.54912dd0b9aecd5eef4e6fcf3adf38da,4,D20,0.405367,0.821807,0.80426,0.286767,0.868871,2,1.737742
India_000168_jpg.rf.54912dd0b9aecd5eef4e6fcf3adf38da,5,D40,0.355471,0.783858,0.556911,0.225354,0.212885,2,0.42577
India_000168_jpg.rf.54912dd0b9aecd5eef4e6fcf3adf38da,5,D40,0.423444,0.805914,0.564839,0.229964,0.131648,2,0.263296
India_000168_jpg.rf.54912dd0b9aecd5eef4e6fcf3adf38da,5,D40,0.427164,0.76916,0.302962,0.167356,0.104858,2,0.209716
India_000168_jpg.rf.54912dd0b9aecd5eef4e6fcf3adf38da,5,D40,0.414706,0.755194,0.19863,0.104791,0.101477,2,0.202954
India_000168_jpg.rf.54912dd0b9aecd5eef4e6fcf3adf38da,4,D20,0.330901,0.815612,0.661802,0.343567,0.0845521,2,0.1691042
India_000168_jpg.rf.54912dd0b9aecd5eef4e6fcf3adf38da,5,D40,0.28134,0.785222,0.56268,0.26047,0.07738,2,0.15476
India_000168_jpg.rf.54912dd0b9aecd5eef4e6fcf3adf38da,5,D40,0.290504,0.741039,0.557725,0.211409,0.0651399,2,0.1302798
India_000168_jpg.rf.54912dd0b9aecd5eef4e6fcf3adf38da,4,D20,0.426838,0.866574,0.853676,0.247153,0.0623366,2,0.1246732
India_000174_jpg.rf.a37242608ed92f6d411b909350c1451e,4,D20,0.484135,0.780482,0.909674,0.262811,0.880811,2,1.761622
India_000174_jpg.rf.a37242608ed92f6d411b909350c1451e,4,D20,0.435725,0.828148,0.871449,0.299568,0.867676,2,1.735352
India_000174_jpg.rf.a37242608ed92f6d411b909350c1451e,5,D40,0.437158,0.766895,0.56677,0.21954,0.630296,2,1.260592
India_000174_jpg.rf.a37242608ed92f6d411b909350c1451e,5,D40,0.327398,0.751175,0.154631,0.0705059,0.609895,2,1.21979
India_000174_jpg.rf.a37242608ed92f6d411b909350c1451e,5,D40,0.310813,0.754896,0.203451,0.109793,0.59637,2,1.19274
India_000174_jpg.rf.a37242608ed92f6d411b909350c1451e,5,D40,0.31925,0.754307,0.25295,0.128316,0.507112,2,1.014224
India_000174_jpg.rf.a37242608ed92f6d411b909350c1451e,5,D40,0.309586,0.752131,0.18489,0.0827599,0.502316,2,1.004632
India_000174_jpg.rf.a37242608ed92f6d411b909350c1451e,5,D40,0.322551,0.767305,0.612439,0.20943,0.45141,2,0.90282
India_000174_jpg.rf.a37242608ed92f6d411b909350c1451e,5,D40,0.526604,0.763705,0.595602,0.234575,0.381437,2,0.762874
India_000174_jpg.rf.a37242608ed92f6d411b909350c1451e,5,D40,0.295539,0.82585,0.591077,0.329611,0.357011,2,0.714022
India_000174_jpg.rf.a37242608ed92f6d411b909350c1451e,5,D40,0.373825,0.734211,0.5859,0.245412,0.336657,2,0.673314
India_000174_jpg.rf.a37242608ed92f6d411b909350c1451e,5,D40,0.265801,0.768933,0.52422,0.295866,0.242154,2,0.484308
India_000174_jpg.rf.a37242608ed92f6d411b909350c1451e,5,D40,0.287404,0.788997,0.267949,0.162483,0.231716,2,0.463432
India_000174_jpg.rf.a37242608ed92f6d411b909350c1451e,5,D40,0.317384,0.782267,0.219248,0.142694,0.227361,2,0.454722
India_000174_jpg.rf.a37242608ed92f6d411b909350c1451e,5,D40,0.606985,0.750942,0.543691,0.253737,0.213614,2,0.427228
India_000174_jpg.rf.a37242608ed92f6d411b909350c1451e,5,D40,0.410157,0.67393,0.112637,0.0495125,0.16987,2,0.33974
India_000174_jpg.rf.a37242608ed92f6d411b909350c1451e,4,D20,0.318115,0.811438,0.636229,0.369078,0.155895,2,0.31179
India_000174_jpg.rf.a37242608ed92f6d411b909350c1451e,5,D40,0.429379,0.667734,0.162359,0.0695813,0.13304,2,0.26608
India_000174_jpg.rf.a37242608ed92f6d411b909350c1451e,5,D40,0.285166,0.666614,0.128916,0.059,0.132457,2,0.264914
India_000174_jpg.rf.a37242608ed92f6d411b909350c1451e,5,D40,0.333119,0.740253,0.296312,0.151987,0.111894,2,0.223788
India_000174_jpg.rf.a37242608ed92f6d411b909350c1451e,5,D40,0.284029,0.664142,0.15919,0.0714272,0.0946358,2,0.1892716
India_000174_jpg.rf.a37242608ed92f6d411b909350c1451e,4,D20,0.226405,0.8307,0.452811,0.338599,0.0935772,2,0.1871544
India_000174_jpg.rf.a37242608ed92f6d411b909350c1451e,5,D40,0.371216,0.744962,0.258156,0.131814,0.0924201,2,0.1848402
India_000174_jpg.rf.a37242608ed92f6d411b909350c1451e,5,D40,0.354469,0.784326,0.281924,0.160142,0.0915201,2,0.1830402
India_000174_jpg.rf.a37242608ed92f6d411b909350c1451e,5,D40,0.409702,0.66478,0.143157,0.0783268,0.0889707,2,0.1779414
India_000174_jpg.rf.a37242608ed92f6d411b909350c1451e,5,D40,0.439575,0.706068,0.551169,0.221681,0.0877027,2,0.1754054
India_000174_jpg.rf.a37242608ed92f6d411b909350c1451e,5,D40,0.155172,0.703259,0.310344,0.137125,0.0846743,2,0.1693486
India_000174_jpg.rf.a37242608ed92f6d411b909350c1451e,5,D40,0.166264,0.705861,0.163195,0.0919788,0.0827071,2,0.1654142
India_000174_jpg.rf.a37242608ed92f6d411b909350c1451e,5,D40,0.295507,0.69698,0.574028,0.211901,0.0802627,2,0.1605254
India_000174_jpg.rf.a37242608ed92f6d411b909350c1451e,5,D40,0.356458,0.664378,0.341217,0.0898382,0.0718835,2,0.143767
India_000174_jpg.rf.a37242608ed92f6d411b909350c1451e,5,D40,0.544344,0.702205,0.561345,0.212031,0.0718751,2,0.1437502
India_000174_jpg.rf.a37242608ed92f6d411b909350c1451e,5,D40,0.144335,0.697744,0.254583,0.11476,0.0699443,2,0.1398886
India_000174_jpg.rf.a37242608ed92f6d411b909350c1451e,5,D40,0.123731,0.72006,0.203479,0.0715093,0.0692596,2,0.1385192
India_000174_jpg.rf.a37242608ed92f6d411b909350c1451e,4,D20,0.375778,0.866344,0.751557,0.267312,0.0690771,2,0.1381542
India_000174_jpg.rf.a37242608ed92f6d411b909350c1451e,5,D40,0.44464,0.663771,0.207223,0.0805158,0.0661374,2,0.1322748
India_000174_jpg.rf.a37242608ed92f6d411b909350c1451e,5,D40,0.422217,0.752074,0.359927,0.124437,0.065875,2,0.13175
India_000174_jpg.rf.a37242608ed92f6d411b909350c1451e,5,D40,0.165496,0.722036,0.134935,0.0517435,0.0645461,2,0.1290922
India_000174_jpg.rf.a37242608ed92f6d411b909350c1451e,5,D40,0.291137,0.762856,0.243555,0.151418,0.0635726,2,0.1271452
India_000174_jpg.rf.a37242608ed92f6d411b909350c1451e,5,D40,0.123498,0.711645,0.24069,0.108924,0.0599597,2,0.1199194
India_000174_jpg.rf.a37242608ed92f6d411b909350c1451e,5,D40,0.284582,0.774299,0.206793,0.122525,0.0552344,2,0.1104688
India_000194_jpg.rf.50a5cfc1188001d2a7707663f8ba0906,7,D44,0.715313,0.841234,0.0938041,0.114072,0.0710553,3,0.21316590000000002
India_000200_jpg.rf.f53e813d2c5ff01c296b6d941ab1bf79,4,D20,0.394898,0.852436,0.776247,0.268365,0.892219,2,1.784438
India_000200_jpg.rf.f53e813d2c5ff01c296b6d941ab1bf79,7,D44,0.154619,0.900795,0.189223,0.16142,0.132307,3,0.396921
India_000261_jpg.rf.36a198fb0df0b60592599eb8263289bc,4,D20,0.458014,0.895249,0.70408,0.209502,0.241746,2,0.483492
India_000261_jpg.rf.36a198fb0df0b60592599eb8263289bc,5,D40,0.497512,0.917118,0.140326,0.139291,0.189933,2,0.379866
India_000261_jpg.rf.36a198fb0df0b60592599eb8263289bc,4,D20,0.497994,0.916211,0.149203,0.143682,0.167628,2,0.335256
India_000261_jpg.rf.36a198fb0df0b60592599eb8263289bc,4,D20,0.506386,0.91272,0.442597,0.174561,0.108889,2,0.217778
India_000261_jpg.rf.36a198fb0df0b60592599eb8263289bc,4,D20,0.60953,0.906463,0.480949,0.187073,0.067903,2,0.135806
India_000261_jpg.rf.36a198fb0df0b60592599eb8263289bc,4,D20,0.478035,0.919254,0.604877,0.159043,0.0626317,2,0.1252634
India_000305_jpg.rf.3d636ab0f673146f7be290e6597bce7f,5,D40,0.0828996,0.588247,0.0985591,0.0441708,0.0563483,2,0.1126966
India_000349_jpg.rf.204e930f6b426e60ba4ab11a75f101fa,4,D20,0.534394,0.896867,0.909098,0.205934,0.219938,2,0.439876
India_000368_jpg.rf.617c082cfbe9b1984a89d8bdf27895d1,5,D40,0.356623,0.641227,0.24494,0.0785799,0.153526,2,0.307052
India_000368_jpg.rf.617c082cfbe9b1984a89d8bdf27895d1,5,D40,0.348796,0.63715,0.306823,0.101149,0.140544,2,0.281088
India_000368_jpg.rf.617c082cfbe9b1984a89d8bdf27895d1,0,D00,0.579396,0.73337,0.0723236,0.119082,0.128461,3,0.385383
India_000368_jpg.rf.617c082cfbe9b1984a89d8bdf27895d1,5,D40,0.316009,0.647441,0.149181,0.0614069,0.0513182,2,0.1026364
India_000384_jpg.rf.ffded4d67b6468c6f1355653d015483b,5,D40,0.580587,0.824067,0.180111,0.125015,0.240258,2,0.480516
India_000411_jpg.rf.bc02f84df40eed4a01a6da7061ef01c8,4,D20,0.844478,0.758431,0.272281,0.218746,0.0594458,2,0.1188916
India_000429_jpg.rf.3c8ed4d476671a9969828a2a74ca095f,4,D20,0.428136,0.842655,0.347046,0.310068,0.0614139,2,0.1228278
India_000456_jpg.rf.2351ad1471fb601753fc56750bb1c574,4,D20,0.588109,0.777867,0.791401,0.244945,0.201773,2,0.403546
India_000456_jpg.rf.2351ad1471fb601753fc56750bb1c574,4,D20,0.519642,0.802997,0.949435,0.235874,0.0901993,2,0.1803986
India_000456_jpg.rf.2351ad1471fb601753fc56750bb1c574,4,D20,0.768158,0.786322,0.234342,0.237455,0.0646934,2,0.1293868
India_000456_jpg.rf.2351ad1471fb601753fc56750bb1c574,4,D20,0.677856,0.797257,0.644288,0.242019,0.0564942,2,0.1129884
India_000471_jpg.rf.06055cd14071308caaf25f9c01936397,4,D20,0.60932,0.859394,0.781361,0.266836,0.138037,2,0.276074
India_000471_jpg.rf.06055cd14071308caaf25f9c01936397,7,D44,0.36404,0.891221,0.177002,0.21621,0.130505,3,0.39151500000000006
India_000471_jpg.rf.06055cd14071308caaf25f9c01936397,7,D44,0.350845,0.915227,0.159158,0.167471,0.0707893,3,0.2123679
India_000483_jpg.rf.9aaaa91ee351ee672f6a5f241a136b5c,4,D20,0.477152,0.82646,0.899675,0.289146,0.696853,2,1.393706
India_000500_jpg.rf.ae08c9cf8b4e23a000835d7fe879268b,4,D20,0.395475,0.818678,0.748089,0.25677,0.292446,2,0.584892
India_000500_jpg.rf.ae08c9cf8b4e23a000835d7fe879268b,4,D20,0.417555,0.810398,0.265188,0.200247,0.163151,2,0.326302
India_000500_jpg.rf.ae08c9cf8b4e23a000835d7fe879268b,4,D20,0.535325,0.83871,0.515052,0.190555,0.113613,2,0.227226
India_000500_jpg.rf.ae08c9cf8b4e23a000835d7fe879268b,4,D20,0.387555,0.809698,0.417697,0.198476,0.10583,2,0.21166
India_000500_jpg.rf.ae08c9cf8b4e23a000835d7fe879268b,4,D20,0.490185,0.813858,0.38661,0.212875,0.0969174,2,0.1938348
India_000500_jpg.rf.ae08c9cf8b4e23a000835d7fe879268b,4,D20,0.432178,0.807242,0.193772,0.186637,0.0601061,2,0.1202122
India_000519_jpg.rf.5c761d31be1e186916444a10f41b6dea,7,D44,0.555683,0.878083,0.0768238,0.158564,0.0538542,3,0.1615626
India_000524_jpg.rf.23446aa9c29abf747325d89d009e608c,4,D20,0.496446,0.739093,0.9588,0.518789,0.071298,2,0.142596
India_000537_jpg.rf.f062ae77093b420b3b7950fdb8ffa680,4,D20,0.575651,0.826764,0.822477,0.27094,0.952193,2,1.904386
India_000537_jpg.rf.f062ae77093b420b3b7950fdb8ffa680,4,D20,0.690683,0.835182,0.618634,0.273896,0.484655,2,0.96931
India_000537_jpg.rf.f062ae77093b420b3b7950fdb8ffa680,5,D40,0.673962,0.808752,0.541475,0.291944,0.291047,2,0.582094
India_000537_jpg.rf.f062ae77093b420b3b7950fdb8ffa680,5,D40,0.605526,0.728458,0.194879,0.0918676,0.290743,2,0.581486
India_000537_jpg.rf.f062ae77093b420b3b7950fdb8ffa680,5,D40,0.593004,0.729329,0.139602,0.0615412,0.241017,2,0.482034
India_000537_jpg.rf.f062ae77093b420b3b7950fdb8ffa680,5,D40,0.637825,0.687286,0.0659996,0.0330822,0.182882,2,0.365764
India_000537_jpg.rf.f062ae77093b420b3b7950fdb8ffa680,5,D40,0.577316,0.727791,0.10587,0.0522042,0.152447,2,0.304894
India_000537_jpg.rf.f062ae77093b420b3b7950fdb8ffa680,5,D40,0.751534,0.822348,0.495751,0.286055,0.152086,2,0.304172
India_000537_jpg.rf.f062ae77093b420b3b7950fdb8ffa680,5,D40,0.615682,0.770494,0.523625,0.265831,0.148359,2,0.296718
India_000537_jpg.rf.f062ae77093b420b3b7950fdb8ffa680,5,D40,0.377769,0.683012,0.143074,0.0956252,0.144944,2,0.289888
India_000537_jpg.rf.f062ae77093b420b3b7950fdb8ffa680,4,D20,0.507411,0.868157,0.955933,0.261606,0.139154,2,0.278308
India_000537_jpg.rf.f062ae77093b420b3b7950fdb8ffa680,4,D20,0.777196,0.836637,0.440515,0.253211,0.129886,2,0.259772
India_000537_jpg.rf.f062ae77093b420b3b7950fdb8ffa680,5,D40,0.385099,0.668167,0.129321,0.060508,0.129623,2,0.259246
India_000537_jpg.rf.f062ae77093b420b3b7950fdb8ffa680,5,D40,0.627006,0.710515,0.213041,0.0685095,0.114063,2,0.228126
India_000537_jpg.rf.f062ae77093b420b3b7950fdb8ffa680,5,D40,0.608046,0.707112,0.160382,0.0811966,0.105188,2,0.210376
India_000537_jpg.rf.f062ae77093b420b3b7950fdb8ffa680,4,D20,0.655405,0.87321,0.689191,0.246873,0.0884932,2,0.1769864
India_000537_jpg.rf.f062ae77093b420b3b7950fdb8ffa680,5,D40,0.610325,0.737326,0.18265,0.0614996,0.0867094,2,0.1734188
India_000537_jpg.rf.f062ae77093b420b3b7950fdb8ffa680,5,D40,0.568722,0.714125,0.258882,0.0832458,0.0833832,2,0.1667664
India_000537_jpg.rf.f062ae77093b420b3b7950fdb8ffa680,4,D20,0.599423,0.809623,0.544049,0.28518,0.0788341,2,0.1576682
India_000537_jpg.rf.f062ae77093b420b3b7950fdb8ffa680,5,D40,0.365411,0.712054,0.170828,0.153732,0.0646543,2,0.1293086
India_000537_jpg.rf.f062ae77093b420b3b7950fdb8ffa680,4,D20,0.864329,0.845045,0.271342,0.247362,0.0637881,2,0.1275762
India_000537_jpg.rf.f062ae77093b420b3b7950fdb8ffa680,5,D40,0.741713,0.678405,0.122926,0.0445482,0.0569109,2,0.1138218
India_000537_jpg.rf.f062ae77093b420b3b7950fdb8ffa680,4,D20,0.453113,0.824906,0.89352,0.339637,0.0565814,2,0.1131628
India_000537_jpg.rf.f062ae77093b420b3b7950fdb8ffa680,5,D40,0.665713,0.681935,0.169355,0.0542138,0.0547568,2,0.1095136
India_000537_jpg.rf.f062ae77093b420b3b7950fdb8ffa680,4,D20,0.707864,0.858461,0.541342,0.216326,0.0545548,2,0.1091096
India_000537_jpg.rf.f062ae77093b420b3b7950fdb8ffa680,5,D40,0.627625,0.729905,0.263042,0.102589,0.0531518,2,0.1063036
India_000537_jpg.rf.f062ae77093b420b3b7950fdb8ffa680,5,D40,0.692572,0.678107,0.200558,0.0579986,0.0524944,2,0.1049888
India_000537_jpg.rf.f062ae77093b420b3b7950fdb8ffa680,5,D40,0.479863,0.70752,0.063819,0.0441656,0.0521746,2,0.1043492
India_000537_jpg.rf.f062ae77093b420b3b7950fdb8ffa680,5,D40,0.719486,0.677933,0.16507,0.0501629,0.05154,2,0.10308
India_000537_jpg.rf.f062ae77093b420b3b7950fdb8ffa680,5,D40,0.385144,0.680044,0.117625,0.0664472,0.0507421,2,0.1014842
India_000555_jpg.rf.053f4fc16f5b2556faef66aa16f01554,4,D20,0.767802,0.865128,0.391956,0.269744,0.219595,2,0.43919
India_000555_jpg.rf.053f4fc16f5b2556faef66aa16f01554,4,D20,0.581112,0.877308,0.835951,0.242205,0.121782,2,0.243564
India_000555_jpg.rf.053f4fc16f5b2556faef66aa16f01554,4,D20,0.798099,0.894498,0.386307,0.211004,0.0651272,2,0.1302544
India_000568_jpg.rf.b691a715c8997dc17bed61cc15aa82f3,4,D20,0.567682,0.861887,0.846093,0.270549,0.246076,2,0.492152
India_000568_jpg.rf.b691a715c8997dc17bed61cc15aa82f3,4,D20,0.381305,0.864188,0.372581,0.271624,0.0738844,2,0.1477688
India_000568_jpg.rf.b691a715c8997dc17bed61cc15aa82f3,4,D20,0.459948,0.873975,0.473464,0.252049,0.0608975,2,0.121795
India_000577_jpg.rf.50230c7da93f01ca695b7b6c6a67424a,4,D20,0.487914,0.764729,0.915477,0.236251,0.0557217,2,0.1114434
India_000631_jpg.rf.b02bb0033a6d2a8712d73eeb5daf01b7,4,D20,0.543544,0.791385,0.901704,0.32489,0.501349,2,1.002698
India_000635_jpg.rf.a4a0b9d35c50257382053e36307d86ce,5,D40,0.402117,0.723051,0.123467,0.0617023,0.161197,2,0.322394
India_000635_jpg.rf.a4a0b9d35c50257382053e36307d86ce,5,D40,0.383819,0.723992,0.156732,0.0828919,0.0662486,2,0.1324972
India_000638_jpg.rf.c7e994a2ef88803e6b74789f50557e2c,7,D44,0.641331,0.854612,0.119918,0.234104,0.138225,3,0.41467499999999996
India_000638_jpg.rf.c7e994a2ef88803e6b74789f50557e2c,7,D44,0.650668,0.896043,0.0977835,0.194883,0.121994,3,0.36598200000000003
India_000638_jpg.rf.c7e994a2ef88803e6b74789f50557e2c,7,D44,0.668455,0.89164,0.137034,0.215417,0.0844762,3,0.2534286
India_000638_jpg.rf.c7e994a2ef88803e6b74789f50557e2c,7,D44,0.292677,0.916199,0.19516,0.167603,0.0831785,3,0.24953550000000002
India_000665_jpg.rf.9af8076aadc1fea8b768aad026a7e31a,4,D20,0.801735,0.871988,0.396531,0.256025,0.991445,2,1.98289
India_000665_jpg.rf.9af8076aadc1fea8b768aad026a7e31a,4,D20,0.619321,0.865274,0.761357,0.234728,0.979786,2,1.959572
India_000665_jpg.rf.9af8076aadc1fea8b768aad026a7e31a,4,D20,0.714513,0.847653,0.492704,0.247985,0.975912,2,1.951824
India_000665_jpg.rf.9af8076aadc1fea8b768aad026a7e31a,4,D20,0.641392,0.829583,0.391693,0.233814,0.973991,2,1.947982
India_000665_jpg.rf.9af8076aadc1fea8b768aad026a7e31a,4,D20,0.841544,0.888512,0.316913,0.222976,0.80215,2,1.6043
India_000665_jpg.rf.9af8076aadc1fea8b768aad026a7e31a,4,D20,0.587845,0.821053,0.323818,0.240389,0.785766,2,1.571532
India_000665_jpg.rf.9af8076aadc1fea8b768aad026a7e31a,4,D20,0.741397,0.872046,0.517206,0.250298,0.690957,2,1.381914
India_000665_jpg.rf.9af8076aadc1fea8b768aad026a7e31a,5,D40,0.609678,0.867822,0.120159,0.112474,0.597208,2,1.194416
India_000665_jpg.rf.9af8076aadc1fea8b768aad026a7e31a,4,D20,0.585176,0.831098,0.175756,0.184242,0.540962,2,1.081924
India_000665_jpg.rf.9af8076aadc1fea8b768aad026a7e31a,4,D20,0.596607,0.822522,0.552299,0.215408,0.338029,2,0.676058
India_000665_jpg.rf.9af8076aadc1fea8b768aad026a7e31a,4,D20,0.589134,0.862625,0.141963,0.115677,0.301402,2,0.602804
India_000665_jpg.rf.9af8076aadc1fea8b768aad026a7e31a,4,D20,0.482063,0.841011,0.586276,0.245311,0.142936,2,0.285872
India_000665_jpg.rf.9af8076aadc1fea8b768aad026a7e31a,0,D00,0.587537,0.823346,0.163839,0.201181,0.141129,3,0.423387
India_000665_jpg.rf.9af8076aadc1fea8b768aad026a7e31a,4,D20,0.867465,0.912204,0.260869,0.175558,0.12074,2,0.24148
India_000665_jpg.rf.9af8076aadc1fea8b768aad026a7e31a,0,D00,0.707555,0.893025,0.0843423,0.172504,0.113892,3,0.341676
India_000665_jpg.rf.9af8076aadc1fea8b768aad026a7e31a,5,D40,0.277159,0.872094,0.157607,0.11274,0.101869,2,0.203738
India_000665_jpg.rf.9af8076aadc1fea8b768aad026a7e31a,7,D44,0.286126,0.855563,0.173491,0.155954,0.0962848,3,0.2888544
India_000665_jpg.rf.9af8076aadc1fea8b768aad026a7e31a,0,D00,0.865089,0.909684,0.249091,0.180633,0.093819,3,0.281457
India_000665_jpg.rf.9af8076aadc1fea8b768aad026a7e31a,0,D00,0.854767,0.953756,0.0510689,0.0899328,0.0819994,3,0.2459982
India_000665_jpg.rf.9af8076aadc1fea8b768aad026a7e31a,5,D40,0.557858,0.763147,0.106298,0.0495512,0.0802093,2,0.1604186
India_000665_jpg.rf.9af8076aadc1fea8b768aad026a7e31a,4,D20,0.623456,0.843897,0.192927,0.186526,0.0694086,2,0.1388172
India_000665_jpg.rf.9af8076aadc1fea8b768aad026a7e31a,0,D00,0.802046,0.934085,0.093099,0.113776,0.0631815,3,0.1895445
India_000665_jpg.rf.9af8076aadc1fea8b768aad026a7e31a,0,D00,0.283985,0.85015,0.192104,0.18091,0.0613682,3,0.1841046
India_000665_jpg.rf.9af8076aadc1fea8b768aad026a7e31a,5,D40,0.587468,0.849959,0.157931,0.152046,0.060336,2,0.120672
India_000665_jpg.rf.9af8076aadc1fea8b768aad026a7e31a,0,D00,0.536553,0.858145,0.0563096,0.094725,0.0576251,3,0.1728753
India_000665_jpg.rf.9af8076aadc1fea8b768aad026a7e31a,5,D40,0.267459,0.881789,0.139542,0.075741,0.0571382,2,0.1142764
India_000665_jpg.rf.9af8076aadc1fea8b768aad026a7e31a,0,D00,0.718207,0.876855,0.0878782,0.208091,0.0560246,3,0.1680738
India_000665_jpg.rf.9af8076aadc1fea8b768aad026a7e31a,5,D40,0.567217,0.818169,0.142195,0.177506,0.053656,2,0.107312
India_000665_jpg.rf.9af8076aadc1fea8b768aad026a7e31a,4,D20,0.602815,0.860914,0.150715,0.159963,0.0527818,2,0.1055636
India_000665_jpg.rf.9af8076aadc1fea8b768aad026a7e31a,4,D20,0.289628,0.852151,0.172472,0.164382,0.0518058,2,0.1036116
India_000678_jpg.rf.78bdecb0ecab09d4eebcf7f015dbed17,4,D20,0.415009,0.830343,0.811826,0.288503,0.700827,2,1.401654
India_000678_jpg.rf.78bdecb0ecab09d4eebcf7f015dbed17,7,D44,0.387563,0.752508,0.0942975,0.0906101,0.151808,3,0.455424
India_000678_jpg.rf.78bdecb0ecab09d4eebcf7f015dbed17,4,D20,0.494148,0.808684,0.649518,0.268064,0.0879014,2,0.1758028
India_000678_jpg.rf.78bdecb0ecab09d4eebcf7f015dbed17,4,D20,0.287412,0.842102,0.447747,0.284033,0.0625173,2,0.1250346
India_000725_jpg.rf.b813b66d96e17c81ee01c8c7200519ad,4,D20,0.547923,0.893724,0.876662,0.212553,0.0740307,2,0.1480614
India_000741_jpg.rf.c8f260324cafd4820fb5805958d7ebd4,5,D40,0.177897,0.551679,0.188147,0.121974,0.0571858,2,0.1143716
India_000744_jpg.rf.27da3d5736334d2474c5531a082d65c7,5,D40,0.692264,0.880002,0.13861,0.053422,0.267445,2,0.53489
India_000744_jpg.rf.27da3d5736334d2474c5531a082d65c7,7,D44,0.757138,0.915109,0.149049,0.147385,0.167483,3,0.5024489999999999
India_000744_jpg.rf.27da3d5736334d2474c5531a082d65c7,5,D40,0.711807,0.868651,0.183565,0.0819636,0.108849,2,0.217698
India_000744_jpg.rf.27da3d5736334d2474c5531a082d65c7,7,D44,0.735694,0.915697,0.162735,0.127629,0.074223,3,0.222669
India_000744_jpg.rf.27da3d5736334d2474c5531a082d65c7,7,D44,0.761308,0.924923,0.115174,0.134538,0.0637017,3,0.1911051
India_000744_jpg.rf.27da3d5736334d2474c5531a082d65c7,7,D44,0.722908,0.913012,0.226094,0.162776,0.0623647,3,0.1870941
India_000756_jpg.rf.f153906f3558a659bfe6fef26b82e2b6,5,D40,0.347047,0.706984,0.157995,0.10367,0.141358,2,0.282716
India_000756_jpg.rf.f153906f3558a659bfe6fef26b82e2b6,5,D40,0.311819,0.70921,0.21671,0.0926636,0.130839,2,0.261678
India_000756_jpg.rf.f153906f3558a659bfe6fef26b82e2b6,5,D40,0.327513,0.717124,0.220226,0.139085,0.0568277,2,0.1136554
India_000756_jpg.rf.f153906f3558a659bfe6fef26b82e2b6,4,D20,0.494068,0.835811,0.921175,0.297722,0.0529237,2,0.1058474
India_000762_jpg.rf.1755f6da47017696b1b5835618ebc072,7,D44,0.579813,0.8488,0.0897913,0.180549,0.0910296,3,0.2730888
India_000762_jpg.rf.1755f6da47017696b1b5835618ebc072,7,D44,0.583362,0.860525,0.0740008,0.151531,0.089139,3,0.267417
India_000788_jpg.rf.94b49c19782cf7bb12cf1a229a45790a,4,D20,0.484595,0.847549,0.918716,0.292353,0.665097,2,1.330194
India_000815_jpg.rf.b95a9afea46f10b67cb8ce6b9315e867,4,D20,0.493391,0.900555,0.455897,0.19889,0.566603,2,1.133206
India_000815_jpg.rf.b95a9afea46f10b67cb8ce6b9315e867,7,D44,0.570647,0.92902,0.118434,0.140844,0.482421,3,1.447263
India_000815_jpg.rf.b95a9afea46f10b67cb8ce6b9315e867,7,D44,0.566499,0.933736,0.0843381,0.130339,0.294897,3,0.8846910000000001
India_000815_jpg.rf.b95a9afea46f10b67cb8ce6b9315e867,4,D20,0.584121,0.913459,0.606315,0.173081,0.245214,2,0.490428
India_000815_jpg.rf.b95a9afea46f10b67cb8ce6b9315e867,4,D20,0.477603,0.887013,0.35399,0.225974,0.244391,2,0.488782
India_000815_jpg.rf.b95a9afea46f10b67cb8ce6b9315e867,4,D20,0.350056,0.898244,0.656448,0.203513,0.192035,2,0.38407
India_000815_jpg.rf.b95a9afea46f10b67cb8ce6b9315e867,7,D44,0.555746,0.924757,0.0792248,0.123376,0.167334,3,0.5020020000000001
India_000815_jpg.rf.b95a9afea46f10b67cb8ce6b9315e867,4,D20,0.429426,0.910198,0.348213,0.179604,0.116112,2,0.232224
India_000815_jpg.rf.b95a9afea46f10b67cb8ce6b9315e867,4,D20,0.506759,0.926274,0.52503,0.146364,0.0948745,2,0.189749
India_000815_jpg.rf.b95a9afea46f10b67cb8ce6b9315e867,0,D00,0.562863,0.927166,0.172754,0.145669,0.0746387,3,0.2239161
India_000815_jpg.rf.b95a9afea46f10b67cb8ce6b9315e867,0,D00,0.363666,0.910709,0.187289,0.177458,0.0625265,3,0.1875795
India_000815_jpg.rf.b95a9afea46f10b67cb8ce6b9315e867,0,D00,0.533198,0.885064,0.197678,0.225956,0.0567909,3,0.1703727
India_000815_jpg.rf.b95a9afea46f10b67cb8ce6b9315e867,4,D20,0.421158,0.916913,0.688613,0.165543,0.0548061,2,0.1096122
India_000894_jpg.rf.1ebc181cb2c92bd4b404d3ce4063cf85,4,D20,0.777532,0.886355,0.244892,0.225546,0.105159,2,0.210318
India_000894_jpg.rf.1ebc181cb2c92bd4b404d3ce4063cf85,4,D20,0.745672,0.878029,0.32861,0.243942,0.0721738,2,0.1443476
India_000894_jpg.rf.1ebc181cb2c92bd4b404d3ce4063cf85,4,D20,0.582647,0.882802,0.810794,0.233884,0.0634209,2,0.1268418
India_000976_jpg.rf.f169fb84d8e99402747add8a939ba920,4,D20,0.708986,0.772055,0.466686,0.279385,0.993516,2,1.987032
India_000976_jpg.rf.f169fb84d8e99402747add8a939ba920,4,D20,0.712282,0.809716,0.575435,0.275737,0.989586,2,1.979172
India_000976_jpg.rf.f169fb84d8e99402747add8a939ba920,4,D20,0.750001,0.738194,0.49821,0.184738,0.697676,2,1.395352
India_000976_jpg.rf.f169fb84d8e99402747add8a939ba920,4,D20,0.834803,0.824945,0.330393,0.250861,0.460988,2,0.921976
India_000976_jpg.rf.f169fb84d8e99402747add8a939ba920,4,D20,0.685044,0.723711,0.429959,0.175354,0.375176,2,0.750352
India_000976_jpg.rf.f169fb84d8e99402747add8a939ba920,4,D20,0.630634,0.768945,0.420181,0.276707,0.183147,2,0.366294
India_000976_jpg.rf.f169fb84d8e99402747add8a939ba920,4,D20,0.635155,0.704467,0.228907,0.201243,0.128612,2,0.257224
India_000976_jpg.rf.f169fb84d8e99402747add8a939ba920,4,D20,0.666048,0.70588,0.309934,0.181142,0.0798638,2,0.1597276
India_000976_jpg.rf.f169fb84d8e99402747add8a939ba920,4,D20,0.616912,0.819512,0.243432,0.173408,0.078987,2,0.157974
India_000976_jpg.rf.f169fb84d8e99402747add8a939ba920,5,D40,0.726891,0.717116,0.240738,0.0862598,0.0756409,2,0.1512818
India_000976_jpg.rf.f169fb84d8e99402747add8a939ba920,4,D20,0.650241,0.850857,0.699518,0.225584,0.0721402,2,0.1442804
India_000976_jpg.rf.f169fb84d8e99402747add8a939ba920,5,D40,0.743549,0.735381,0.348255,0.162872,0.0719583,2,0.1439166
India_000976_jpg.rf.f169fb84d8e99402747add8a939ba920,4,D20,0.855442,0.851768,0.289117,0.210527,0.0631172,2,0.1262344
India_000976_jpg.rf.f169fb84d8e99402747add8a939ba920,0,D00,0.565615,0.839377,0.0563322,0.123966,0.0619388,3,0.1858164
India_000976_jpg.rf.f169fb84d8e99402747add8a939ba920,5,D40,0.668343,0.722252,0.24805,0.120023,0.0582325,2,0.116465
India_001006_jpg.rf.4ab3ca1516cc110cdc3ec5a53a4a1192,4,D20,0.430029,0.741245,0.842125,0.286749,0.343032,2,0.686064
India_001006_jpg.rf.4ab3ca1516cc110cdc3ec5a53a4a1192,5,D40,0.329893,0.786972,0.0691477,0.0410309,0.199184,2,0.398368
India_001006_jpg.rf.4ab3ca1516cc110cdc3ec5a53a4a1192,5,D40,0.276664,0.807296,0.544038,0.200681,0.15245,2,0.3049
India_001006_jpg.rf.4ab3ca1516cc110cdc3ec5a53a4a1192,4,D20,0.314042,0.753288,0.609592,0.299016,0.142131,2,0.284262
India_001006_jpg.rf.4ab3ca1516cc110cdc3ec5a53a4a1192,5,D40,0.35634,0.802776,0.267249,0.140283,0.131936,2,0.263872
India_001006_jpg.rf.4ab3ca1516cc110cdc3ec5a53a4a1192,5,D40,0.319646,0.771562,0.551645,0.237925,0.101917,2,0.203834
India_001006_jpg.rf.4ab3ca1516cc110cdc3ec5a53a4a1192,4,D20,0.434793,0.785658,0.866094,0.245733,0.0996284,2,0.1992568
India_001006_jpg.rf.4ab3ca1516cc110cdc3ec5a53a4a1192,4,D20,0.410138,0.732282,0.506262,0.278064,0.0961652,2,0.1923304
India_001006_jpg.rf.4ab3ca1516cc110cdc3ec5a53a4a1192,5,D40,0.256399,0.838307,0.496209,0.301915,0.0959222,2,0.1918444
India_001006_jpg.rf.4ab3ca1516cc110cdc3ec5a53a4a1192,4,D20,0.458695,0.724188,0.287807,0.264145,0.0922253,2,0.1844506
India_001006_jpg.rf.4ab3ca1516cc110cdc3ec5a53a4a1192,5,D40,0.522951,0.650959,0.183229,0.10266,0.0744006,2,0.1488012
India_001006_jpg.rf.4ab3ca1516cc110cdc3ec5a53a4a1192,5,D40,0.503709,0.66451,0.279762,0.169622,0.0729342,2,0.1458684
India_001006_jpg.rf.4ab3ca1516cc110cdc3ec5a53a4a1192,5,D40,0.365834,0.741268,0.552563,0.292584,0.0709093,2,0.1418186
India_001006_jpg.rf.4ab3ca1516cc110cdc3ec5a53a4a1192,5,D40,0.321378,0.786567,0.0991703,0.0523892,0.0644232,2,0.1288464
India_001007_jpg.rf.ca118c19dbf63aeb448293516e58361c,5,D40,0.578763,0.723666,0.186911,0.148421,0.331795,2,0.66359
India_001007_jpg.rf.ca118c19dbf63aeb448293516e58361c,5,D40,0.577875,0.700119,0.192196,0.0923261,0.286868,2,0.573736
India_001007_jpg.rf.ca118c19dbf63aeb448293516e58361c,5,D40,0.562517,0.692028,0.157017,0.0660234,0.176963,2,0.353926
India_001007_jpg.rf.ca118c19dbf63aeb448293516e58361c,5,D40,0.587237,0.700988,0.168533,0.0724171,0.123904,2,0.247808
India_001007_jpg.rf.ca118c19dbf63aeb448293516e58361c,4,D20,0.481415,0.780707,0.462254,0.267447,0.118253,2,0.236506
India_001007_jpg.rf.ca118c19dbf63aeb448293516e58361c,4,D20,0.527,0.768241,0.351053,0.242422,0.0845339,2,0.1690678
India_001007_jpg.rf.ca118c19dbf63aeb448293516e58361c,5,D40,0.460607,0.735761,0.491312,0.192131,0.0836566,2,0.1673132
India_001007_jpg.rf.ca118c19dbf63aeb448293516e58361c,5,D40,0.514819,0.685926,0.0653786,0.0427942,0.0794426,2,0.1588852
India_001007_jpg.rf.ca118c19dbf63aeb448293516e58361c,4,D20,0.445856,0.807864,0.626615,0.298656,0.0589945,2,0.117989
India_001017_jpg.rf.56d2106148e7339c5685760e962f9d94,4,D20,0.808246,0.821821,0.383508,0.29197,0.343716,2,0.687432
India_001017_jpg.rf.56d2106148e7339c5685760e962f9d94,4,D20,0.86087,0.840356,0.27826,0.266912,0.0813342,2,0.1626684
India_001054_jpg.rf.278cec9a955c011a074769319e701e5d,4,D20,0.484101,0.792933,0.923432,0.393908,0.0895358,2,0.1790716
India_001054_jpg.rf.278cec9a955c011a074769319e701e5d,4,D20,0.480448,0.726073,0.847064,0.309301,0.057163,2,0.114326
India_001059_jpg.rf.54de25583610c9635238ae778ee764df,4,D20,0.496197,0.746189,0.954066,0.507622,0.0784969,2,0.1569938
India_001059_jpg.rf.54de25583610c9635238ae778ee764df,5,D40,0.654552,0.585129,0.539942,0.23539,0.0504045,2,0.100809
India_001065_jpg.rf.0d1167e98db8afbb2faaa93c7f4d7107,4,D20,0.501702,0.846429,0.953329,0.291722,0.088119,2,0.176238
India_001087_jpg.rf.f35354f3a2ef258f22326f929783cc41,4,D20,0.447192,0.81737,0.835051,0.239,0.111537,2,0.223074
India_001088_jpg.rf.d997bac5401a7f3d616290c03237e001,5,D40,0.532804,0.67411,0.220985,0.102157,0.104695,2,0.20939
India_001088_jpg.rf.d997bac5401a7f3d616290c03237e001,5,D40,0.0761617,0.574186,0.137421,0.0680748,0.0949846,2,0.1899692
India_001088_jpg.rf.d997bac5401a7f3d616290c03237e001,5,D40,0.556062,0.684033,0.188675,0.0854845,0.0843759,2,0.1687518
India_001088_jpg.rf.d997bac5401a7f3d616290c03237e001,5,D40,0.54253,0.670199,0.288985,0.117131,0.0834063,2,0.1668126
India_001088_jpg.rf.d997bac5401a7f3d616290c03237e001,5,D40,0.498953,0.67654,0.158266,0.0891398,0.058556,2,0.117112
India_001095_jpg.rf.818be1944c572ef436ad8bb01b53a660,4,D20,0.544329,0.845614,0.896375,0.30508,0.057838,2,0.115676
India_001122_jpg.rf.6813d7858c7c75877c7e2bb803dd96d4,4,D20,0.692488,0.725563,0.428503,0.260678,0.996862,2,1.993724
India_001122_jpg.rf.6813d7858c7c75877c7e2bb803dd96d4,4,D20,0.634931,0.73957,0.719851,0.229912,0.986737,2,1.973474
India_001122_jpg.rf.6813d7858c7c75877c7e2bb803dd96d4,4,D20,0.762086,0.736117,0.469885,0.23094,0.985111,2,1.970222
India_001122_jpg.rf.6813d7858c7c75877c7e2bb803dd96d4,4,D20,0.790796,0.764323,0.418409,0.180283,0.571297,2,1.142594
India_001122_jpg.rf.6813d7858c7c75877c7e2bb803dd96d4,4,D20,0.665994,0.774377,0.668012,0.210904,0.275206,2,0.550412
India_001122_jpg.rf.6813d7858c7c75877c7e2bb803dd96d4,5,D40,0.861924,0.763338,0.235258,0.114452,0.210677,2,0.421354
India_001122_jpg.rf.6813d7858c7c75877c7e2bb803dd96d4,4,D20,0.631611,0.714005,0.390663,0.276039,0.206001,2,0.412002
India_001122_jpg.rf.6813d7858c7c75877c7e2bb803dd96d4,4,D20,0.628462,0.691702,0.243547,0.227187,0.191914,2,0.383828
India_001122_jpg.rf.6813d7858c7c75877c7e2bb803dd96d4,4,D20,0.723875,0.745133,0.299801,0.208157,0.163791,2,0.327582
India_001122_jpg.rf.6813d7858c7c75877c7e2bb803dd96d4,4,D20,0.749249,0.76948,0.286719,0.164351,0.158208,2,0.316416
India_001122_jpg.rf.6813d7858c7c75877c7e2bb803dd96d4,5,D40,0.837569,0.756573,0.285282,0.144209,0.103114,2,0.206228
India_001122_jpg.rf.6813d7858c7c75877c7e2bb803dd96d4,5,D40,0.609301,0.710872,0.148139,0.0786545,0.102776,2,0.205552
India_001122_jpg.rf.6813d7858c7c75877c7e2bb803dd96d4,5,D40,0.57959,0.726156,0.0782745,0.0502699,0.0949949,2,0.1899898
India_001122_jpg.rf.6813d7858c7c75877c7e2bb803dd96d4,4,D20,0.53893,0.721881,0.642746,0.257045,0.0786127,2,0.1572254
India_001122_jpg.rf.6813d7858c7c75877c7e2bb803dd96d4,4,D20,0.65102,0.717424,0.235974,0.262822,0.0732109,2,0.1464218
India_001122_jpg.rf.6813d7858c7c75877c7e2bb803dd96d4,4,D20,0.622082,0.736136,0.31984,0.223649,0.0656742,2,0.1313484
India_001122_jpg.rf.6813d7858c7c75877c7e2bb803dd96d4,4,D20,0.583607,0.747891,0.555297,0.200828,0.0505708,2,0.1011416
India_001225_jpg.rf.b0dfcc2f54a819926bbf98107c2510a1,4,D20,0.398176,0.735032,0.788647,0.275675,0.973992,2,1.947984
India_001225_jpg.rf.b0dfcc2f54a819926bbf98107c2510a1,4,D20,0.500748,0.720932,0.461567,0.26905,0.957589,2,1.915178
India_001225_jpg.rf.b0dfcc2f54a819926bbf98107c2510a1,4,D20,0.431992,0.745707,0.522809,0.242783,0.732499,2,1.464998
India_001225_jpg.rf.b0dfcc2f54a819926bbf98107c2510a1,4,D20,0.509651,0.721137,0.769444,0.285084,0.610473,2,1.220946
India_001225_jpg.rf.b0dfcc2f54a819926bbf98107c2510a1,4,D20,0.363877,0.783244,0.713583,0.276817,0.413833,2,0.827666
India_001225_jpg.rf.b0dfcc2f54a819926bbf98107c2510a1,4,D20,0.575878,0.70709,0.554473,0.274107,0.408397,2,0.816794
India_001225_jpg.rf.b0dfcc2f54a819926bbf98107c2510a1,5,D40,0.537885,0.630576,0.232013,0.107931,0.307503,2,0.615006
India_001225_jpg.rf.b0dfcc2f54a819926bbf98107c2510a1,4,D20,0.456947,0.750775,0.255778,0.195809,0.296164,2,0.592328
India_001225_jpg.rf.b0dfcc2f54a819926bbf98107c2510a1,5,D40,0.551469,0.686328,0.473647,0.287316,0.227357,2,0.454714
India_001225_jpg.rf.b0dfcc2f54a819926bbf98107c2510a1,5,D40,0.533291,0.610308,0.156664,0.0645049,0.222185,2,0.44437
India_001225_jpg.rf.b0dfcc2f54a819926bbf98107c2510a1,4,D20,0.366817,0.773246,0.507997,0.255189,0.200704,2,0.401408
India_001225_jpg.rf.b0dfcc2f54a819926bbf98107c2510a1,4,D20,0.424689,0.766793,0.167659,0.174221,0.188479,2,0.376958
India_001225_jpg.rf.b0dfcc2f54a819926bbf98107c2510a1,5,D40,0.56911,0.636367,0.346172,0.154244,0.177602,2,0.355204
India_001225_jpg.rf.b0dfcc2f54a819926bbf98107c2510a1,4,D20,0.478983,0.76231,0.906866,0.234785,0.167554,2,0.335108
India_001225_jpg.rf.b0dfcc2f54a819926bbf98107c2510a1,5,D40,0.574078,0.610355,0.282182,0.0685143,0.114751,2,0.229502
India_001225_jpg.rf.b0dfcc2f54a819926bbf98107c2510a1,5,D40,0.507147,0.655515,0.270437,0.161748,0.097277,2,0.194554
India_001225_jpg.rf.b0dfcc2f54a819926bbf98107c2510a1,5,D40,0.54937,0.605614,0.167424,0.078116,0.0909997,2,0.1819994
India_001225_jpg.rf.b0dfcc2f54a819926bbf98107c2510a1,4,D20,0.437851,0.747865,0.455621,0.317404,0.0841235,2,0.168247
India_001225_jpg.rf.b0dfcc2f54a819926bbf98107c2510a1,5,D40,0.589165,0.607576,0.301171,0.100577,0.0608731,2,0.1217462
India_001225_jpg.rf.b0dfcc2f54a819926bbf98107c2510a1,5,D40,0.537311,0.616533,0.175908,0.106274,0.0602464,2,0.1204928
India_001225_jpg.rf.b0dfcc2f54a819926bbf98107c2510a1,5,D40,0.677285,0.604469,0.103748,0.0473387,0.0580247,2,0.1160494
India_001238_jpg.rf.fe5c6959db220e400c632a051cba685d,7,D44,0.447802,0.83393,0.0918922,0.107767,0.196858,3,0.590574
India_001240_jpg.rf.25a8005fcba8af5b5187936c5c699b64,5,D40,0.621532,0.760344,0.088875,0.044207,0.181167,2,0.362334
India_001240_jpg.rf.25a8005fcba8af5b5187936c5c699b64,5,D40,0.518198,0.755525,0.0935835,0.0416076,0.105896,2,0.211792
India_001240_jpg.rf.25a8005fcba8af5b5187936c5c699b64,5,D40,0.562618,0.759781,0.216064,0.058943,0.0923832,2,0.1847664
India_001247_jpg.rf.421e7d8447ad79b21c79334bdb206501,4,D20,0.391203,0.809006,0.777551,0.257795,0.441188,2,0.882376
India_001247_jpg.rf.421e7d8447ad79b21c79334bdb206501,5,D40,0.425765,0.676867,0.0778115,0.0519648,0.177011,2,0.354022
India_001247_jpg.rf.421e7d8447ad79b21c79334bdb206501,5,D40,0.459403,0.668539,0.153071,0.0762418,0.167355,2,0.33471
India_001247_jpg.rf.421e7d8447ad79b21c79334bdb206501,5,D40,0.452444,0.677534,0.136001,0.0604518,0.159797,2,0.319594
India_001247_jpg.rf.421e7d8447ad79b21c79334bdb206501,5,D40,0.467964,0.67984,0.163494,0.0811494,0.0942749,2,0.1885498
India_001247_jpg.rf.421e7d8447ad79b21c79334bdb206501,5,D40,0.5652,0.654239,0.133942,0.0440655,0.0807456,2,0.1614912
India_001247_jpg.rf.421e7d8447ad79b21c79334bdb206501,5,D40,0.51718,0.686668,0.281506,0.0860428,0.0764539,2,0.1529078
India_001247_jpg.rf.421e7d8447ad79b21c79334bdb206501,5,D40,0.548384,0.688377,0.200184,0.0616195,0.0742172,2,0.1484344
India_001247_jpg.rf.421e7d8447ad79b21c79334bdb206501,5,D40,0.51348,0.665885,0.223871,0.0782804,0.06465,2,0.1293
India_001247_jpg.rf.421e7d8447ad79b21c79334bdb206501,5,D40,0.430322,0.675529,0.132041,0.0717617,0.0585343,2,0.1170686
India_001247_jpg.rf.421e7d8447ad79b21c79334bdb206501,5,D40,0.416964,0.766389,0.568572,0.286913,0.0504723,2,0.1009446
India_001279_jpg.rf.403e94eaf8fe5b30053bf35504423a17,4,D20,0.439907,0.889473,0.873083,0.218608,0.776753,2,1.553506
India_001279_jpg.rf.403e94eaf8fe5b30053bf35504423a17,4,D20,0.507551,0.855369,0.948753,0.289261,0.68413,2,1.36826
India_001279_jpg.rf.403e94eaf8fe5b30053bf35504423a17,5,D40,0.324095,0.909335,0.591294,0.18133,0.333819,2,0.667638
India_001279_jpg.rf.403e94eaf8fe5b30053bf35504423a17,4,D20,0.335573,0.87733,0.661783,0.245339,0.315331,2,0.630662
India_001279_jpg.rf.403e94eaf8fe5b30053bf35504423a17,4,D20,0.373965,0.907002,0.606995,0.185996,0.277475,2,0.55495
India_001279_jpg.rf.403e94eaf8fe5b30053bf35504423a17,4,D20,0.594685,0.830948,0.800932,0.295679,0.274956,2,0.549912
India_001279_jpg.rf.403e94eaf8fe5b30053bf35504423a17,5,D40,0.44619,0.878632,0.559463,0.242736,0.202742,2,0.405484
India_001279_jpg.rf.403e94eaf8fe5b30053bf35504423a17,5,D40,0.532342,0.864097,0.592551,0.224593,0.0750678,2,0.1501356
India_001279_jpg.rf.403e94eaf8fe5b30053bf35504423a17,5,D40,0.224368,0.908758,0.444093,0.180771,0.0619338,2,0.1238676
India_001314_jpg.rf.1b0ba1ad9176c772afbac35b745f12db,4,D20,0.525018,0.747719,0.929845,0.47876,0.818111,2,1.636222
India_001314_jpg.rf.1b0ba1ad9176c772afbac35b745f12db,5,D40,0.62617,0.554224,0.0802609,0.0400927,0.41664,2,0.83328
India_001314_jpg.rf.1b0ba1ad9176c772afbac35b745f12db,5,D40,0.757835,0.598804,0.471233,0.211111,0.414086,2,0.828172
India_001314_jpg.rf.1b0ba1ad9176c772afbac35b745f12db,5,D40,0.61991,0.549767,0.0915138,0.052054,0.392189,2,0.784378
India_001314_jpg.rf.1b0ba1ad9176c772afbac35b745f12db,5,D40,0.671132,0.543366,0.218474,0.0588843,0.360413,2,0.720826
India_001314_jpg.rf.1b0ba1ad9176c772afbac35b745f12db,5,D40,0.687633,0.579142,0.538167,0.186525,0.290641,2,0.581282
India_001314_jpg.rf.1b0ba1ad9176c772afbac35b745f12db,5,D40,0.613159,0.492389,0.0787724,0.044758,0.274009,2,0.548018
India_001314_jpg.rf.1b0ba1ad9176c772afbac35b745f12db,4,D20,0.522901,0.641754,0.946204,0.307319,0.227557,2,0.455114
India_001314_jpg.rf.1b0ba1ad9176c772afbac35b745f12db,5,D40,0.703186,0.577781,0.282332,0.152281,0.215776,2,0.431552
India_001314_jpg.rf.1b0ba1ad9176c772afbac35b745f12db,5,D40,0.678969,0.565797,0.235903,0.0881763,0.201325,2,0.40265
India_001314_jpg.rf.1b0ba1ad9176c772afbac35b745f12db,5,D40,0.217629,0.567068,0.138736,0.0715205,0.164921,2,0.329842
India_001314_jpg.rf.1b0ba1ad9176c772afbac35b745f12db,5,D40,0.680105,0.548841,0.263635,0.126837,0.161439,2,0.322878
India_001314_jpg.rf.1b0ba1ad9176c772afbac35b745f12db,5,D40,0.616462,0.494818,0.0876864,0.0592331,0.141933,2,0.283866
India_001314_jpg.rf.1b0ba1ad9176c772afbac35b745f12db,5,D40,0.602484,0.588021,0.179824,0.127898,0.13671,2,0.27342
India_001314_jpg.rf.1b0ba1ad9176c772afbac35b745f12db,5,D40,0.647858,0.566149,0.231085,0.0753734,0.124492,2,0.248984
India_001314_jpg.rf.1b0ba1ad9176c772afbac35b745f12db,5,D40,0.575858,0.577784,0.592828,0.207379,0.122679,2,0.245358
India_001314_jpg.rf.1b0ba1ad9176c772afbac35b745f12db,5,D40,0.607363,0.565296,0.133252,0.101538,0.114789,2,0.229578
India_001314_jpg.rf.1b0ba1ad9176c772afbac35b745f12db,5,D40,0.218663,0.569411,0.115257,0.0591963,0.114296,2,0.228592
India_001314_jpg.rf.1b0ba1ad9176c772afbac35b745f12db,5,D40,0.242143,0.562428,0.180668,0.0797957,0.109766,2,0.219532
India_001314_jpg.rf.1b0ba1ad9176c772afbac35b745f12db,5,D40,0.67153,0.565636,0.319261,0.113034,0.104533,2,0.209066
India_001314_jpg.rf.1b0ba1ad9176c772afbac35b745f12db,4,D20,0.675242,0.735903,0.649516,0.466919,0.0773647,2,0.1547294
India_001314_jpg.rf.1b0ba1ad9176c772afbac35b745f12db,5,D40,0.784668,0.641298,0.424621,0.279493,0.0717368,2,0.1434736
India_001314_jpg.rf.1b0ba1ad9176c772afbac35b745f12db,5,D40,0.602183,0.485437,0.100478,0.0677847,0.0684508,2,0.1369016
India_001314_jpg.rf.1b0ba1ad9176c772afbac35b745f12db,5,D40,0.618342,0.488404,0.114918,0.0687311,0.0640294,2,0.1280588
India_001314_jpg.rf.1b0ba1ad9176c772afbac35b745f12db,5,D40,0.529584,0.604537,0.605769,0.205641,0.0639966,2,0.1279932
India_001314_jpg.rf.1b0ba1ad9176c772afbac35b745f12db,5,D40,0.71126,0.569985,0.236861,0.101523,0.0573621,2,0.1147242
India_001314_jpg.rf.1b0ba1ad9176c772afbac35b745f12db,5,D40,0.455016,0.585301,0.581839,0.221801,0.0556462,2,0.1112924
India_001314_jpg.rf.1b0ba1ad9176c772afbac35b745f12db,5,D40,0.277022,0.551605,0.191703,0.0567032,0.0529618,2,0.1059236
India_001314_jpg.rf.1b0ba1ad9176c772afbac35b745f12db,5,D40,0.718691,0.546215,0.170436,0.0643826,0.0529523,2,0.1059046
India_001314_jpg.rf.1b0ba1ad9176c772afbac35b745f12db,5,D40,0.381337,0.59807,0.515327,0.225185,0.0526716,2,0.1053432
India_001314_jpg.rf.1b0ba1ad9176c772afbac35b745f12db,5,D40,0.331345,0.634187,0.56703,0.247155,0.0513682,2,0.1027364
India_001321_jpg.rf.1efbfd084456def7f06fc148f6314db8,4,D20,0.573397,0.825998,0.816985,0.264459,0.985914,2,1.971828
India_001321_jpg.rf.1efbfd084456def7f06fc148f6314db8,4,D20,0.722203,0.805569,0.459181,0.270107,0.679025,2,1.35805
India_001321_jpg.rf.1efbfd084456def7f06fc148f6314db8,4,D20,0.69325,0.831814,0.613499,0.27728,0.550183,2,1.100366
India_001321_jpg.rf.1efbfd084456def7f06fc148f6314db8,4,D20,0.576677,0.792104,0.603445,0.254041,0.383966,2,0.767932
India_001321_jpg.rf.1efbfd084456def7f06fc148f6314db8,4,D20,0.764949,0.828895,0.470102,0.246349,0.351051,2,0.702102
India_001321_jpg.rf.1efbfd084456def7f06fc148f6314db8,4,D20,0.399387,0.831035,0.783096,0.284273,0.240047,2,0.480094
India_001321_jpg.rf.1efbfd084456def7f06fc148f6314db8,4,D20,0.216183,0.871511,0.423091,0.253021,0.150275,2,0.30055
India_001321_jpg.rf.1efbfd084456def7f06fc148f6314db8,4,D20,0.507232,0.860324,0.951334,0.234602,0.122764,2,0.245528
India_001321_jpg.rf.1efbfd084456def7f06fc148f6314db8,4,D20,0.605266,0.785259,0.404251,0.295229,0.0911936,2,0.1823872
India_001321_jpg.rf.1efbfd084456def7f06fc148f6314db8,4,D20,0.27829,0.849196,0.548459,0.262321,0.0834909,2,0.1669818
India_001321_jpg.rf.1efbfd084456def7f06fc148f6314db8,0,D00,0.572741,0.73812,0.115034,0.219933,0.0749444,3,0.22483319999999998
India_001321_jpg.rf.1efbfd084456def7f06fc148f6314db8,4,D20,0.527324,0.822806,0.651385,0.226086,0.0742288,2,0.1484576
India_001321_jpg.rf.1efbfd084456def7f06fc148f6314db8,4,D20,0.478118,0.795148,0.606751,0.243528,0.0739862,2,0.1479724
India_001321_jpg.rf.1efbfd084456def7f06fc148f6314db8,4,D20,0.652633,0.870736,0.694734,0.242736,0.0632455,2,0.126491
India_001368_jpg.rf.488a50883de0ba8602cf720192cfabfe,4,D20,0.413614,0.780438,0.808041,0.251417,0.169173,2,0.338346
India_001385_jpg.rf.0b71e9832d63839343868f62eac05956,4,D20,0.200728,0.784289,0.397757,0.340275,0.142208,2,0.284416
India_001385_jpg.rf.0b71e9832d63839343868f62eac05956,4,D20,0.450749,0.697525,0.890233,0.227421,0.129428,2,0.258856
India_001385_jpg.rf.0b71e9832d63839343868f62eac05956,5,D40,0.450291,0.667081,0.463353,0.202088,0.126296,2,0.252592
India_001385_jpg.rf.0b71e9832d63839343868f62eac05956,4,D20,0.3939,0.729987,0.772504,0.287969,0.0965842,2,0.1931684
India_001385_jpg.rf.0b71e9832d63839343868f62eac05956,5,D40,0.264211,0.778342,0.513507,0.332688,0.0791694,2,0.1583388
India_001385_jpg.rf.0b71e9832d63839343868f62eac05956,4,D20,0.459625,0.671351,0.447511,0.179872,0.0615291,2,0.1230582
India_001400_jpg.rf.7eff088e6fea304ba326ce96a00c28c9,4,D20,0.740053,0.859737,0.271952,0.229856,0.151038,2,0.302076
India_001400_jpg.rf.7eff088e6fea304ba326ce96a00c28c9,4,D20,0.802158,0.864387,0.377548,0.234948,0.143539,2,0.287078
India_001400_jpg.rf.7eff088e6fea304ba326ce96a00c28c9,4,D20,0.637472,0.854981,0.725055,0.263451,0.121873,2,0.243746
India_001400_jpg.rf.7eff088e6fea304ba326ce96a00c28c9,4,D20,0.726197,0.855185,0.385756,0.227626,0.11208,2,0.22416
India_001400_jpg.rf.7eff088e6fea304ba326ce96a00c28c9,4,D20,0.673377,0.868272,0.590633,0.223956,0.0582031,2,0.1164062
India_001400_jpg.rf.7eff088e6fea304ba326ce96a00c28c9,4,D20,0.606388,0.851308,0.567709,0.218543,0.0509718,2,0.1019436
India_001422_jpg.rf.cd9eee6a0dfac785595158d4c0fac784,4,D20,0.361913,0.750466,0.712702,0.221853,0.949743,2,1.899486
India_001422_jpg.rf.cd9eee6a0dfac785595158d4c0fac784,5,D40,0.367583,0.714446,0.503952,0.181497,0.820044,2,1.640088
India_001422_jpg.rf.cd9eee6a0dfac785595158d4c0fac784,5,D40,0.294809,0.754103,0.589617,0.22142,0.609098,2,1.218196
India_001422_jpg.rf.cd9eee6a0dfac785595158d4c0fac784,5,D40,0.365142,0.722528,0.339166,0.145092,0.537965,2,1.07593
India_001422_jpg.rf.cd9eee6a0dfac785595158d4c0fac784,5,D40,0.267517,0.809504,0.517158,0.327159,0.528406,2,1.056812
India_001422_jpg.rf.cd9eee6a0dfac785595158d4c0fac784,5,D40,0.419967,0.738085,0.464082,0.227085,0.511839,2,1.023678
India_001422_jpg.rf.cd9eee6a0dfac785595158d4c0fac784,4,D20,0.420655,0.782435,0.841309,0.221891,0.476027,2,0.952054
India_001422_jpg.rf.cd9eee6a0dfac785595158d4c0fac784,5,D40,0.348792,0.727914,0.246347,0.119495,0.403355,2,0.80671
India_001422_jpg.rf.cd9eee6a0dfac785595158d4c0fac784,5,D40,0.504244,0.684272,0.194556,0.0707561,0.382262,2,0.764524
India_001422_jpg.rf.cd9eee6a0dfac785595158d4c0fac784,5,D40,0.473441,0.680627,0.31666,0.104291,0.372072,2,0.744144
India_001422_jpg.rf.cd9eee6a0dfac785595158d4c0fac784,5,D40,0.465184,0.689402,0.342335,0.154092,0.310362,2,0.620724
India_001422_jpg.rf.cd9eee6a0dfac785595158d4c0fac784,5,D40,0.533128,0.680746,0.13085,0.0488424,0.29644,2,0.59288
India_001422_jpg.rf.cd9eee6a0dfac785595158d4c0fac784,4,D20,0.471909,0.751231,0.578309,0.232815,0.242954,2,0.485908
India_001422_jpg.rf.cd9eee6a0dfac785595158d4c0fac784,4,D20,0.318439,0.791843,0.636878,0.30116,0.238708,2,0.477416
India_001422_jpg.rf.cd9eee6a0dfac785595158d4c0fac784,5,D40,0.52629,0.677795,0.14783,0.0692733,0.203459,2,0.406918
India_001422_jpg.rf.cd9eee6a0dfac785595158d4c0fac784,5,D40,0.403654,0.676941,0.284623,0.0652822,0.199859,2,0.399718
India_001422_jpg.rf.cd9eee6a0dfac785595158d4c0fac784,4,D20,0.228055,0.814553,0.451025,0.301461,0.17175,2,0.3435
India_001422_jpg.rf.cd9eee6a0dfac785595158d4c0fac784,5,D40,0.36007,0.734525,0.175005,0.0865183,0.146027,2,0.292054
India_001422_jpg.rf.cd9eee6a0dfac785595158d4c0fac784,5,D40,0.3269,0.718443,0.353251,0.176405,0.133478,2,0.266956
India_001422_jpg.rf.cd9eee6a0dfac785595158d4c0fac784,4,D20,0.174689,0.833938,0.349378,0.329375,0.119963,2,0.239926
India_001422_jpg.rf.cd9eee6a0dfac785595158d4c0fac784,5,D40,0.13947,0.749887,0.278941,0.157201,0.114365,2,0.22873
India_001422_jpg.rf.cd9eee6a0dfac785595158d4c0fac784,5,D40,0.279953,0.713226,0.534231,0.188499,0.112065,2,0.22413
India_001422_jpg.rf.cd9eee6a0dfac785595158d4c0fac784,5,D40,0.488811,0.708954,0.241649,0.13628,0.106249,2,0.212498
India_001422_jpg.rf.cd9eee6a0dfac785595158d4c0fac784,5,D40,0.186919,0.749806,0.369532,0.200325,0.0929371,2,0.1858742
India_001422_jpg.rf.cd9eee6a0dfac785595158d4c0fac784,5,D40,0.433004,0.670199,0.294783,0.111637,0.0895577,2,0.1791154
India_001422_jpg.rf.cd9eee6a0dfac785595158d4c0fac784,5,D40,0.494163,0.707771,0.326154,0.152604,0.0884654,2,0.1769308
India_001422_jpg.rf.cd9eee6a0dfac785595158d4c0fac784,5,D40,0.49104,0.633499,0.0998278,0.0392975,0.08141,2,0.16282
India_001422_jpg.rf.cd9eee6a0dfac785595158d4c0fac784,5,D40,0.465863,0.642147,0.152257,0.0671191,0.0739032,2,0.1478064
India_001422_jpg.rf.cd9eee6a0dfac785595158d4c0fac784,5,D40,0.3057,0.722561,0.246513,0.118798,0.0725833,2,0.1451666
India_001422_jpg.rf.cd9eee6a0dfac785595158d4c0fac784,5,D40,0.404369,0.75264,0.066531,0.0471391,0.0723743,2,0.1447486
India_001422_jpg.rf.cd9eee6a0dfac785595158d4c0fac784,5,D40,0.105646,0.753372,0.203108,0.126043,0.0686418,2,0.1372836
India_001422_jpg.rf.cd9eee6a0dfac785595158d4c0fac784,5,D40,0.385799,0.685187,0.317177,0.11486,0.0630797,2,0.1261594
India_001422_jpg.rf.cd9eee6a0dfac785595158d4c0fac784,5,D40,0.254246,0.748725,0.119049,0.0627992,0.0630182,2,0.1260364
India_001422_jpg.rf.cd9eee6a0dfac785595158d4c0fac784,5,D40,0.512896,0.641706,0.156815,0.0595415,0.052426,2,0.104852
India_001427_jpg.rf.a196a0fa4d0b11ef799168a7492afdae,4,D20,0.56977,0.836123,0.842423,0.280883,0.309965,2,0.61993
India_001427_jpg.rf.a196a0fa4d0b11ef799168a7492afdae,5,D40,0.512461,0.813142,0.0829018,0.0447307,0.14295,2,0.2859
India_001427_jpg.rf.a196a0fa4d0b11ef799168a7492afdae,4,D20,0.689253,0.82106,0.621493,0.29346,0.0956855,2,0.191371
India_001427_jpg.rf.a196a0fa4d0b11ef799168a7492afdae,5,D40,0.51675,0.808702,0.157054,0.0924683,0.0691719,2,0.1383438
India_001427_jpg.rf.a196a0fa4d0b11ef799168a7492afdae,5,D40,0.514311,0.809755,0.108562,0.0680687,0.0648306,2,0.1296612
India_001427_jpg.rf.a196a0fa4d0b11ef799168a7492afdae,5,D40,0.51096,0.82136,0.088119,0.0469826,0.0515168,2,0.1030336
India_001432_jpg.rf.7f399aff1e552d4d2927995b0650663c,4,D20,0.409158,0.783618,0.795322,0.253824,0.430411,2,0.860822
India_001432_jpg.rf.7f399aff1e552d4d2927995b0650663c,4,D20,0.400643,0.831888,0.774394,0.301929,0.101371,2,0.202742
India_001433_jpg.rf.d099a43628c88d5d41d2475a386ba52f,5,D40,0.683793,0.741548,0.207531,0.0788986,0.0955161,2,0.1910322
India_001433_jpg.rf.d099a43628c88d5d41d2475a386ba52f,5,D40,0.664145,0.741595,0.155455,0.0703137,0.0869866,2,0.1739732
India_001480_jpg.rf.6d346ef2fe2e87c079ee831ed5e1a15a,4,D20,0.450135,0.841829,0.860726,0.295061,0.0639435,2,0.127887
India_001503_jpg.rf.ad788883f716763dad31ee4165539f8e,4,D20,0.428524,0.818697,0.717766,0.258503,0.857568,2,1.715136
India_001503_jpg.rf.ad788883f716763dad31ee4165539f8e,4,D20,0.551624,0.813842,0.832605,0.240465,0.689746,2,1.379492
India_001503_jpg.rf.ad788883f716763dad31ee4165539f8e,4,D20,0.473726,0.833432,0.487807,0.165228,0.56032,2,1.12064
India_001503_jpg.rf.ad788883f716763dad31ee4165539f8e,4,D20,0.548586,0.829859,0.312146,0.160964,0.48944,2,0.97888
India_001503_jpg.rf.ad788883f716763dad31ee4165539f8e,5,D40,0.587253,0.842146,0.210156,0.103265,0.408657,2,0.817314
India_001503_jpg.rf.ad788883f716763dad31ee4165539f8e,4,D20,0.810867,0.78293,0.378265,0.190319,0.28871,2,0.57742
India_001503_jpg.rf.ad788883f716763dad31ee4165539f8e,5,D40,0.829447,0.762711,0.30424,0.152296,0.195497,2,0.390994
India_001503_jpg.rf.ad788883f716763dad31ee4165539f8e,5,D40,0.547089,0.842221,0.288331,0.11811,0.180629,2,0.361258
India_001503_jpg.rf.ad788883f716763dad31ee4165539f8e,5,D40,0.791258,0.759258,0.268725,0.129561,0.137012,2,0.274024
India_001503_jpg.rf.ad788883f716763dad31ee4165539f8e,5,D40,0.546088,0.851796,0.227713,0.0972104,0.118641,2,0.237282
India_001503_jpg.rf.ad788883f716763dad31ee4165539f8e,5,D40,0.809278,0.7793,0.372342,0.181786,0.104722,2,0.209444
India_001503_jpg.rf.ad788883f716763dad31ee4165539f8e,4,D20,0.425822,0.811183,0.570807,0.219557,0.102091,2,0.204182
India_001503_jpg.rf.ad788883f716763dad31ee4165539f8e,5,D40,0.74298,0.745859,0.279521,0.159938,0.0993475,2,0.198695
India_001503_jpg.rf.ad788883f716763dad31ee4165539f8e,5,D40,0.645807,0.844127,0.062471,0.0890249,0.0947641,2,0.1895282
India_001503_jpg.rf.ad788883f716763dad31ee4165539f8e,4,D20,0.496099,0.795827,0.43431,0.22904,0.0839533,2,0.1679066
India_001503_jpg.rf.ad788883f716763dad31ee4165539f8e,5,D40,0.524472,0.856652,0.303528,0.112617,0.0817875,2,0.163575
India_001503_jpg.rf.ad788883f716763dad31ee4165539f8e,5,D40,0.719336,0.728473,0.211223,0.0970526,0.0744088,2,0.1488176
India_001503_jpg.rf.ad788883f716763dad31ee4165539f8e,5,D40,0.828959,0.762987,0.236089,0.110847,0.0660407,2,0.1320814
India_001503_jpg.rf.ad788883f716763dad31ee4165539f8e,4,D20,0.737786,0.770599,0.524428,0.190634,0.0599896,2,0.1199792
India_001503_jpg.rf.ad788883f716763dad31ee4165539f8e,4,D20,0.608938,0.84466,0.164303,0.110362,0.0554731,2,0.1109462
India_001503_jpg.rf.ad788883f716763dad31ee4165539f8e,4,D20,0.508685,0.848035,0.230433,0.144685,0.0543279,2,0.1086558
India_001551_jpg.rf.1ab18817d6cc5bd06fb4de1b84e085d8,4,D20,0.446648,0.727319,0.877883,0.277553,0.47704,2,0.95408
India_001551_jpg.rf.1ab18817d6cc5bd06fb4de1b84e085d8,5,D40,0.612223,0.586763,0.135417,0.0436812,0.0526929,2,0.1053858
India_001551_jpg.rf.1ab18817d6cc5bd06fb4de1b84e085d8,5,D40,0.604473,0.617453,0.154393,0.0769299,0.052396,2,0.104792
India_001565_jpg.rf.e37768401a400f263a5f888f1cfbfdf2,4,D20,0.794595,0.850637,0.40918,0.298727,0.101367,2,0.202734
India_001633_jpg.rf.8374778dc57f5d619537b88f5616310e,4,D20,0.520275,0.82815,0.812661,0.279545,0.704208,2,1.408416
India_001633_jpg.rf.8374778dc57f5d619537b88f5616310e,4,D20,0.360481,0.835475,0.465958,0.329049,0.153762,2,0.307524
India_001633_jpg.rf.8374778dc57f5d619537b88f5616310e,5,D40,0.360194,0.833581,0.455516,0.332838,0.0908691,2,0.1817382
India_001633_jpg.rf.8374778dc57f5d619537b88f5616310e,5,D40,0.621458,0.809749,0.531735,0.210251,0.0714025,2,0.142805
India_001633_jpg.rf.8374778dc57f5d619537b88f5616310e,4,D20,0.637539,0.823772,0.55181,0.199732,0.0527083,2,0.1054166
India_001668_jpg.rf.2124fded5e20dc7b6361ab36130af701,4,D20,0.46295,0.862436,0.883845,0.267781,0.716018,2,1.432036
India_001668_jpg.rf.2124fded5e20dc7b6361ab36130af701,7,D44,0.376009,0.846503,0.138441,0.14013,0.12085,3,0.36255
India_001673_jpg.rf.0be6f0d4c7437e664b9120dcdec945e5,4,D20,0.737958,0.780131,0.513134,0.173735,0.242846,2,0.485692
India_001673_jpg.rf.0be6f0d4c7437e664b9120dcdec945e5,5,D40,0.6877,0.773899,0.553244,0.164317,0.210867,2,0.421734
India_001673_jpg.rf.0be6f0d4c7437e664b9120dcdec945e5,4,D20,0.603962,0.787221,0.792076,0.222105,0.0728365,2,0.145673
India_001679_jpg.rf.0d84e734fe25dc634c62e8543819a095,4,D20,0.861293,0.871367,0.277414,0.233137,0.909969,2,1.819938
India_001679_jpg.rf.0d84e734fe25dc634c62e8543819a095,5,D40,0.811659,0.823056,0.224735,0.150584,0.649457,2,1.298914
India_001679_jpg.rf.0d84e734fe25dc634c62e8543819a095,4,D20,0.793802,0.8616,0.412396,0.249911,0.600238,2,1.200476
India_001679_jpg.rf.0d84e734fe25dc634c62e8543819a095,5,D40,0.805743,0.81619,0.19524,0.11151,0.557036,2,1.114072
India_001679_jpg.rf.0d84e734fe25dc634c62e8543819a095,5,D40,0.791805,0.803515,0.163699,0.0676832,0.240498,2,0.480996
India_001679_jpg.rf.0d84e734fe25dc634c62e8543819a095,5,D40,0.825103,0.845927,0.28307,0.19898,0.23431,2,0.46862
India_001679_jpg.rf.0d84e734fe25dc634c62e8543819a095,4,D20,0.701294,0.87343,0.597412,0.243118,0.146117,2,0.292234
India_001679_jpg.rf.0d84e734fe25dc634c62e8543819a095,4,D20,0.571329,0.877855,0.857343,0.243741,0.129444,2,0.258888
India_001679_jpg.rf.0d84e734fe25dc634c62e8543819a095,4,D20,0.76982,0.838168,0.460359,0.200654,0.117165,2,0.23433
India_001679_jpg.rf.0d84e734fe25dc634c62e8543819a095,5,D40,0.765723,0.800949,0.0969555,0.0592403,0.0561173,2,0.1122346
India_001687_jpg.rf.44be2f90971588aa4c1eb01e2dd1cc69,4,D20,0.446021,0.754162,0.818255,0.230311,0.526749,2,1.053498
India_001687_jpg.rf.44be2f90971588aa4c1eb01e2dd1cc69,4,D20,0.444093,0.796176,0.882432,0.234175,0.412077,2,0.824154
India_001687_jpg.rf.44be2f90971588aa4c1eb01e2dd1cc69,5,D40,0.550399,0.601429,0.0947449,0.0379818,0.381413,2,0.762826
India_001687_jpg.rf.44be2f90971588aa4c1eb01e2dd1cc69,5,D40,0.279523,0.808333,0.551374,0.210298,0.159487,2,0.318974
India_001687_jpg.rf.44be2f90971588aa4c1eb01e2dd1cc69,5,D40,0.429085,0.767294,0.551714,0.190379,0.133166,2,0.266332
India_001687_jpg.rf.44be2f90971588aa4c1eb01e2dd1cc69,5,D40,0.561943,0.602125,0.126003,0.0515053,0.132638,2,0.265276
India_001687_jpg.rf.44be2f90971588aa4c1eb01e2dd1cc69,5,D40,0.561777,0.603411,0.0933063,0.046793,0.126796,2,0.253592
India_001687_jpg.rf.44be2f90971588aa4c1eb01e2dd1cc69,5,D40,0.470927,0.729737,0.0877243,0.0369894,0.117211,2,0.234422
India_001687_jpg.rf.44be2f90971588aa4c1eb01e2dd1cc69,4,D20,0.423241,0.781909,0.58116,0.188349,0.109068,2,0.218136
India_001687_jpg.rf.44be2f90971588aa4c1eb01e2dd1cc69,5,D40,0.53806,0.607862,0.132884,0.0650289,0.0941696,2,0.1883392
India_001687_jpg.rf.44be2f90971588aa4c1eb01e2dd1cc69,5,D40,0.411393,0.841678,0.0622906,0.0420578,0.0851561,2,0.1703122
India_001687_jpg.rf.44be2f90971588aa4c1eb01e2dd1cc69,4,D20,0.484577,0.767277,0.589543,0.171404,0.0816172,2,0.1632344
India_001687_jpg.rf.44be2f90971588aa4c1eb01e2dd1cc69,4,D20,0.5892,0.764641,0.447781,0.173239,0.0750385,2,0.150077
India_001687_jpg.rf.44be2f90971588aa4c1eb01e2dd1cc69,4,D20,0.277811,0.828781,0.555621,0.218298,0.0726364,2,0.1452728
India_001687_jpg.rf.44be2f90971588aa4c1eb01e2dd1cc69,4,D20,0.602636,0.751982,0.583093,0.226719,0.0617344,2,0.1234688
India_001687_jpg.rf.44be2f90971588aa4c1eb01e2dd1cc69,5,D40,0.225722,0.852443,0.440869,0.283117,0.0600722,2,0.1201444
India_001687_jpg.rf.44be2f90971588aa4c1eb01e2dd1cc69,5,D40,0.503737,0.63422,0.157376,0.0749217,0.0530209,2,0.1060418
India_001687_jpg.rf.44be2f90971588aa4c1eb01e2dd1cc69,4,D20,0.323987,0.825073,0.646663,0.295539,0.0513923,2,0.1027846
India_001704_jpg.rf.928b650a185113d848e5b75c31cda7fb,4,D20,0.496931,0.753822,0.936808,0.309138,0.819194,2,1.638388
India_001704_jpg.rf.928b650a185113d848e5b75c31cda7fb,4,D20,0.439766,0.815655,0.870614,0.33232,0.392937,2,0.785874
India_001704_jpg.rf.928b650a185113d848e5b75c31cda7fb,5,D40,0.446082,0.809268,0.570144,0.381187,0.0755298,2,0.1510596
India_001704_jpg.rf.928b650a185113d848e5b75c31cda7fb,5,D40,0.484923,0.764345,0.572542,0.329022,0.0710272,2,0.1420544
India_001704_jpg.rf.928b650a185113d848e5b75c31cda7fb,5,D40,0.620797,0.828354,0.0909634,0.0488512,0.0610898,2,0.1221796
India_001704_jpg.rf.928b650a185113d848e5b75c31cda7fb,4,D20,0.580322,0.773401,0.775441,0.249827,0.0605611,2,0.1211222
India_001704_jpg.rf.928b650a185113d848e5b75c31cda7fb,5,D40,0.373803,0.75898,0.614281,0.328223,0.0592561,2,0.1185122
India_001704_jpg.rf.928b650a185113d848e5b75c31cda7fb,5,D40,0.306212,0.685932,0.56513,0.206595,0.0589539,2,0.1179078
India_001704_jpg.rf.928b650a185113d848e5b75c31cda7fb,5,D40,0.263085,0.766855,0.509625,0.319469,0.0569844,2,0.1139688
India_001704_jpg.rf.928b650a185113d848e5b75c31cda7fb,5,D40,0.285381,0.727829,0.570761,0.248647,0.0548556,2,0.1097112
India_001704_jpg.rf.928b650a185113d848e5b75c31cda7fb,5,D40,0.410684,0.710536,0.579213,0.274024,0.050369,2,0.100738
India_001706_jpg.rf.0fbad4c6e9763ed0d1c534098afb9364,4,D20,0.594159,0.741865,0.801286,0.516269,0.382696,2,0.765392
India_001706_jpg.rf.0fbad4c6e9763ed0d1c534098afb9364,4,D20,0.608992,0.666975,0.782017,0.428149,0.244589,2,0.489178
India_001733_jpg.rf.bc9d251cc23f7e5b674dfde7c4848548,5,D40,0.289664,0.63739,0.113232,0.0558068,0.233511,2,0.467022
India_001733_jpg.rf.bc9d251cc23f7e5b674dfde7c4848548,5,D40,0.247324,0.634399,0.207882,0.0653962,0.10319,2,0.20638
India_001733_jpg.rf.bc9d251cc23f7e5b674dfde7c4848548,5,D40,0.30978,0.630761,0.209316,0.0771812,0.0916592,2,0.1833184
India_001733_jpg.rf.bc9d251cc23f7e5b674dfde7c4848548,5,D40,0.336303,0.632706,0.251397,0.0907568,0.0500616,2,0.1001232
India_001760_jpg.rf.ee86239e222c4a89b952227237811511,4,D20,0.500394,0.796766,0.963414,0.401727,0.115896,2,0.231792
India_001779_jpg.rf.060b5b18d28f8c45304cac4c25263084,4,D20,0.507142,0.860334,0.369595,0.279331,0.50443,2,1.00886
India_001779_jpg.rf.060b5b18d28f8c45304cac4c25263084,0,D00,0.512203,0.881977,0.0717912,0.231984,0.311698,3,0.9350939999999999
India_001779_jpg.rf.060b5b18d28f8c45304cac4c25263084,4,D20,0.476857,0.871762,0.270391,0.256476,0.243547,2,0.487094
India_001779_jpg.rf.060b5b18d28f8c45304cac4c25263084,0,D00,0.524145,0.871721,0.0996951,0.250667,0.216091,3,0.648273
India_001779_jpg.rf.060b5b18d28f8c45304cac4c25263084,0,D00,0.50631,0.926433,0.055255,0.142761,0.213646,3,0.640938
India_001779_jpg.rf.060b5b18d28f8c45304cac4c25263084,0,D00,0.478806,0.873876,0.196371,0.249481,0.130763,3,0.392289
India_001779_jpg.rf.060b5b18d28f8c45304cac4c25263084,4,D20,0.298709,0.893373,0.597417,0.213254,0.11525,2,0.2305
India_001779_jpg.rf.060b5b18d28f8c45304cac4c25263084,4,D20,0.484466,0.872746,0.614601,0.254508,0.0845022,2,0.1690044
India_001779_jpg.rf.060b5b18d28f8c45304cac4c25263084,0,D00,0.469319,0.862502,0.145284,0.274996,0.0677459,3,0.2032377
India_001779_jpg.rf.060b5b18d28f8c45304cac4c25263084,0,D00,0.445612,0.892406,0.218266,0.212504,0.0565244,3,0.1695732
India_001785_jpg.rf.f8bac1ef15a6df07fb856acc25d13414,4,D20,0.632813,0.877704,0.734374,0.24064,0.259675,2,0.51935
India_001794_jpg.rf.c573417c92dc5091a1756be321507bc5,4,D20,0.451716,0.75183,0.830348,0.251697,0.089696,2,0.179392
India_001794_jpg.rf.c573417c92dc5091a1756be321507bc5,7,D44,0.483561,0.754399,0.158691,0.179938,0.0731923,3,0.21957690000000002
India_001794_jpg.rf.c573417c92dc5091a1756be321507bc5,7,D44,0.477718,0.744283,0.196805,0.220382,0.0613732,3,0.1841196
India_001794_jpg.rf.c573417c92dc5091a1756be321507bc5,0,D00,0.484749,0.732823,0.235853,0.233506,0.0606294,3,0.1818882
India_001831_jpg.rf.36537254ea92667ad0e20e8aa95bcbb6,4,D20,0.755019,0.867993,0.379852,0.264013,0.0771126,2,0.1542252
India_001877_jpg.rf.6f0345b3bec68eb2817d1575d6ef8033,5,D40,0.278636,0.472458,0.557271,0.239101,0.111929,2,0.223858
India_001877_jpg.rf.6f0345b3bec68eb2817d1575d6ef8033,5,D40,0.546315,0.367506,0.160083,0.104711,0.101654,2,0.203308
India_001877_jpg.rf.6f0345b3bec68eb2817d1575d6ef8033,5,D40,0.284815,0.518354,0.56824,0.265413,0.0847069,2,0.1694138
India_001877_jpg.rf.6f0345b3bec68eb2817d1575d6ef8033,5,D40,0.545784,0.381102,0.147476,0.0764511,0.0832512,2,0.1665024
India_001877_jpg.rf.6f0345b3bec68eb2817d1575d6ef8033,5,D40,0.526874,0.380464,0.130432,0.0635831,0.0771218,2,0.1542436
India_001877_jpg.rf.6f0345b3bec68eb2817d1575d6ef8033,5,D40,0.358159,0.433997,0.559273,0.223112,0.0694961,2,0.1389922
India_001877_jpg.rf.6f0345b3bec68eb2817d1575d6ef8033,5,D40,0.355376,0.48117,0.566296,0.261846,0.0659632,2,0.1319264
India_001877_jpg.rf.6f0345b3bec68eb2817d1575d6ef8033,5,D40,0.280928,0.424117,0.554689,0.200148,0.05102,2,0.10204
India_001982_jpg.rf.7ba33c916e9ffbf75514b6a086926274,4,D20,0.41385,0.772016,0.718043,0.243017,0.118857,2,0.237714
India_002002_jpg.rf.b13bbc47e4a0474ddb9dd0b5da571298,4,D20,0.650845,0.843585,0.698311,0.247601,0.0850357,2,0.1700714
India_002002_jpg.rf.b13bbc47e4a0474ddb9dd0b5da571298,5,D40,0.0928951,0.922556,0.160188,0.0995517,0.0507274,2,0.1014548
India_002013_jpg.rf.474c7582ebd55c80787a498616b14560,4,D20,0.452639,0.725823,0.852325,0.277874,0.540954,2,1.081908
India_002025_jpg.rf.d03ed9a77f0f6926573ac2811633452e,4,D20,0.485365,0.892368,0.950545,0.211239,0.0522187,2,0.1044374
India_002046_jpg.rf.a6f5b9a54bf850a617bdb4e23f1fc053,4,D20,0.633178,0.794063,0.342996,0.273707,0.572909,2,1.145818
India_002046_jpg.rf.a6f5b9a54bf850a617bdb4e23f1fc053,4,D20,0.662458,0.813565,0.290331,0.229263,0.111526,2,0.223052
India_002046_jpg.rf.a6f5b9a54bf850a617bdb4e23f1fc053,4,D20,0.691534,0.818836,0.570929,0.280516,0.0837111,2,0.1674222
India_002048_jpg.rf.0ea7c63e2020073024b7f8031efa07a4,5,D40,0.509944,0.742655,0.146136,0.0762679,0.131322,2,0.262644
India_002048_jpg.rf.0ea7c63e2020073024b7f8031efa07a4,5,D40,0.527175,0.741257,0.118988,0.0673383,0.0899657,2,0.1799314
India_002048_jpg.rf.0ea7c63e2020073024b7f8031efa07a4,5,D40,0.486926,0.774829,0.209502,0.164908,0.0797293,2,0.1594586
India_002048_jpg.rf.0ea7c63e2020073024b7f8031efa07a4,5,D40,0.487212,0.745267,0.184478,0.0902387,0.0664781,2,0.1329562
India_002048_jpg.rf.0ea7c63e2020073024b7f8031efa07a4,4,D20,0.311251,0.830981,0.592936,0.282348,0.0532103,2,0.1064206
India_002066_jpg.rf.efcfdc398242a531da28c9cd5f62ca96,5,D40,0.66238,0.860995,0.245355,0.0875114,0.0985054,2,0.1970108
India_002066_jpg.rf.efcfdc398242a531da28c9cd5f62ca96,5,D40,0.631855,0.863647,0.165381,0.0721425,0.095718,2,0.191436
India_002105_jpg.rf.fe97d0fd7e9b5c29bf27fbfea991f62b,4,D20,0.868802,0.856183,0.262397,0.287635,0.483811,2,0.967622
India_002105_jpg.rf.fe97d0fd7e9b5c29bf27fbfea991f62b,4,D20,0.620897,0.838757,0.757314,0.307298,0.304362,2,0.608724
India_002105_jpg.rf.fe97d0fd7e9b5c29bf27fbfea991f62b,4,D20,0.813682,0.846409,0.3718,0.307181,0.301107,2,0.602214
India_002105_jpg.rf.fe97d0fd7e9b5c29bf27fbfea991f62b,4,D20,0.879849,0.910213,0.240302,0.177778,0.131662,2,0.263324
India_002105_jpg.rf.fe97d0fd7e9b5c29bf27fbfea991f62b,7,D44,0.674924,0.675056,0.0667862,0.07314,0.108739,3,0.326217
India_002105_jpg.rf.fe97d0fd7e9b5c29bf27fbfea991f62b,4,D20,0.731364,0.847122,0.537272,0.305756,0.10007,2,0.20014
India_002105_jpg.rf.fe97d0fd7e9b5c29bf27fbfea991f62b,4,D20,0.503931,0.828331,0.312838,0.271443,0.0709689,2,0.1419378
India_002114_jpg.rf.e3a4722d0a47285a5f682febda5b775c,4,D20,0.501409,0.750588,0.956423,0.488444,0.0660731,2,0.1321462
India_002115_jpg.rf.f7d73c2aded63d7e902e560e96fe7f30,7,D44,0.207269,0.587282,0.124665,0.110207,0.0819281,3,0.2457843
India_002137_jpg.rf.c5bb640f7e219371f9d103d104d3334c,4,D20,0.415171,0.84177,0.830342,0.31646,0.982687,2,1.965374
India_002137_jpg.rf.c5bb640f7e219371f9d103d104d3334c,5,D40,0.243873,0.803826,0.479703,0.236914,0.339952,2,0.679904
India_002137_jpg.rf.c5bb640f7e219371f9d103d104d3334c,4,D20,0.229767,0.852273,0.457575,0.295453,0.289225,2,0.57845
India_002137_jpg.rf.c5bb640f7e219371f9d103d104d3334c,5,D40,0.282205,0.840827,0.56441,0.306794,0.237936,2,0.475872
India_002137_jpg.rf.c5bb640f7e219371f9d103d104d3334c,4,D20,0.51071,0.867275,0.934358,0.263713,0.198208,2,0.396416
India_002137_jpg.rf.c5bb640f7e219371f9d103d104d3334c,4,D20,0.329046,0.856732,0.590544,0.284672,0.161302,2,0.322604
India_002137_jpg.rf.c5bb640f7e219371f9d103d104d3334c,4,D20,0.292371,0.889156,0.584742,0.221687,0.158448,2,0.316896
India_002137_jpg.rf.c5bb640f7e219371f9d103d104d3334c,5,D40,0.353631,0.822694,0.566424,0.298931,0.0877906,2,0.1755812
India_002137_jpg.rf.c5bb640f7e219371f9d103d104d3334c,5,D40,0.236804,0.768553,0.456065,0.190596,0.0805208,2,0.1610416
India_002137_jpg.rf.c5bb640f7e219371f9d103d104d3334c,5,D40,0.193102,0.846513,0.382878,0.305799,0.0786308,2,0.1572616
India_002137_jpg.rf.c5bb640f7e219371f9d103d104d3334c,5,D40,0.422669,0.844273,0.592592,0.309917,0.0608978,2,0.1217956
India_002137_jpg.rf.c5bb640f7e219371f9d103d104d3334c,4,D20,0.337332,0.916152,0.674664,0.167696,0.0503349,2,0.1006698
India_002219_jpg.rf.2c9ff4e31ae38b82f6bc4d440abf69d6,4,D20,0.482353,0.841064,0.909724,0.286729,0.701265,2,1.40253
India_002219_jpg.rf.2c9ff4e31ae38b82f6bc4d440abf69d6,4,D20,0.386224,0.870969,0.768599,0.258061,0.197485,2,0.39497
India_002219_jpg.rf.2c9ff4e31ae38b82f6bc4d440abf69d6,4,D20,0.503219,0.844524,0.457065,0.289104,0.185334,2,0.370668
India_002219_jpg.rf.2c9ff4e31ae38b82f6bc4d440abf69d6,4,D20,0.394113,0.860144,0.570443,0.278087,0.0687916,2,0.1375832
India_002229_jpg.rf.38169be3b396a579bd664fc35be149c8,7,D44,0.868034,0.872818,0.195139,0.187481,0.0935653,3,0.2806959
India_002229_jpg.rf.38169be3b396a579bd664fc35be149c8,4,D20,0.876454,0.872105,0.247091,0.250708,0.08022,2,0.16044
India_002229_jpg.rf.38169be3b396a579bd664fc35be149c8,7,D44,0.827383,0.86175,0.111282,0.1473,0.0584175,3,0.17525249999999998
India_002253_jpg.rf.a35c112bf2c170eafb0a99cefbbce0e4,4,D20,0.497491,0.81919,0.925779,0.272413,0.84968,2,1.69936
India_002253_jpg.rf.a35c112bf2c170eafb0a99cefbbce0e4,5,D40,0.373165,0.786467,0.582573,0.219834,0.217123,2,0.434246
India_002253_jpg.rf.a35c112bf2c170eafb0a99cefbbce0e4,5,D40,0.660538,0.676732,0.0920273,0.0465154,0.204652,2,0.409304
India_002253_jpg.rf.a35c112bf2c170eafb0a99cefbbce0e4,5,D40,0.507774,0.78142,0.559202,0.234218,0.187001,2,0.374002
India_002253_jpg.rf.a35c112bf2c170eafb0a99cefbbce0e4,5,D40,0.28471,0.832697,0.558568,0.264845,0.140031,2,0.280062
India_002253_jpg.rf.a35c112bf2c170eafb0a99cefbbce0e4,5,D40,0.676563,0.680877,0.118829,0.0525665,0.128835,2,0.25767
India_002253_jpg.rf.a35c112bf2c170eafb0a99cefbbce0e4,5,D40,0.649542,0.66837,0.104906,0.0611746,0.0865791,2,0.1731582
India_002253_jpg.rf.a35c112bf2c170eafb0a99cefbbce0e4,5,D40,0.439701,0.755123,0.180428,0.0913109,0.0842753,2,0.1685506
India_002253_jpg.rf.a35c112bf2c170eafb0a99cefbbce0e4,4,D20,0.381695,0.825154,0.744759,0.32969,0.0813078,2,0.1626156
India_002253_jpg.rf.a35c112bf2c170eafb0a99cefbbce0e4,5,D40,0.431531,0.753816,0.154162,0.0616852,0.0717643,2,0.1435286
India_002253_jpg.rf.a35c112bf2c170eafb0a99cefbbce0e4,4,D20,0.587378,0.795198,0.782684,0.234812,0.0657979,2,0.1315958
India_002253_jpg.rf.a35c112bf2c170eafb0a99cefbbce0e4,5,D40,0.393048,0.751708,0.0721873,0.0463854,0.0610727,2,0.1221454
India_002253_jpg.rf.a35c112bf2c170eafb0a99cefbbce0e4,4,D20,0.436621,0.867686,0.873241,0.250146,0.0595793,2,0.1191586
India_002253_jpg.rf.a35c112bf2c170eafb0a99cefbbce0e4,5,D40,0.687601,0.674834,0.173457,0.0627436,0.0575854,2,0.1151708
India_002253_jpg.rf.a35c112bf2c170eafb0a99cefbbce0e4,5,D40,0.574533,0.795886,0.545685,0.222456,0.0566317,2,0.1132634
India_002279_jpg.rf.f751d4a0116b656a54d2dc3acf0eea27,4,D20,0.522172,0.834429,0.920166,0.284615,0.347335,2,0.69467
India_002279_jpg.rf.f751d4a0116b656a54d2dc3acf0eea27,5,D40,0.493715,0.797426,0.482511,0.227875,0.188091,2,0.376182
India_002279_jpg.rf.f751d4a0116b656a54d2dc3acf0eea27,5,D40,0.539263,0.827013,0.501395,0.262463,0.104756,2,0.209512
India_002279_jpg.rf.f751d4a0116b656a54d2dc3acf0eea27,5,D40,0.470947,0.77561,0.481495,0.171473,0.0659668,2,0.1319336
India_002320_jpg.rf.45d2c6eb594a9ac4217dc553629c57da,4,D20,0.415064,0.792192,0.782426,0.247878,0.122521,2,0.245042
India_002321_jpg.rf.a36d4dd5a97546a1ab1d1539a78bb520,4,D20,0.482844,0.831856,0.904851,0.293737,0.554969,2,1.109938
India_002324_jpg.rf.886419a29a6676d1eada68dcde3c6383,4,D20,0.206084,0.715553,0.412168,0.283322,0.0656221,2,0.1312442
India_002324_jpg.rf.886419a29a6676d1eada68dcde3c6383,5,D40,0.483129,0.762601,0.164549,0.0710487,0.0540371,2,0.1080742
India_002342_jpg.rf.d248aea391325a77f7b0693db9e61905,4,D20,0.456942,0.889411,0.899715,0.221178,0.996285,2,1.99257
India_002342_jpg.rf.d248aea391325a77f7b0693db9e61905,4,D20,0.608843,0.882793,0.505805,0.234414,0.973291,2,1.946582
India_002342_jpg.rf.d248aea391325a77f7b0693db9e61905,4,D20,0.485928,0.887651,0.606772,0.224698,0.851575,2,1.70315
India_002342_jpg.rf.d248aea391325a77f7b0693db9e61905,4,D20,0.611313,0.890134,0.777374,0.219731,0.686136,2,1.372272
India_002342_jpg.rf.d248aea391325a77f7b0693db9e61905,4,D20,0.575257,0.910985,0.662021,0.1766,0.641124,2,1.282248
India_002342_jpg.rf.d248aea391325a77f7b0693db9e61905,4,D20,0.664467,0.902975,0.502723,0.194049,0.594772,2,1.189544
India_002342_jpg.rf.d248aea391325a77f7b0693db9e61905,4,D20,0.527858,0.872455,0.468559,0.25509,0.364474,2,0.728948
India_002342_jpg.rf.d248aea391325a77f7b0693db9e61905,4,D20,0.348228,0.898944,0.696456,0.194283,0.339415,2,0.67883
India_002342_jpg.rf.d248aea391325a77f7b0693db9e61905,5,D40,0.57932,0.92382,0.319995,0.151841,0.211972,2,0.423944
India_002342_jpg.rf.d248aea391325a77f7b0693db9e61905,5,D40,0.599382,0.928876,0.23024,0.141349,0.156417,2,0.312834
India_002342_jpg.rf.d248aea391325a77f7b0693db9e61905,4,D20,0.548887,0.903299,0.322569,0.193402,0.155303,2,0.310606
India_002342_jpg.rf.d248aea391325a77f7b0693db9e61905,4,D20,0.44435,0.914586,0.833998,0.170829,0.126381,2,0.252762
India_002342_jpg.rf.d248aea391325a77f7b0693db9e61905,4,D20,0.525693,0.929376,0.32475,0.141248,0.0576148,2,0.1152296
India_002342_jpg.rf.d248aea391325a77f7b0693db9e61905,4,D20,0.367784,0.881391,0.544023,0.237219,0.0555849,2,0.1111698
India_002342_jpg.rf.d248aea391325a77f7b0693db9e61905,4,D20,0.489424,0.930155,0.159051,0.137323,0.0520001,2,0.1040002
India_002342_jpg.rf.d248aea391325a77f7b0693db9e61905,4,D20,0.19151,0.901084,0.383019,0.197833,0.0519505,2,0.103901
India_002356_jpg.rf.96e0e56e4a7e4a7d78ab1ecbafcdbdda,4,D20,0.575446,0.872843,0.22298,0.234023,0.154746,2,0.309492
India_002356_jpg.rf.96e0e56e4a7e4a7d78ab1ecbafcdbdda,5,D40,0.64507,0.886449,0.0724691,0.0379274,0.10974,2,0.21948
India_002356_jpg.rf.96e0e56e4a7e4a7d78ab1ecbafcdbdda,7,D44,0.844385,0.779105,0.102342,0.0929928,0.0886135,3,0.2658405
India_002356_jpg.rf.96e0e56e4a7e4a7d78ab1ecbafcdbdda,4,D20,0.560252,0.875031,0.356619,0.236305,0.0771694,2,0.1543388
India_002356_jpg.rf.96e0e56e4a7e4a7d78ab1ecbafcdbdda,4,D20,0.584774,0.879569,0.688155,0.234304,0.0708024,2,0.1416048
India_002356_jpg.rf.96e0e56e4a7e4a7d78ab1ecbafcdbdda,5,D40,0.75571,0.8158,0.0613585,0.0415507,0.0555475,2,0.111095
India_002363_jpg.rf.0136ee5008c654ec7d2c2afbdcf4c4c4,0,D00,0.340376,0.719755,0.197411,0.192929,0.0786845,3,0.23605350000000003
India_002363_jpg.rf.0136ee5008c654ec7d2c2afbdcf4c4c4,0,D00,0.319548,0.744563,0.202875,0.226524,0.0718658,3,0.2155974
India_002363_jpg.rf.0136ee5008c654ec7d2c2afbdcf4c4c4,4,D20,0.318755,0.76042,0.283223,0.243435,0.0672719,2,0.1345438
India_002363_jpg.rf.0136ee5008c654ec7d2c2afbdcf4c4c4,4,D20,0.508695,0.748336,0.90353,0.237422,0.0628459,2,0.1256918
India_002363_jpg.rf.0136ee5008c654ec7d2c2afbdcf4c4c4,0,D00,0.303397,0.771286,0.184513,0.213401,0.0598004,3,0.17940119999999998
India_002383_jpg.rf.113fd2c472804028e12ca67d18d0fb5c,4,D20,0.630976,0.886191,0.659776,0.225133,0.125973,2,0.251946
India_002387_jpg.rf.b710e95a653bc11908ed70a817e657a5,4,D20,0.453805,0.893914,0.895174,0.212172,0.257372,2,0.514744
India_002387_jpg.rf.b710e95a653bc11908ed70a817e657a5,5,D40,0.236321,0.897906,0.452161,0.2,0.0761747,2,0.1523494
India_002387_jpg.rf.b710e95a653bc11908ed70a817e657a5,5,D40,0.612142,0.843146,0.0562947,0.0410942,0.051661,2,0.103322
India_002487_jpg.rf.c6bff58570206479bb997a0959a2c1dc,4,D20,0.416161,0.754386,0.818003,0.279239,0.880456,2,1.760912
India_002487_jpg.rf.c6bff58570206479bb997a0959a2c1dc,4,D20,0.416983,0.76716,0.364821,0.270495,0.674515,2,1.34903
India_002487_jpg.rf.c6bff58570206479bb997a0959a2c1dc,4,D20,0.465211,0.766944,0.268372,0.247841,0.532794,2,1.065588
India_002487_jpg.rf.c6bff58570206479bb997a0959a2c1dc,5,D40,0.37593,0.771719,0.472815,0.290734,0.470456,2,0.940912
India_002487_jpg.rf.c6bff58570206479bb997a0959a2c1dc,5,D40,0.505834,0.694414,0.146489,0.115936,0.41906,2,0.83812
India_002487_jpg.rf.c6bff58570206479bb997a0959a2c1dc,4,D20,0.591802,0.759097,0.49606,0.23457,0.390671,2,0.781342
India_002487_jpg.rf.c6bff58570206479bb997a0959a2c1dc,5,D40,0.319389,0.720893,0.567661,0.206744,0.280525,2,0.56105
India_002487_jpg.rf.c6bff58570206479bb997a0959a2c1dc,4,D20,0.361761,0.793405,0.706881,0.302519,0.269035,2,0.53807
India_002487_jpg.rf.c6bff58570206479bb997a0959a2c1dc,5,D40,0.465549,0.700408,0.318397,0.176248,0.2688,2,0.5376
India_002487_jpg.rf.c6bff58570206479bb997a0959a2c1dc,5,D40,0.477082,0.696122,0.221741,0.120022,0.244154,2,0.488308
India_002487_jpg.rf.c6bff58570206479bb997a0959a2c1dc,5,D40,0.386237,0.709901,0.482064,0.241447,0.239219,2,0.478438
India_002487_jpg.rf.c6bff58570206479bb997a0959a2c1dc,4,D20,0.361581,0.770637,0.552126,0.285416,0.222522,2,0.445044
India_002487_jpg.rf.c6bff58570206479bb997a0959a2c1dc,5,D40,0.418105,0.732401,0.39131,0.269279,0.206584,2,0.413168
India_002487_jpg.rf.c6bff58570206479bb997a0959a2c1dc,5,D40,0.493504,0.694512,0.172343,0.141565,0.185401,2,0.370802
India_002487_jpg.rf.c6bff58570206479bb997a0959a2c1dc,4,D20,0.530187,0.74188,0.521417,0.248871,0.167265,2,0.33453
India_002487_jpg.rf.c6bff58570206479bb997a0959a2c1dc,5,D40,0.481275,0.733886,0.19031,0.18296,0.143548,2,0.287096
India_002487_jpg.rf.c6bff58570206479bb997a0959a2c1dc,4,D20,0.479431,0.763048,0.160785,0.230392,0.135962,2,0.271924
India_002487_jpg.rf.c6bff58570206479bb997a0959a2c1dc,5,D40,0.267356,0.77753,0.508482,0.336967,0.133111,2,0.266222
India_002487_jpg.rf.c6bff58570206479bb997a0959a2c1dc,5,D40,0.372925,0.700297,0.284309,0.116716,0.106031,2,0.212062
India_002487_jpg.rf.c6bff58570206479bb997a0959a2c1dc,5,D40,0.476081,0.698156,0.25675,0.152594,0.105092,2,0.210184
India_002487_jpg.rf.c6bff58570206479bb997a0959a2c1dc,5,D40,0.47391,0.806669,0.150387,0.13122,0.102362,2,0.204724
India_002487_jpg.rf.c6bff58570206479bb997a0959a2c1dc,5,D40,0.476685,0.709557,0.147112,0.104281,0.101533,2,0.203066
India_002487_jpg.rf.c6bff58570206479bb997a0959a2c1dc,5,D40,0.437761,0.808251,0.0757067,0.0596003,0.10051,2,0.20102
India_002487_jpg.rf.c6bff58570206479bb997a0959a2c1dc,5,D40,0.149972,0.648781,0.169676,0.0735978,0.0954052,2,0.1908104
India_002487_jpg.rf.c6bff58570206479bb997a0959a2c1dc,5,D40,0.468581,0.718237,0.421273,0.231927,0.0909191,2,0.1818382
India_002487_jpg.rf.c6bff58570206479bb997a0959a2c1dc,5,D40,0.516882,0.68177,0.129834,0.0897261,0.0819009,2,0.1638018
India_002487_jpg.rf.c6bff58570206479bb997a0959a2c1dc,5,D40,0.302655,0.721375,0.0978686,0.0657948,0.0815767,2,0.1631534
India_002487_jpg.rf.c6bff58570206479bb997a0959a2c1dc,5,D40,0.307457,0.709244,0.117963,0.0833051,0.0805624,2,0.1611248
India_002487_jpg.rf.c6bff58570206479bb997a0959a2c1dc,5,D40,0.252333,0.722182,0.496028,0.268583,0.0800204,2,0.1600408
India_002487_jpg.rf.c6bff58570206479bb997a0959a2c1dc,5,D40,0.14606,0.64964,0.135028,0.0531056,0.0774854,2,0.1549708
India_002487_jpg.rf.c6bff58570206479bb997a0959a2c1dc,5,D40,0.437083,0.673659,0.252407,0.0946239,0.0754449,2,0.1508898
India_002487_jpg.rf.c6bff58570206479bb997a0959a2c1dc,5,D40,0.383398,0.691972,0.346127,0.141898,0.063955,2,0.12791
India_002487_jpg.rf.c6bff58570206479bb997a0959a2c1dc,5,D40,0.659209,0.646507,0.132163,0.05844,0.0625389,2,0.1250778
India_002487_jpg.rf.c6bff58570206479bb997a0959a2c1dc,5,D40,0.449238,0.812992,0.102542,0.0852004,0.0596782,2,0.1193564
India_002487_jpg.rf.c6bff58570206479bb997a0959a2c1dc,5,D40,0.340593,0.704672,0.213646,0.102809,0.0538291,2,0.1076582
India_002487_jpg.rf.c6bff58570206479bb997a0959a2c1dc,4,D20,0.311367,0.788864,0.613498,0.405014,0.0516254,2,0.1032508
India_002509_jpg.rf.66216ea8ada0856e2e13b4b0b4a25812,5,D40,0.23725,0.877325,0.451951,0.238464,0.309693,2,0.619386
India_002509_jpg.rf.66216ea8ada0856e2e13b4b0b4a25812,4,D20,0.226754,0.887568,0.442958,0.223898,0.285475,2,0.57095
India_002509_jpg.rf.66216ea8ada0856e2e13b4b0b4a25812,4,D20,0.39341,0.843897,0.784017,0.312207,0.26421,2,0.52842
India_002509_jpg.rf.66216ea8ada0856e2e13b4b0b4a25812,4,D20,0.153725,0.914939,0.30745,0.168648,0.151928,2,0.303856
India_002509_jpg.rf.66216ea8ada0856e2e13b4b0b4a25812,4,D20,0.26664,0.850312,0.533279,0.299377,0.106894,2,0.213788
India_002509_jpg.rf.66216ea8ada0856e2e13b4b0b4a25812,5,D40,0.260681,0.835899,0.428951,0.219761,0.0831315,2,0.166263
India_002509_jpg.rf.66216ea8ada0856e2e13b4b0b4a25812,5,D40,0.350507,0.815313,0.197769,0.0755072,0.0560684,2,0.1121368
India_002509_jpg.rf.66216ea8ada0856e2e13b4b0b4a25812,5,D40,0.328254,0.808321,0.161919,0.0576092,0.0503195,2,0.100639
India_002549_jpg.rf.315c00c5ce4d8c6729262dd98f3ea7f8,4,D20,0.403195,0.820737,0.80639,0.286069,0.982959,2,1.965918
India_002549_jpg.rf.315c00c5ce4d8c6729262dd98f3ea7f8,5,D40,0.426328,0.775251,0.565102,0.229892,0.53837,2,1.07674
India_002549_jpg.rf.315c00c5ce4d8c6729262dd98f3ea7f8,5,D40,0.333448,0.805611,0.571478,0.282849,0.388001,2,0.776002
India_002549_jpg.rf.315c00c5ce4d8c6729262dd98f3ea7f8,4,D20,0.516333,0.803922,0.562329,0.241396,0.342525,2,0.68505
India_002549_jpg.rf.315c00c5ce4d8c6729262dd98f3ea7f8,4,D20,0.401058,0.804764,0.531277,0.256324,0.240725,2,0.48145
India_002549_jpg.rf.315c00c5ce4d8c6729262dd98f3ea7f8,5,D40,0.372971,0.752074,0.547724,0.216872,0.212671,2,0.425342
India_002549_jpg.rf.315c00c5ce4d8c6729262dd98f3ea7f8,5,D40,0.374427,0.740142,0.224367,0.0624193,0.206438,2,0.412876
India_002549_jpg.rf.315c00c5ce4d8c6729262dd98f3ea7f8,5,D40,0.482486,0.728327,0.182155,0.0745356,0.204812,2,0.409624
India_002549_jpg.rf.315c00c5ce4d8c6729262dd98f3ea7f8,5,D40,0.410366,0.727726,0.231566,0.0782822,0.202928,2,0.405856
India_002549_jpg.rf.315c00c5ce4d8c6729262dd98f3ea7f8,5,D40,0.456416,0.726423,0.100284,0.0549319,0.199968,2,0.399936
India_002549_jpg.rf.315c00c5ce4d8c6729262dd98f3ea7f8,5,D40,0.429552,0.730685,0.315112,0.124146,0.177065,2,0.35413
India_002549_jpg.rf.315c00c5ce4d8c6729262dd98f3ea7f8,5,D40,0.39802,0.738538,0.310057,0.0854794,0.174119,2,0.348238
India_002549_jpg.rf.315c00c5ce4d8c6729262dd98f3ea7f8,4,D20,0.414461,0.864581,0.828922,0.243797,0.155364,2,0.310728
India_002549_jpg.rf.315c00c5ce4d8c6729262dd98f3ea7f8,4,D20,0.291791,0.816275,0.582854,0.283711,0.145448,2,0.290896
India_002549_jpg.rf.315c00c5ce4d8c6729262dd98f3ea7f8,5,D40,0.374128,0.756518,0.323113,0.136399,0.139378,2,0.278756
India_002549_jpg.rf.315c00c5ce4d8c6729262dd98f3ea7f8,5,D40,0.492976,0.718629,0.154127,0.0675027,0.12823,2,0.25646
India_002549_jpg.rf.315c00c5ce4d8c6729262dd98f3ea7f8,5,D40,0.492937,0.728023,0.176764,0.100348,0.111612,2,0.223224
India_002549_jpg.rf.315c00c5ce4d8c6729262dd98f3ea7f8,5,D40,0.094689,0.707675,0.18081,0.0710278,0.102897,2,0.205794
India_002549_jpg.rf.315c00c5ce4d8c6729262dd98f3ea7f8,5,D40,0.260506,0.825801,0.511508,0.342569,0.0995007,2,0.1990014
India_002549_jpg.rf.315c00c5ce4d8c6729262dd98f3ea7f8,5,D40,0.275827,0.748462,0.551655,0.215725,0.0872096,2,0.1744192
India_002549_jpg.rf.315c00c5ce4d8c6729262dd98f3ea7f8,4,D20,0.610183,0.814913,0.387292,0.221455,0.0728649,2,0.1457298
India_002549_jpg.rf.315c00c5ce4d8c6729262dd98f3ea7f8,4,D20,0.595235,0.829259,0.777693,0.286631,0.0654853,2,0.1309706
India_002549_jpg.rf.315c00c5ce4d8c6729262dd98f3ea7f8,5,D40,0.474847,0.751083,0.330944,0.150256,0.0541073,2,0.1082146
India_002563_jpg.rf.c7cd64e3c0ce9cfcf11346757dd9e8b7,4,D20,0.407258,0.828906,0.800336,0.269653,0.970443,2,1.940886
India_002563_jpg.rf.c7cd64e3c0ce9cfcf11346757dd9e8b7,4,D20,0.425115,0.874482,0.85023,0.251035,0.54006,2,1.08012
India_002563_jpg.rf.c7cd64e3c0ce9cfcf11346757dd9e8b7,4,D20,0.588431,0.810569,0.42421,0.210388,0.388635,2,0.77727
India_002563_jpg.rf.c7cd64e3c0ce9cfcf11346757dd9e8b7,5,D40,0.540551,0.79672,0.517479,0.22563,0.370776,2,0.741552
India_002563_jpg.rf.c7cd64e3c0ce9cfcf11346757dd9e8b7,5,D40,0.713116,0.811275,0.184327,0.161427,0.338677,2,0.677354
India_002563_jpg.rf.c7cd64e3c0ce9cfcf11346757dd9e8b7,5,D40,0.260204,0.869751,0.496121,0.260498,0.337902,2,0.675804
India_002563_jpg.rf.c7cd64e3c0ce9cfcf11346757dd9e8b7,5,D40,0.360262,0.827738,0.556708,0.219949,0.303816,2,0.607632
India_002563_jpg.rf.c7cd64e3c0ce9cfcf11346757dd9e8b7,5,D40,0.4852,0.820467,0.58778,0.22712,0.291856,2,0.583712
India_002563_jpg.rf.c7cd64e3c0ce9cfcf11346757dd9e8b7,4,D20,0.518772,0.815017,0.700973,0.237554,0.238505,2,0.47701
India_002563_jpg.rf.c7cd64e3c0ce9cfcf11346757dd9e8b7,5,D40,0.73534,0.782558,0.131154,0.0708767,0.230628,2,0.461256
India_002563_jpg.rf.c7cd64e3c0ce9cfcf11346757dd9e8b7,5,D40,0.715172,0.784145,0.17741,0.109981,0.137978,2,0.275956
India_002563_jpg.rf.c7cd64e3c0ce9cfcf11346757dd9e8b7,5,D40,0.432038,0.843321,0.600912,0.216719,0.121147,2,0.242294
India_002563_jpg.rf.c7cd64e3c0ce9cfcf11346757dd9e8b7,4,D20,0.300592,0.882139,0.601184,0.235722,0.120779,2,0.241558
India_002563_jpg.rf.c7cd64e3c0ce9cfcf11346757dd9e8b7,5,D40,0.756682,0.786027,0.0828186,0.0521015,0.101703,2,0.203406
India_002563_jpg.rf.c7cd64e3c0ce9cfcf11346757dd9e8b7,5,D40,0.708924,0.831916,0.165486,0.156729,0.0952763,2,0.1905526
India_002563_jpg.rf.c7cd64e3c0ce9cfcf11346757dd9e8b7,4,D20,0.187883,0.875399,0.368658,0.249202,0.0748158,2,0.1496316
India_002563_jpg.rf.c7cd64e3c0ce9cfcf11346757dd9e8b7,5,D40,0.675094,0.863976,0.0841982,0.0619786,0.0716663,2,0.1433326
India_002563_jpg.rf.c7cd64e3c0ce9cfcf11346757dd9e8b7,4,D20,0.653985,0.816962,0.301447,0.185391,0.0704212,2,0.1408424
India_002563_jpg.rf.c7cd64e3c0ce9cfcf11346757dd9e8b7,5,D40,0.281007,0.816157,0.538795,0.234877,0.0599355,2,0.119871
India_002563_jpg.rf.c7cd64e3c0ce9cfcf11346757dd9e8b7,5,D40,0.358897,0.727809,0.12862,0.0570196,0.0549702,2,0.1099404
India_002563_jpg.rf.c7cd64e3c0ce9cfcf11346757dd9e8b7,5,D40,0.542188,0.777725,0.11412,0.0608671,0.0509062,2,0.1018124
India_002572_jpg.rf.df8f3a1dace13aa6339512d05d7c24d3,5,D40,0.304286,0.64427,0.122857,0.0627121,0.0972594,2,0.1945188
India_002594_jpg.rf.7c9515d2a5ded568b295ccd8ecb34e61,4,D20,0.575985,0.868663,0.356147,0.262674,0.958938,2,1.917876
India_002594_jpg.rf.7c9515d2a5ded568b295ccd8ecb34e61,4,D20,0.600724,0.889804,0.298562,0.220391,0.935507,2,1.871014
India_002594_jpg.rf.7c9515d2a5ded568b295ccd8ecb34e61,4,D20,0.538805,0.867773,0.541739,0.264454,0.900176,2,1.800352
India_002594_jpg.rf.7c9515d2a5ded568b295ccd8ecb34e61,4,D20,0.375998,0.891056,0.20521,0.21685,0.736405,2,1.47281
India_002594_jpg.rf.7c9515d2a5ded568b295ccd8ecb34e61,4,D20,0.381596,0.876152,0.28453,0.247696,0.68771,2,1.37542
India_002594_jpg.rf.7c9515d2a5ded568b295ccd8ecb34e61,4,D20,0.37694,0.91797,0.17058,0.163145,0.635261,2,1.270522
India_002594_jpg.rf.7c9515d2a5ded568b295ccd8ecb34e61,4,D20,0.35193,0.890161,0.701264,0.219679,0.457419,2,0.914838
India_002594_jpg.rf.7c9515d2a5ded568b295ccd8ecb34e61,4,D20,0.61215,0.902953,0.482205,0.193975,0.286546,2,0.573092
India_002594_jpg.rf.7c9515d2a5ded568b295ccd8ecb34e61,4,D20,0.457652,0.884811,0.523696,0.225214,0.28629,2,0.57258
India_002594_jpg.rf.7c9515d2a5ded568b295ccd8ecb34e61,4,D20,0.323708,0.884936,0.349499,0.230128,0.264418,2,0.528836
India_002594_jpg.rf.7c9515d2a5ded568b295ccd8ecb34e61,4,D20,0.513196,0.907231,0.586596,0.184637,0.172334,2,0.344668
India_002594_jpg.rf.7c9515d2a5ded568b295ccd8ecb34e61,4,D20,0.680073,0.909853,0.470376,0.180293,0.169894,2,0.339788
India_002594_jpg.rf.7c9515d2a5ded568b295ccd8ecb34e61,5,D40,0.617007,0.930158,0.201515,0.128947,0.118957,2,0.237914
India_002594_jpg.rf.7c9515d2a5ded568b295ccd8ecb34e61,4,D20,0.567604,0.892689,0.202148,0.213099,0.110473,2,0.220946
India_002594_jpg.rf.7c9515d2a5ded568b295ccd8ecb34e61,4,D20,0.589547,0.86823,0.213327,0.25284,0.110447,2,0.220894
India_002594_jpg.rf.7c9515d2a5ded568b295ccd8ecb34e61,5,D40,0.375313,0.922177,0.169274,0.155646,0.077853,2,0.155706
India_002594_jpg.rf.7c9515d2a5ded568b295ccd8ecb34e61,4,D20,0.620176,0.922566,0.26534,0.154351,0.053576,2,0.107152
India_002614_jpg.rf.b83d17a565e7ec740c648035081136ca,4,D20,0.48541,0.827624,0.904512,0.281281,0.800763,2,1.601526
India_002614_jpg.rf.b83d17a565e7ec740c648035081136ca,5,D40,0.557375,0.7925,0.495311,0.251333,0.211608,2,0.423216
India_002614_jpg.rf.b83d17a565e7ec740c648035081136ca,4,D20,0.444969,0.872652,0.887636,0.254696,0.208702,2,0.417404
India_002614_jpg.rf.b83d17a565e7ec740c648035081136ca,4,D20,0.493696,0.816226,0.561358,0.273425,0.107918,2,0.215836
India_002614_jpg.rf.b83d17a565e7ec740c648035081136ca,5,D40,0.497058,0.812472,0.541243,0.305553,0.0873698,2,0.1747396
India_002614_jpg.rf.b83d17a565e7ec740c648035081136ca,5,D40,0.547948,0.758887,0.451986,0.22718,0.0773951,2,0.1547902
India_002614_jpg.rf.b83d17a565e7ec740c648035081136ca,5,D40,0.631724,0.800081,0.574771,0.226135,0.0666043,2,0.1332086
India_002614_jpg.rf.b83d17a565e7ec740c648035081136ca,4,D20,0.386922,0.839145,0.582014,0.243964,0.0575729,2,0.1151458
India_002620_jpg.rf.44a83c114fa7c2b3ea2e408b21008df7,0,D00,0.555053,0.787343,0.0584085,0.168493,0.0790145,3,0.23704350000000002
India_002692_jpg.rf.79cb6e7cb34feac3aa0a2783a2a250b8,0,D00,0.596633,0.718155,0.0809414,0.159679,0.0662999,3,0.19889969999999998
India_002696_jpg.rf.c8eaf34a088a8b997037a34e36db11e8,4,D20,0.424421,0.824611,0.838205,0.285673,0.639475,2,1.27895
India_002696_jpg.rf.c8eaf34a088a8b997037a34e36db11e8,5,D40,0.288338,0.829404,0.57157,0.282545,0.179439,2,0.358878
India_002696_jpg.rf.c8eaf34a088a8b997037a34e36db11e8,5,D40,0.503441,0.662245,0.111386,0.0672308,0.162751,2,0.325502
India_002696_jpg.rf.c8eaf34a088a8b997037a34e36db11e8,5,D40,0.347944,0.79665,0.527499,0.297506,0.155827,2,0.311654
India_002696_jpg.rf.c8eaf34a088a8b997037a34e36db11e8,5,D40,0.504559,0.669517,0.0958406,0.0519499,0.154536,2,0.309072
India_002696_jpg.rf.c8eaf34a088a8b997037a34e36db11e8,4,D20,0.322919,0.823377,0.630828,0.330664,0.116322,2,0.232644
India_002696_jpg.rf.c8eaf34a088a8b997037a34e36db11e8,5,D40,0.299041,0.752984,0.564592,0.233568,0.0834846,2,0.1669692
India_002696_jpg.rf.c8eaf34a088a8b997037a34e36db11e8,5,D40,0.472541,0.670796,0.182259,0.0953035,0.0821654,2,0.1643308
India_002696_jpg.rf.c8eaf34a088a8b997037a34e36db11e8,0,D00,0.527682,0.744486,0.0960468,0.150813,0.074012,3,0.22203599999999998
India_002696_jpg.rf.c8eaf34a088a8b997037a34e36db11e8,5,D40,0.247214,0.782572,0.492643,0.294744,0.0580027,2,0.1160054
India_002696_jpg.rf.c8eaf34a088a8b997037a34e36db11e8,4,D20,0.311264,0.841323,0.567318,0.230869,0.057637,2,0.115274
India_002696_jpg.rf.c8eaf34a088a8b997037a34e36db11e8,5,D40,0.513826,0.659816,0.143879,0.0847313,0.0548954,2,0.1097908
India_002713_jpg.rf.ea82ca0fd2ce9a1cfaeb075144e7953d,4,D20,0.422596,0.729788,0.827872,0.263076,0.659726,2,1.319452
India_002713_jpg.rf.ea82ca0fd2ce9a1cfaeb075144e7953d,5,D40,0.309957,0.708921,0.544457,0.188235,0.33427,2,0.66854
India_002713_jpg.rf.ea82ca0fd2ce9a1cfaeb075144e7953d,4,D20,0.644649,0.737741,0.295274,0.240871,0.174947,2,0.349894
India_002713_jpg.rf.ea82ca0fd2ce9a1cfaeb075144e7953d,5,D40,0.500957,0.697585,0.117139,0.0638418,0.132261,2,0.264522
India_002713_jpg.rf.ea82ca0fd2ce9a1cfaeb075144e7953d,5,D40,0.512181,0.644222,0.0741905,0.0335354,0.128103,2,0.256206
India_002713_jpg.rf.ea82ca0fd2ce9a1cfaeb075144e7953d,5,D40,0.273481,0.736404,0.530318,0.211957,0.124928,2,0.249856
India_002713_jpg.rf.ea82ca0fd2ce9a1cfaeb075144e7953d,5,D40,0.383127,0.723213,0.502321,0.214057,0.108649,2,0.217298
India_002713_jpg.rf.ea82ca0fd2ce9a1cfaeb075144e7953d,4,D20,0.563218,0.746409,0.568743,0.226217,0.106868,2,0.213736
India_002713_jpg.rf.ea82ca0fd2ce9a1cfaeb075144e7953d,5,D40,0.478392,0.698649,0.154305,0.0862448,0.0999549,2,0.1999098
India_002713_jpg.rf.ea82ca0fd2ce9a1cfaeb075144e7953d,5,D40,0.463653,0.601442,0.0834185,0.0403473,0.077083,2,0.154166
India_002713_jpg.rf.ea82ca0fd2ce9a1cfaeb075144e7953d,5,D40,0.483844,0.687796,0.146049,0.118848,0.0766098,2,0.1532196
India_002713_jpg.rf.ea82ca0fd2ce9a1cfaeb075144e7953d,5,D40,0.510107,0.642619,0.0962902,0.0407026,0.0751611,2,0.1503222
India_002713_jpg.rf.ea82ca0fd2ce9a1cfaeb075144e7953d,5,D40,0.513967,0.649546,0.0849043,0.0383592,0.0686123,2,0.1372246
India_002713_jpg.rf.ea82ca0fd2ce9a1cfaeb075144e7953d,5,D40,0.503984,0.621148,0.160182,0.0853484,0.056228,2,0.112456
India_002713_jpg.rf.ea82ca0fd2ce9a1cfaeb075144e7953d,5,D40,0.515326,0.701765,0.0827286,0.0532183,0.0544546,2,0.1089092
India_002729_jpg.rf.81dd5e548a8b1926043beae2223fc0b2,4,D20,0.542649,0.730953,0.829032,0.274373,0.383724,2,0.767448
India_002735_jpg.rf.efbcf441e8cddd02e0115097be4eacd5,4,D20,0.562286,0.723701,0.834631,0.247453,0.924202,2,1.848404
India_002735_jpg.rf.efbcf441e8cddd02e0115097be4eacd5,4,D20,0.696738,0.710043,0.606523,0.256283,0.411822,2,0.823644
India_002735_jpg.rf.efbcf441e8cddd02e0115097be4eacd5,4,D20,0.721312,0.706392,0.531919,0.195206,0.296599,2,0.593198
India_002735_jpg.rf.efbcf441e8cddd02e0115097be4eacd5,5,D40,0.709664,0.701001,0.525397,0.210325,0.217649,2,0.435298
India_002735_jpg.rf.efbcf441e8cddd02e0115097be4eacd5,4,D20,0.639832,0.708117,0.427415,0.205097,0.153557,2,0.307114
India_002735_jpg.rf.efbcf441e8cddd02e0115097be4eacd5,4,D20,0.560928,0.715112,0.591768,0.204876,0.139694,2,0.279388
India_002735_jpg.rf.efbcf441e8cddd02e0115097be4eacd5,4,D20,0.594096,0.7238,0.308115,0.185811,0.0537541,2,0.1075082
India_002739_jpg.rf.a38aab09aa432c375bf9e6c5087909bd,4,D20,0.593056,0.884331,0.809084,0.22875,0.158982,2,0.317964
India_002739_jpg.rf.a38aab09aa432c375bf9e6c5087909bd,7,D44,0.605077,0.896491,0.131429,0.204319,0.0983852,3,0.2951556
India_002739_jpg.rf.a38aab09aa432c375bf9e6c5087909bd,7,D44,0.781259,0.880212,0.136646,0.202323,0.073914,3,0.221742
India_002739_jpg.rf.a38aab09aa432c375bf9e6c5087909bd,4,D20,0.679291,0.876859,0.369382,0.246283,0.072152,2,0.144304
India_002739_jpg.rf.a38aab09aa432c375bf9e6c5087909bd,7,D44,0.794188,0.875353,0.101379,0.171848,0.0695199,3,0.2085597
India_002739_jpg.rf.a38aab09aa432c375bf9e6c5087909bd,7,D44,0.60415,0.916852,0.099745,0.163874,0.0658408,3,0.19752240000000001
India_002782_jpg.rf.5aefda3aa8d04e9961cb51bbd2609c68,7,D44,0.262576,0.713253,0.094026,0.118,0.0699327,3,0.2097981
India_002782_jpg.rf.5aefda3aa8d04e9961cb51bbd2609c68,7,D44,0.359556,0.537198,0.0428008,0.0542262,0.051911,3,0.155733
India_002810_jpg.rf.501e442314c63dc5a962afd211364765,5,D40,0.503386,0.889812,0.064015,0.03974,0.135757,2,0.271514
India_002810_jpg.rf.501e442314c63dc5a962afd211364765,5,D40,0.495502,0.886861,0.0863034,0.0393784,0.0627571,2,0.1255142
India_002811_jpg.rf.6c65858ddf753fdc7d5202a7f7adc2f0,4,D20,0.883219,0.869709,0.233562,0.241303,0.289539,2,0.579078
India_002811_jpg.rf.6c65858ddf753fdc7d5202a7f7adc2f0,4,D20,0.897575,0.84818,0.20485,0.190741,0.110462,2,0.220924
India_002811_jpg.rf.6c65858ddf753fdc7d5202a7f7adc2f0,4,D20,0.915539,0.87644,0.168922,0.194098,0.089323,2,0.178646
India_002811_jpg.rf.6c65858ddf753fdc7d5202a7f7adc2f0,4,D20,0.794825,0.86782,0.41035,0.264359,0.0614255,2,0.122851
India_002837_jpg.rf.508e84307eae457807d1e450873b2115,7,D44,0.530733,0.846772,0.0952424,0.145419,0.190255,3,0.570765
India_002837_jpg.rf.508e84307eae457807d1e450873b2115,7,D44,0.528879,0.838269,0.116236,0.178123,0.139118,3,0.417354
India_002837_jpg.rf.508e84307eae457807d1e450873b2115,7,D44,0.713966,0.836988,0.179509,0.180387,0.110822,3,0.33246600000000004
India_002837_jpg.rf.508e84307eae457807d1e450873b2115,7,D44,0.700726,0.819352,0.148047,0.15594,0.0992653,3,0.2977959
India_002837_jpg.rf.508e84307eae457807d1e450873b2115,7,D44,0.73437,0.859865,0.193081,0.185728,0.0715698,3,0.2147094
India_002846_jpg.rf.a8c8883a4313d162a322dd7d500b7e3c,4,D20,0.50337,0.891454,0.955066,0.217093,0.860677,2,1.721354
India_002846_jpg.rf.a8c8883a4313d162a322dd7d500b7e3c,4,D20,0.43429,0.864356,0.412789,0.271289,0.754241,2,1.508482
India_002846_jpg.rf.a8c8883a4313d162a322dd7d500b7e3c,4,D20,0.369478,0.877078,0.723725,0.245844,0.739811,2,1.479622
India_002846_jpg.rf.a8c8883a4313d162a322dd7d500b7e3c,4,D20,0.522041,0.875552,0.532678,0.248896,0.446177,2,0.892354
India_002846_jpg.rf.a8c8883a4313d162a322dd7d500b7e3c,5,D40,0.3958,0.881524,0.104674,0.0515135,0.235204,2,0.470408
India_002846_jpg.rf.a8c8883a4313d162a322dd7d500b7e3c,4,D20,0.660391,0.900461,0.554179,0.199079,0.174552,2,0.349104
India_002846_jpg.rf.a8c8883a4313d162a322dd7d500b7e3c,4,D20,0.366606,0.854405,0.497708,0.290796,0.143273,2,0.286546
India_002846_jpg.rf.a8c8883a4313d162a322dd7d500b7e3c,4,D20,0.4096,0.912892,0.235031,0.173502,0.116333,2,0.232666
India_002846_jpg.rf.a8c8883a4313d162a322dd7d500b7e3c,5,D40,0.423458,0.883585,0.158035,0.0876909,0.0983006,2,0.1966012
India_002846_jpg.rf.a8c8883a4313d162a322dd7d500b7e3c,4,D20,0.416102,0.902507,0.688914,0.194867,0.0758476,2,0.1516952
India_002846_jpg.rf.a8c8883a4313d162a322dd7d500b7e3c,4,D20,0.553747,0.907743,0.628957,0.184514,0.0731365,2,0.146273
India_002846_jpg.rf.a8c8883a4313d162a322dd7d500b7e3c,5,D40,0.419232,0.902007,0.284253,0.195655,0.066195,2,0.13239
India_002846_jpg.rf.a8c8883a4313d162a322dd7d500b7e3c,5,D40,0.388803,0.876176,0.135881,0.071616,0.0637669,2,0.1275338
India_002846_jpg.rf.a8c8883a4313d162a322dd7d500b7e3c,4,D20,0.665855,0.914875,0.66829,0.17025,0.0579513,2,0.1159026
India_002846_jpg.rf.a8c8883a4313d162a322dd7d500b7e3c,5,D40,0.717354,0.902437,0.565291,0.195126,0.0541609,2,0.1083218
India_002871_jpg.rf.cc82210bd5eacbe35cdc2388b6d8cbdc,4,D20,0.321833,0.886764,0.6319,0.225775,0.516402,2,1.032804
India_002871_jpg.rf.cc82210bd5eacbe35cdc2388b6d8cbdc,4,D20,0.464751,0.86773,0.877564,0.26454,0.260767,2,0.521534
India_002871_jpg.rf.cc82210bd5eacbe35cdc2388b6d8cbdc,5,D40,0.610869,0.694519,0.0833153,0.047854,0.122556,2,0.245112
India_002871_jpg.rf.cc82210bd5eacbe35cdc2388b6d8cbdc,5,D40,0.609709,0.707854,0.0767847,0.044928,0.11474,2,0.22948
India_002871_jpg.rf.cc82210bd5eacbe35cdc2388b6d8cbdc,5,D40,0.60458,0.685761,0.0817005,0.0455492,0.10757,2,0.21514
India_002871_jpg.rf.cc82210bd5eacbe35cdc2388b6d8cbdc,4,D20,0.437329,0.89497,0.603949,0.21006,0.0901993,2,0.1803986
India_002871_jpg.rf.cc82210bd5eacbe35cdc2388b6d8cbdc,5,D40,0.605991,0.70371,0.0918739,0.059215,0.086071,2,0.172142
India_002880_jpg.rf.592c167d369bf8864052a21c349bbe39,5,D40,0.519433,0.758515,0.17622,0.0858749,0.10323,2,0.20646
India_002880_jpg.rf.592c167d369bf8864052a21c349bbe39,5,D40,0.490946,0.766532,0.26412,0.149271,0.0751642,2,0.1503284
India_002880_jpg.rf.592c167d369bf8864052a21c349bbe39,5,D40,0.55797,0.753376,0.10781,0.0449779,0.0686441,2,0.1372882
India_002880_jpg.rf.592c167d369bf8864052a21c349bbe39,5,D40,0.546189,0.754106,0.134188,0.0626454,0.0684483,2,0.1368966
India_002880_jpg.rf.592c167d369bf8864052a21c349bbe39,5,D40,0.437591,0.767933,0.357348,0.202724,0.066178,2,0.132356
India_002880_jpg.rf.592c167d369bf8864052a21c349bbe39,5,D40,0.533834,0.675583,0.136344,0.0583479,0.063382,2,0.126764
India_002880_jpg.rf.592c167d369bf8864052a21c349bbe39,5,D40,0.516328,0.683453,0.179523,0.085075,0.0535583,2,0.1071166
India_002881_jpg.rf.efabd12396eb5cd65a4228518e4ea265,4,D20,0.51034,0.741278,0.95068,0.304409,0.13386,2,0.26772
India_002881_jpg.rf.efabd12396eb5cd65a4228518e4ea265,5,D40,0.275981,0.692074,0.551962,0.20371,0.131718,2,0.263436
India_002881_jpg.rf.efabd12396eb5cd65a4228518e4ea265,5,D40,0.25074,0.734673,0.501479,0.293243,0.121447,2,0.242894
India_002890_jpg.rf.df41f94a6a4fc4827d173d8c2d1e0c24,4,D20,0.395707,0.843695,0.76843,0.259123,0.0525969,2,0.1051938
India_002945_jpg.rf.ffa88f39553714f68585085a0bbfb7ed,4,D20,0.504454,0.83839,0.945928,0.269883,0.162587,2,0.325174
India_002945_jpg.rf.ffa88f39553714f68585085a0bbfb7ed,5,D40,0.591342,0.767181,0.251979,0.120437,0.118763,2,0.237526
India_002945_jpg.rf.ffa88f39553714f68585085a0bbfb7ed,5,D40,0.586513,0.830239,0.46344,0.24539,0.110942,2,0.221884
India_002945_jpg.rf.ffa88f39553714f68585085a0bbfb7ed,5,D40,0.64699,0.754313,0.0963487,0.0518086,0.0972424,2,0.1944848
India_002945_jpg.rf.ffa88f39553714f68585085a0bbfb7ed,5,D40,0.590281,0.770568,0.285608,0.15835,0.0960012,2,0.1920024
India_002945_jpg.rf.ffa88f39553714f68585085a0bbfb7ed,5,D40,0.559032,0.786061,0.189142,0.0763668,0.0722079,2,0.1444158
India_002945_jpg.rf.ffa88f39553714f68585085a0bbfb7ed,5,D40,0.500101,0.819993,0.559353,0.259068,0.0676707,2,0.1353414
India_002945_jpg.rf.ffa88f39553714f68585085a0bbfb7ed,5,D40,0.593766,0.747335,0.193971,0.0855513,0.0673147,2,0.1346294
India_002945_jpg.rf.ffa88f39553714f68585085a0bbfb7ed,5,D40,0.637091,0.747939,0.106807,0.0636575,0.0565595,2,0.113119
India_002945_jpg.rf.ffa88f39553714f68585085a0bbfb7ed,5,D40,0.657739,0.848744,0.490601,0.255568,0.0563322,2,0.1126644
India_002967_jpg.rf.b5390c8a041f27e201a1bdfd0d48eb81,4,D20,0.509493,0.807501,0.22447,0.223775,0.790827,2,1.581654
India_002967_jpg.rf.b5390c8a041f27e201a1bdfd0d48eb81,4,D20,0.466134,0.808011,0.282175,0.231781,0.677955,2,1.35591
India_002967_jpg.rf.b5390c8a041f27e201a1bdfd0d48eb81,4,D20,0.528256,0.816473,0.596662,0.218005,0.457495,2,0.91499
India_002967_jpg.rf.b5390c8a041f27e201a1bdfd0d48eb81,4,D20,0.524558,0.826764,0.174036,0.179973,0.435328,2,0.870656
India_002967_jpg.rf.b5390c8a041f27e201a1bdfd0d48eb81,4,D20,0.377249,0.822127,0.645141,0.261632,0.266296,2,0.532592
India_002967_jpg.rf.b5390c8a041f27e201a1bdfd0d48eb81,0,D00,0.476776,0.814485,0.0756473,0.205249,0.123803,3,0.371409
India_002967_jpg.rf.b5390c8a041f27e201a1bdfd0d48eb81,4,D20,0.56883,0.804762,0.315313,0.234079,0.117613,2,0.235226
India_002967_jpg.rf.b5390c8a041f27e201a1bdfd0d48eb81,0,D00,0.501011,0.809888,0.132377,0.216327,0.114034,3,0.342102
India_002967_jpg.rf.b5390c8a041f27e201a1bdfd0d48eb81,4,D20,0.397717,0.799076,0.472459,0.257531,0.0830641,2,0.1661282
India_002967_jpg.rf.b5390c8a041f27e201a1bdfd0d48eb81,4,D20,0.529463,0.788744,0.319635,0.282037,0.066642,2,0.133284
India_002968_jpg.rf.bfd679d96725f387bb7bf967774826a1,4,D20,0.422294,0.728988,0.735413,0.260966,0.382534,2,0.765068
India_002968_jpg.rf.bfd679d96725f387bb7bf967774826a1,5,D40,0.315868,0.783834,0.35745,0.153535,0.0519275,2,0.103855
India_002968_jpg.rf.bfd679d96725f387bb7bf967774826a1,4,D20,0.538112,0.726613,0.544987,0.214327,0.0517369,2,0.1034738
India_002972_jpg.rf.5de95d9cc96c1f1de6816d0bde99e4cb,4,D20,0.507272,0.832757,0.911277,0.280331,0.867033,2,1.734066
India_002972_jpg.rf.5de95d9cc96c1f1de6816d0bde99e4cb,5,D40,0.6144,0.810604,0.544336,0.243659,0.207817,2,0.415634
India_002972_jpg.rf.5de95d9cc96c1f1de6816d0bde99e4cb,4,D20,0.449126,0.872582,0.885732,0.254837,0.191581,2,0.383162
India_002972_jpg.rf.5de95d9cc96c1f1de6816d0bde99e4cb,5,D40,0.706582,0.695274,0.0838783,0.0457237,0.116017,2,0.232034
India_002972_jpg.rf.5de95d9cc96c1f1de6816d0bde99e4cb,5,D40,0.522064,0.820563,0.617232,0.245399,0.112731,2,0.225462
India_002972_jpg.rf.5de95d9cc96c1f1de6816d0bde99e4cb,5,D40,0.426428,0.847522,0.566285,0.266612,0.107427,2,0.214854
India_002972_jpg.rf.5de95d9cc96c1f1de6816d0bde99e4cb,4,D20,0.638176,0.848535,0.528493,0.206346,0.0889651,2,0.1779302
India_002972_jpg.rf.5de95d9cc96c1f1de6816d0bde99e4cb,5,D40,0.681022,0.830727,0.461699,0.232331,0.0829865,2,0.165973
India_002972_jpg.rf.5de95d9cc96c1f1de6816d0bde99e4cb,4,D20,0.679063,0.834861,0.641873,0.281582,0.082009,2,0.164018
India_002972_jpg.rf.5de95d9cc96c1f1de6816d0bde99e4cb,5,D40,0.575376,0.846136,0.613704,0.209264,0.0677495,2,0.135499
India_002972_jpg.rf.5de95d9cc96c1f1de6816d0bde99e4cb,5,D40,0.31202,0.860693,0.554169,0.278613,0.0672694,2,0.1345388
India_002972_jpg.rf.5de95d9cc96c1f1de6816d0bde99e4cb,5,D40,0.693025,0.704041,0.118006,0.0521898,0.0671188,2,0.1342376
India_002972_jpg.rf.5de95d9cc96c1f1de6816d0bde99e4cb,5,D40,0.688355,0.71058,0.121865,0.0770521,0.0658546,2,0.1317092
India_002972_jpg.rf.5de95d9cc96c1f1de6816d0bde99e4cb,5,D40,0.47763,0.850971,0.602846,0.216709,0.0652784,2,0.1305568
India_002972_jpg.rf.5de95d9cc96c1f1de6816d0bde99e4cb,5,D40,0.601438,0.769582,0.486682,0.248595,0.0599969,2,0.1199938
India_002991_jpg.rf.625883056dbde41d0cd7451a790cd3bb,4,D20,0.447152,0.684578,0.843468,0.253397,0.686995,2,1.37399
India_002991_jpg.rf.625883056dbde41d0cd7451a790cd3bb,7,D44,0.495783,0.699607,0.114719,0.153148,0.228399,3,0.685197
India_002991_jpg.rf.625883056dbde41d0cd7451a790cd3bb,4,D20,0.407565,0.726951,0.767416,0.287925,0.138862,2,0.277724
India_002991_jpg.rf.625883056dbde41d0cd7451a790cd3bb,7,D44,0.358897,0.688881,0.190687,0.15376,0.119169,3,0.357507
India_002991_jpg.rf.625883056dbde41d0cd7451a790cd3bb,4,D20,0.612154,0.702713,0.12092,0.179538,0.0969327,2,0.1938654
India_002991_jpg.rf.625883056dbde41d0cd7451a790cd3bb,7,D44,0.519513,0.651534,0.0555918,0.0909968,0.0848772,3,0.2546316
India_002991_jpg.rf.625883056dbde41d0cd7451a790cd3bb,7,D44,0.506817,0.682247,0.0859495,0.175193,0.0807611,3,0.2422833
India_002991_jpg.rf.625883056dbde41d0cd7451a790cd3bb,5,D40,0.487684,0.717277,0.115749,0.111578,0.075381,2,0.150762
India_002991_jpg.rf.625883056dbde41d0cd7451a790cd3bb,7,D44,0.518105,0.673729,0.0566601,0.116582,0.0752079,3,0.22562369999999998
India_002991_jpg.rf.625883056dbde41d0cd7451a790cd3bb,4,D20,0.461765,0.697826,0.173758,0.151773,0.0606686,2,0.1213372
India_002991_jpg.rf.625883056dbde41d0cd7451a790cd3bb,0,D00,0.493688,0.708629,0.106134,0.122979,0.0605047,3,0.1815141
India_002991_jpg.rf.625883056dbde41d0cd7451a790cd3bb,0,D00,0.483508,0.675879,0.141344,0.205691,0.0600459,3,0.1801377
India_002991_jpg.rf.625883056dbde41d0cd7451a790cd3bb,4,D20,0.471866,0.695256,0.36656,0.200413,0.054402,2,0.108804
India_002991_jpg.rf.625883056dbde41d0cd7451a790cd3bb,4,D20,0.456809,0.683438,0.471545,0.206159,0.0500929,2,0.1001858
India_002995_jpg.rf.3f523563daf15bd864e9e64958c96cf9,4,D20,0.235841,0.832113,0.471681,0.331936,0.180771,2,0.361542
India_002995_jpg.rf.3f523563daf15bd864e9e64958c96cf9,4,D20,0.440496,0.750736,0.858962,0.281595,0.0671455,2,0.134291
India_002995_jpg.rf.3f523563daf15bd864e9e64958c96cf9,4,D20,0.182071,0.845034,0.362578,0.298214,0.064832,2,0.129664
India_002995_jpg.rf.3f523563daf15bd864e9e64958c96cf9,4,D20,0.288843,0.799294,0.577685,0.250518,0.059144,2,0.118288
India_003006_jpg.rf.8886e18575a3257b522af39e66a3ef7c,4,D20,0.431566,0.723102,0.863133,0.273738,0.987994,2,1.975988
India_003006_jpg.rf.8886e18575a3257b522af39e66a3ef7c,5,D40,0.416377,0.710702,0.512605,0.278889,0.534716,2,1.069432
India_003006_jpg.rf.8886e18575a3257b522af39e66a3ef7c,4,D20,0.459668,0.718319,0.490799,0.245598,0.487624,2,0.975248
India_003006_jpg.rf.8886e18575a3257b522af39e66a3ef7c,5,D40,0.333129,0.708785,0.588118,0.231761,0.280659,2,0.561318
India_003006_jpg.rf.8886e18575a3257b522af39e66a3ef7c,4,D20,0.329991,0.749525,0.659982,0.294991,0.265494,2,0.530988
India_003006_jpg.rf.8886e18575a3257b522af39e66a3ef7c,4,D20,0.595697,0.70632,0.628748,0.25742,0.166801,2,0.333602
India_003006_jpg.rf.8886e18575a3257b522af39e66a3ef7c,5,D40,0.294715,0.744295,0.589431,0.301063,0.153334,2,0.306668
India_003006_jpg.rf.8886e18575a3257b522af39e66a3ef7c,4,D20,0.564133,0.708768,0.290795,0.216775,0.106345,2,0.21269
India_003006_jpg.rf.8886e18575a3257b522af39e66a3ef7c,5,D40,0.445909,0.676241,0.479597,0.267105,0.0977581,2,0.1955162
India_003006_jpg.rf.8886e18575a3257b522af39e66a3ef7c,5,D40,0.5167,0.69474,0.433677,0.230336,0.0762574,2,0.1525148
India_003006_jpg.rf.8886e18575a3257b522af39e66a3ef7c,4,D20,0.669647,0.707567,0.450239,0.213477,0.0652153,2,0.1304306
India_003006_jpg.rf.8886e18575a3257b522af39e66a3ef7c,5,D40,0.358448,0.657281,0.562914,0.213197,0.0649777,2,0.1299554
India_003006_jpg.rf.8886e18575a3257b522af39e66a3ef7c,4,D20,0.232483,0.825393,0.464966,0.349214,0.0578612,2,0.1157224
India_003028_jpg.rf.af9cabf30f9b3a749e476fe9bab03f9a,4,D20,0.499717,0.735132,0.907124,0.262173,0.810932,2,1.621864
India_003028_jpg.rf.af9cabf30f9b3a749e476fe9bab03f9a,5,D40,0.470982,0.718688,0.159104,0.118354,0.344948,2,0.689896
India_003028_jpg.rf.af9cabf30f9b3a749e476fe9bab03f9a,4,D20,0.43485,0.807855,0.865741,0.32578,0.337766,2,0.675532
India_003028_jpg.rf.af9cabf30f9b3a749e476fe9bab03f9a,4,D20,0.459936,0.81655,0.572841,0.362131,0.284804,2,0.569608
India_003028_jpg.rf.af9cabf30f9b3a749e476fe9bab03f9a,5,D40,0.461337,0.746545,0.122857,0.0612836,0.238302,2,0.476604
India_003028_jpg.rf.af9cabf30f9b3a749e476fe9bab03f9a,5,D40,0.281413,0.631283,0.221914,0.0836712,0.236981,2,0.473962
India_003028_jpg.rf.af9cabf30f9b3a749e476fe9bab03f9a,5,D40,0.46839,0.738237,0.576002,0.216247,0.236522,2,0.473044
India_003028_jpg.rf.af9cabf30f9b3a749e476fe9bab03f9a,4,D20,0.482678,0.750359,0.589291,0.213583,0.227339,2,0.454678
India_003028_jpg.rf.af9cabf30f9b3a749e476fe9bab03f9a,5,D40,0.295728,0.638934,0.250559,0.121482,0.200598,2,0.401196
India_003028_jpg.rf.af9cabf30f9b3a749e476fe9bab03f9a,5,D40,0.322766,0.62648,0.323791,0.132211,0.18334,2,0.36668
India_003028_jpg.rf.af9cabf30f9b3a749e476fe9bab03f9a,4,D20,0.349167,0.823618,0.479075,0.341683,0.158211,2,0.316422
India_003028_jpg.rf.af9cabf30f9b3a749e476fe9bab03f9a,5,D40,0.45222,0.794637,0.566629,0.346553,0.147758,2,0.295516
India_003028_jpg.rf.af9cabf30f9b3a749e476fe9bab03f9a,5,D40,0.290967,0.665251,0.242096,0.160375,0.145177,2,0.290354
India_003028_jpg.rf.af9cabf30f9b3a749e476fe9bab03f9a,5,D40,0.306212,0.62862,0.179533,0.0736803,0.132971,2,0.265942
India_003028_jpg.rf.af9cabf30f9b3a749e476fe9bab03f9a,5,D40,0.637463,0.593135,0.132671,0.0541023,0.0981653,2,0.1963306
India_003028_jpg.rf.af9cabf30f9b3a749e476fe9bab03f9a,4,D20,0.208287,0.83006,0.416371,0.339879,0.0957776,2,0.1915552
India_003028_jpg.rf.af9cabf30f9b3a749e476fe9bab03f9a,5,D40,0.49105,0.703548,0.107049,0.0887992,0.0951746,2,0.1903492
India_003028_jpg.rf.af9cabf30f9b3a749e476fe9bab03f9a,5,D40,0.454673,0.723752,0.243987,0.170153,0.0906201,2,0.1812402
India_003028_jpg.rf.af9cabf30f9b3a749e476fe9bab03f9a,5,D40,0.431192,0.720913,0.532183,0.296308,0.0839202,2,0.1678404
India_003028_jpg.rf.af9cabf30f9b3a749e476fe9bab03f9a,4,D20,0.582564,0.747619,0.480988,0.195481,0.0692421,2,0.1384842
India_003028_jpg.rf.af9cabf30f9b3a749e476fe9bab03f9a,4,D20,0.287487,0.850616,0.538951,0.29826,0.0644266,2,0.1288532
India_003028_jpg.rf.af9cabf30f9b3a749e476fe9bab03f9a,5,D40,0.336197,0.758377,0.455245,0.346772,0.0540343,2,0.1080686
India_003028_jpg.rf.af9cabf30f9b3a749e476fe9bab03f9a,5,D40,0.26572,0.647841,0.172034,0.0669849,0.0522321,2,0.1044642
India_003039_jpg.rf.f3505d3c200442bbc674af74218ae28b,4,D20,0.843729,0.875545,0.312541,0.24891,0.999032,2,1.998064
India_003039_jpg.rf.f3505d3c200442bbc674af74218ae28b,4,D20,0.616535,0.870715,0.76693,0.24525,0.992135,2,1.98427
India_003039_jpg.rf.f3505d3c200442bbc674af74218ae28b,4,D20,0.792302,0.859836,0.415396,0.280327,0.988897,2,1.977794
India_003039_jpg.rf.f3505d3c200442bbc674af74218ae28b,4,D20,0.891787,0.904613,0.215996,0.190774,0.63286,2,1.26572
India_003039_jpg.rf.f3505d3c200442bbc674af74218ae28b,4,D20,0.723027,0.852907,0.507851,0.293564,0.628309,2,1.256618
India_003039_jpg.rf.f3505d3c200442bbc674af74218ae28b,4,D20,0.869079,0.877614,0.253239,0.212502,0.487426,2,0.974852
India_003039_jpg.rf.f3505d3c200442bbc674af74218ae28b,4,D20,0.826393,0.848172,0.272581,0.214396,0.334862,2,0.669724
India_003039_jpg.rf.f3505d3c200442bbc674af74218ae28b,4,D20,0.909473,0.918822,0.181055,0.160372,0.190447,2,0.380894
India_003039_jpg.rf.f3505d3c200442bbc674af74218ae28b,4,D20,0.79472,0.824456,0.277261,0.224626,0.140871,2,0.281742
India_003039_jpg.rf.f3505d3c200442bbc674af74218ae28b,4,D20,0.751785,0.889607,0.496429,0.220786,0.0886134,2,0.1772268
India_003039_jpg.rf.f3505d3c200442bbc674af74218ae28b,4,D20,0.632058,0.861718,0.424035,0.267447,0.086248,2,0.172496
India_003039_jpg.rf.f3505d3c200442bbc674af74218ae28b,4,D20,0.758359,0.826954,0.248755,0.253393,0.069619,2,0.139238
India_003039_jpg.rf.f3505d3c200442bbc674af74218ae28b,4,D20,0.929948,0.93443,0.139226,0.130403,0.0587415,2,0.117483
India_003093_jpg.rf.7fc1108756e0d752ec354db330724e0a,4,D20,0.789526,0.842772,0.409326,0.27863,0.917967,2,1.835934
India_003093_jpg.rf.7fc1108756e0d752ec354db330724e0a,4,D20,0.720604,0.821787,0.373108,0.26431,0.351865,2,0.70373
India_003093_jpg.rf.7fc1108756e0d752ec354db330724e0a,4,D20,0.832193,0.872807,0.335614,0.244339,0.149584,2,0.299168
India_003093_jpg.rf.7fc1108756e0d752ec354db330724e0a,4,D20,0.699485,0.847051,0.601029,0.267002,0.102835,2,0.20567
India_003093_jpg.rf.7fc1108756e0d752ec354db330724e0a,5,D40,0.694274,0.76401,0.152614,0.0758827,0.0778309,2,0.1556618
India_003093_jpg.rf.7fc1108756e0d752ec354db330724e0a,0,D00,0.691512,0.846435,0.145091,0.217901,0.0608503,3,0.18255090000000002
India_003093_jpg.rf.7fc1108756e0d752ec354db330724e0a,5,D40,0.676252,0.757747,0.123091,0.0662251,0.0504886,2,0.1009772
India_003120_jpg.rf.9edb83169909da018ce6b1a11a3828c5,7,D44,0.739117,0.964634,0.0668121,0.0700461,0.113157,3,0.33947099999999997
India_003120_jpg.rf.9edb83169909da018ce6b1a11a3828c5,7,D44,0.748201,0.968708,0.0619951,0.0599698,0.0872217,3,0.2616651
India_003120_jpg.rf.9edb83169909da018ce6b1a11a3828c5,5,D40,0.623316,0.899694,0.105844,0.0508379,0.0676943,2,0.1353886
India_003120_jpg.rf.9edb83169909da018ce6b1a11a3828c5,5,D40,0.577942,0.838349,0.0969386,0.0481434,0.0513114,2,0.1026228
India_003169_jpg.rf.e622913dd6f5a5d50751d006248b1015,4,D20,0.600709,0.863661,0.7977,0.268607,0.0841971,2,0.1683942
India_003172_jpg.rf.be1dca5a3191e0f2473a2e1b0805636a,5,D40,0.343604,0.874322,0.165445,0.0680981,0.491865,2,0.98373
India_003172_jpg.rf.be1dca5a3191e0f2473a2e1b0805636a,5,D40,0.355145,0.875971,0.207903,0.0875698,0.481515,2,0.96303
India_003172_jpg.rf.be1dca5a3191e0f2473a2e1b0805636a,5,D40,0.358014,0.871964,0.134412,0.0572357,0.340369,2,0.680738
India_003172_jpg.rf.be1dca5a3191e0f2473a2e1b0805636a,4,D20,0.514597,0.863799,0.940367,0.261115,0.116458,2,0.232916
India_003172_jpg.rf.be1dca5a3191e0f2473a2e1b0805636a,5,D40,0.392524,0.850593,0.304961,0.126842,0.10741,2,0.21482
India_003172_jpg.rf.be1dca5a3191e0f2473a2e1b0805636a,5,D40,0.360618,0.86168,0.164683,0.0824518,0.076999,2,0.153998
India_003172_jpg.rf.be1dca5a3191e0f2473a2e1b0805636a,5,D40,0.30488,0.87833,0.0928626,0.0535347,0.0613145,2,0.122629
India_003179_jpg.rf.0a9707c6a76873c8431cf9d6de6fd95f,5,D40,0.665945,0.7355,0.153966,0.0624485,0.0506393,2,0.1012786
India_003181_jpg.rf.04d3d597d974e4fc507092409a4f684b,4,D20,0.358431,0.701252,0.703777,0.246553,0.531366,2,1.062732
India_003181_jpg.rf.04d3d597d974e4fc507092409a4f684b,4,D20,0.478206,0.675521,0.900659,0.237783,0.377783,2,0.755566
India_003181_jpg.rf.04d3d597d974e4fc507092409a4f684b,4,D20,0.502411,0.644485,0.237446,0.246105,0.285039,2,0.570078
India_003181_jpg.rf.04d3d597d974e4fc507092409a4f684b,4,D20,0.46419,0.650728,0.287952,0.263345,0.175976,2,0.351952
India_003181_jpg.rf.04d3d597d974e4fc507092409a4f684b,4,D20,0.306189,0.733706,0.612377,0.308022,0.162459,2,0.324918
India_003181_jpg.rf.04d3d597d974e4fc507092409a4f684b,5,D40,0.537784,0.593508,0.124513,0.109773,0.12726,2,0.25452
India_003181_jpg.rf.04d3d597d974e4fc507092409a4f684b,4,D20,0.370464,0.691275,0.523988,0.213498,0.120018,2,0.240036
India_003181_jpg.rf.04d3d597d974e4fc507092409a4f684b,5,D40,0.327832,0.707845,0.558155,0.188906,0.10382,2,0.20764
India_003181_jpg.rf.04d3d597d974e4fc507092409a4f684b,4,D20,0.588507,0.636584,0.529512,0.245021,0.0728368,2,0.1456736
India_003181_jpg.rf.04d3d597d974e4fc507092409a4f684b,5,D40,0.522074,0.579038,0.142175,0.122208,0.0685317,2,0.1370634
India_003181_jpg.rf.04d3d597d974e4fc507092409a4f684b,4,D20,0.516459,0.622048,0.341005,0.229294,0.0570797,2,0.1141594
India_003181_jpg.rf.04d3d597d974e4fc507092409a4f684b,4,D20,0.400272,0.653581,0.447847,0.276112,0.0558605,2,0.111721
India_003181_jpg.rf.04d3d597d974e4fc507092409a4f684b,5,D40,0.5337,0.598263,0.144017,0.146254,0.0555853,2,0.1111706
India_003181_jpg.rf.04d3d597d974e4fc507092409a4f684b,4,D20,0.620101,0.664237,0.6235,0.234373,0.051133,2,0.102266
India_003183_jpg.rf.37bf6fcc3e0383c927a860491cb89893,4,D20,0.425882,0.762205,0.840311,0.298828,0.272251,2,0.544502
India_003205_jpg.rf.cadbcdb258f99f2f6b2cdd4f5043c33f,4,D20,0.472244,0.749303,0.914086,0.49769,0.125257,2,0.250514
India_003205_jpg.rf.cadbcdb258f99f2f6b2cdd4f5043c33f,4,D20,0.518049,0.648277,0.375629,0.69492,0.0818817,2,0.1637634
India_003214_jpg.rf.7cc75970e89f4b9af97d5e97512bfa38,4,D20,0.407296,0.735434,0.806579,0.279608,0.748199,2,1.496398
India_003214_jpg.rf.7cc75970e89f4b9af97d5e97512bfa38,4,D20,0.38051,0.77856,0.754562,0.269241,0.175513,2,0.351026
India_003214_jpg.rf.7cc75970e89f4b9af97d5e97512bfa38,5,D40,0.411687,0.72972,0.549617,0.253984,0.112764,2,0.225528
India_003214_jpg.rf.7cc75970e89f4b9af97d5e97512bfa38,5,D40,0.293814,0.76321,0.587627,0.2673,0.086588,2,0.173176
India_003214_jpg.rf.7cc75970e89f4b9af97d5e97512bfa38,5,D40,0.31982,0.724029,0.584884,0.240437,0.0851838,2,0.1703676
India_003214_jpg.rf.7cc75970e89f4b9af97d5e97512bfa38,4,D20,0.232158,0.827144,0.464316,0.345696,0.0762974,2,0.1525948
India_003214_jpg.rf.7cc75970e89f4b9af97d5e97512bfa38,5,D40,0.527145,0.645012,0.114201,0.0551546,0.0734189,2,0.1468378
India_003214_jpg.rf.7cc75970e89f4b9af97d5e97512bfa38,5,D40,0.272838,0.808733,0.539193,0.378022,0.0733679,2,0.1467358
India_003214_jpg.rf.7cc75970e89f4b9af97d5e97512bfa38,4,D20,0.473532,0.752127,0.578237,0.220365,0.0658032,2,0.1316064
India_003214_jpg.rf.7cc75970e89f4b9af97d5e97512bfa38,5,D40,0.507308,0.736027,0.507518,0.248377,0.0513813,2,0.1027626
India_003228_jpg.rf.52a176da64aedb5ad2202fdee777473b,4,D20,0.505004,0.826329,0.940333,0.27637,0.528714,2,1.057428
India_003228_jpg.rf.52a176da64aedb5ad2202fdee777473b,5,D40,0.416182,0.75453,0.18755,0.110828,0.204888,2,0.409776
India_003228_jpg.rf.52a176da64aedb5ad2202fdee777473b,5,D40,0.310737,0.784527,0.55138,0.2423,0.182177,2,0.364354
India_003228_jpg.rf.52a176da64aedb5ad2202fdee777473b,5,D40,0.638278,0.740358,0.108808,0.0492672,0.144095,2,0.28819
India_003228_jpg.rf.52a176da64aedb5ad2202fdee777473b,5,D40,0.720065,0.713267,0.175946,0.061144,0.105452,2,0.210904
India_003228_jpg.rf.52a176da64aedb5ad2202fdee777473b,5,D40,0.347826,0.802851,0.413134,0.245859,0.100548,2,0.201096
India_003228_jpg.rf.52a176da64aedb5ad2202fdee777473b,5,D40,0.654411,0.763345,0.0694397,0.0411743,0.0963105,2,0.192621
India_003228_jpg.rf.52a176da64aedb5ad2202fdee777473b,5,D40,0.676126,0.7071,0.179146,0.077751,0.0935634,2,0.1871268
India_003228_jpg.rf.52a176da64aedb5ad2202fdee777473b,5,D40,0.257184,0.819495,0.501739,0.317021,0.0877995,2,0.175599
India_003228_jpg.rf.52a176da64aedb5ad2202fdee777473b,5,D40,0.359175,0.813253,0.574711,0.254981,0.0859605,2,0.171921
India_003228_jpg.rf.52a176da64aedb5ad2202fdee777473b,5,D40,0.406751,0.754405,0.240776,0.143409,0.0771368,2,0.1542736
India_003228_jpg.rf.52a176da64aedb5ad2202fdee777473b,5,D40,0.298109,0.748628,0.52164,0.219293,0.0764702,2,0.1529404
India_003228_jpg.rf.52a176da64aedb5ad2202fdee777473b,5,D40,0.468277,0.739964,0.0763959,0.0581241,0.070712,2,0.141424
India_003228_jpg.rf.52a176da64aedb5ad2202fdee777473b,5,D40,0.394976,0.788905,0.237537,0.174403,0.0680413,2,0.1360826
India_003228_jpg.rf.52a176da64aedb5ad2202fdee777473b,5,D40,0.647059,0.759488,0.0863821,0.053544,0.0671378,2,0.1342756
India_003228_jpg.rf.52a176da64aedb5ad2202fdee777473b,5,D40,0.655337,0.715688,0.155873,0.0974436,0.0607938,2,0.1215876
India_003228_jpg.rf.52a176da64aedb5ad2202fdee777473b,5,D40,0.709738,0.73411,0.233744,0.123471,0.0603399,2,0.1206798
India_003228_jpg.rf.52a176da64aedb5ad2202fdee777473b,5,D40,0.690476,0.726704,0.239781,0.0958493,0.0601618,2,0.1203236
India_003228_jpg.rf.52a176da64aedb5ad2202fdee777473b,5,D40,0.658756,0.783269,0.0627004,0.0375893,0.0564198,2,0.1128396
India_003228_jpg.rf.52a176da64aedb5ad2202fdee777473b,4,D20,0.378116,0.825568,0.740091,0.336772,0.0541176,2,0.1082352
India_003317_jpg.rf.15a765c97ccda3fff15eabc62c8ac65b,4,D20,0.57816,0.82825,0.810145,0.260176,0.999861,2,1.999722
India_003317_jpg.rf.15a765c97ccda3fff15eabc62c8ac65b,4,D20,0.369417,0.840527,0.734667,0.300966,0.998608,2,1.997216
India_003317_jpg.rf.15a765c97ccda3fff15eabc62c8ac65b,4,D20,0.702146,0.819219,0.595708,0.274916,0.994151,2,1.988302
India_003317_jpg.rf.15a765c97ccda3fff15eabc62c8ac65b,4,D20,0.794241,0.812805,0.411517,0.276936,0.991883,2,1.983766
India_003317_jpg.rf.15a765c97ccda3fff15eabc62c8ac65b,4,D20,0.480139,0.836412,0.360345,0.287149,0.982911,2,1.965822
India_003317_jpg.rf.15a765c97ccda3fff15eabc62c8ac65b,4,D20,0.509862,0.873481,0.944103,0.253039,0.963494,2,1.926988
India_003317_jpg.rf.15a765c97ccda3fff15eabc62c8ac65b,4,D20,0.495675,0.851066,0.512132,0.292018,0.939097,2,1.878194
India_003317_jpg.rf.15a765c97ccda3fff15eabc62c8ac65b,4,D20,0.83269,0.840689,0.334619,0.252904,0.897516,2,1.795032
India_003317_jpg.rf.15a765c97ccda3fff15eabc62c8ac65b,4,D20,0.545272,0.82905,0.443455,0.248822,0.839601,2,1.679202
India_003317_jpg.rf.15a765c97ccda3fff15eabc62c8ac65b,4,D20,0.379144,0.859904,0.502377,0.280192,0.752084,2,1.504168
India_003317_jpg.rf.15a765c97ccda3fff15eabc62c8ac65b,4,D20,0.609654,0.812949,0.573892,0.283902,0.51971,2,1.03942
India_003317_jpg.rf.15a765c97ccda3fff15eabc62c8ac65b,4,D20,0.784203,0.853327,0.431593,0.204366,0.452628,2,0.905256
India_003317_jpg.rf.15a765c97ccda3fff15eabc62c8ac65b,4,D20,0.654797,0.861838,0.690406,0.223103,0.413164,2,0.826328
India_003317_jpg.rf.15a765c97ccda3fff15eabc62c8ac65b,4,D20,0.286553,0.864286,0.544546,0.271428,0.395054,2,0.790108
India_003317_jpg.rf.15a765c97ccda3fff15eabc62c8ac65b,4,D20,0.540106,0.860937,0.525486,0.212911,0.260309,2,0.520618
India_003317_jpg.rf.15a765c97ccda3fff15eabc62c8ac65b,4,D20,0.736899,0.827171,0.199298,0.221199,0.209218,2,0.418436
India_003317_jpg.rf.15a765c97ccda3fff15eabc62c8ac65b,4,D20,0.184034,0.872855,0.362154,0.254289,0.199994,2,0.399988
India_003317_jpg.rf.15a765c97ccda3fff15eabc62c8ac65b,0,D00,0.532214,0.809547,0.176583,0.270426,0.195727,3,0.5871810000000001
India_003317_jpg.rf.15a765c97ccda3fff15eabc62c8ac65b,4,D20,0.851347,0.869967,0.296414,0.208702,0.150903,2,0.301806
India_003317_jpg.rf.15a765c97ccda3fff15eabc62c8ac65b,4,D20,0.777861,0.842617,0.311202,0.190475,0.109633,2,0.219266
India_003317_jpg.rf.15a765c97ccda3fff15eabc62c8ac65b,4,D20,0.365108,0.904331,0.701824,0.191338,0.0845929,2,0.1691858
India_003317_jpg.rf.15a765c97ccda3fff15eabc62c8ac65b,0,D00,0.538567,0.814159,0.130274,0.229399,0.083757,3,0.251271
India_003317_jpg.rf.15a765c97ccda3fff15eabc62c8ac65b,4,D20,0.892888,0.851483,0.214223,0.196582,0.0806358,2,0.1612716
India_003317_jpg.rf.15a765c97ccda3fff15eabc62c8ac65b,4,D20,0.705853,0.83148,0.147752,0.207423,0.0723841,2,0.1447682
India_003317_jpg.rf.15a765c97ccda3fff15eabc62c8ac65b,0,D00,0.668205,0.858514,0.0621233,0.146407,0.05704,3,0.17112
India_003345_jpg.rf.9b0622830e8d4c02fe631f8870de05df,4,D20,0.436249,0.832349,0.856713,0.292538,0.165005,2,0.33001
India_003346_jpg.rf.1b808cfe23764138d6540cbc2160be21,4,D20,0.622676,0.759753,0.736396,0.23005,0.132524,2,0.265048
India_003356_jpg.rf.0d82754c0ac4d3a88a13becb3bfb3a3b,4,D20,0.428538,0.867344,0.750831,0.245236,0.0902812,2,0.1805624
India_003356_jpg.rf.0d82754c0ac4d3a88a13becb3bfb3a3b,4,D20,0.468633,0.893724,0.880917,0.2125,0.0555012,2,0.1110024
India_003388_jpg.rf.918a0bffc078586b68119e0e2a418601,4,D20,0.612511,0.819844,0.760364,0.306731,0.967241,2,1.934482
India_003388_jpg.rf.918a0bffc078586b68119e0e2a418601,4,D20,0.767718,0.837094,0.464565,0.305373,0.919866,2,1.839732
India_003388_jpg.rf.918a0bffc078586b68119e0e2a418601,4,D20,0.658386,0.821366,0.519664,0.302875,0.773359,2,1.546718
India_003388_jpg.rf.918a0bffc078586b68119e0e2a418601,4,D20,0.560395,0.811417,0.517137,0.329314,0.309526,2,0.619052
India_003388_jpg.rf.918a0bffc078586b68119e0e2a418601,4,D20,0.598992,0.870887,0.792394,0.258226,0.230875,2,0.46175
India_003388_jpg.rf.918a0bffc078586b68119e0e2a418601,5,D40,0.775708,0.832668,0.448583,0.323476,0.0733316,2,0.1466632
India_003388_jpg.rf.918a0bffc078586b68119e0e2a418601,4,D20,0.725591,0.793778,0.548819,0.320131,0.0601101,2,0.1202202
India_003388_jpg.rf.918a0bffc078586b68119e0e2a418601,4,D20,0.650716,0.813336,0.213485,0.249764,0.059138,2,0.118276
India_003388_jpg.rf.918a0bffc078586b68119e0e2a418601,0,D00,0.453051,0.852469,0.106757,0.110685,0.0518469,3,0.1555407
India_003432_jpg.rf.adced25db50ac75fdddcb4ce6c17256d,4,D20,0.426196,0.846405,0.848213,0.304188,0.524921,2,1.049842
India_003432_jpg.rf.adced25db50ac75fdddcb4ce6c17256d,5,D40,0.318053,0.827364,0.590873,0.248941,0.186035,2,0.37207
India_003432_jpg.rf.adced25db50ac75fdddcb4ce6c17256d,5,D40,0.400565,0.772893,0.54218,0.172997,0.170391,2,0.340782
India_003432_jpg.rf.adced25db50ac75fdddcb4ce6c17256d,5,D40,0.408282,0.81153,0.56617,0.227544,0.15819,2,0.31638
India_003432_jpg.rf.adced25db50ac75fdddcb4ce6c17256d,5,D40,0.307058,0.775821,0.579066,0.181124,0.14131,2,0.28262
India_003432_jpg.rf.adced25db50ac75fdddcb4ce6c17256d,5,D40,0.260049,0.852914,0.509111,0.294171,0.123023,2,0.246046
India_003432_jpg.rf.adced25db50ac75fdddcb4ce6c17256d,5,D40,0.367692,0.854745,0.598507,0.259705,0.0835611,2,0.1671222
India_003432_jpg.rf.adced25db50ac75fdddcb4ce6c17256d,5,D40,0.251754,0.804886,0.503508,0.238369,0.0742239,2,0.1484478
India_003444_jpg.rf.e4d40c866f02c045669d507897faa588,4,D20,0.548106,0.817438,0.862162,0.262323,0.411321,2,0.822642
India_003444_jpg.rf.e4d40c866f02c045669d507897faa588,5,D40,0.691701,0.79416,0.529304,0.222819,0.0837419,2,0.1674838
India_003444_jpg.rf.e4d40c866f02c045669d507897faa588,4,D20,0.688395,0.811763,0.623211,0.261154,0.0583613,2,0.1167226
India_003444_jpg.rf.e4d40c866f02c045669d507897faa588,4,D20,0.753258,0.810335,0.48366,0.206348,0.0559586,2,0.1119172
India_003444_jpg.rf.e4d40c866f02c045669d507897faa588,5,D40,0.60941,0.772524,0.564213,0.228555,0.0500644,2,0.1001288
India_003445_jpg.rf.38ffd421ce20cad880b791d48d933e73,7,D44,0.373159,0.698337,0.0817634,0.088817,0.0615886,3,0.1847658
India_003468_jpg.rf.7094ca1c706caf5f0b717f4eb0ee0670,4,D20,0.490001,0.825143,0.910474,0.275481,0.976812,2,1.953624
India_003468_jpg.rf.7094ca1c706caf5f0b717f4eb0ee0670,4,D20,0.603011,0.855491,0.787219,0.261513,0.496624,2,0.993248
India_003468_jpg.rf.7094ca1c706caf5f0b717f4eb0ee0670,4,D20,0.574034,0.82284,0.553426,0.26992,0.353805,2,0.70761
India_003468_jpg.rf.7094ca1c706caf5f0b717f4eb0ee0670,4,D20,0.381274,0.820989,0.748896,0.339369,0.206942,2,0.413884
India_003468_jpg.rf.7094ca1c706caf5f0b717f4eb0ee0670,4,D20,0.69553,0.847403,0.475247,0.272543,0.174618,2,0.349236
India_003468_jpg.rf.7094ca1c706caf5f0b717f4eb0ee0670,4,D20,0.440454,0.868244,0.880909,0.246858,0.160729,2,0.321458
India_003468_jpg.rf.7094ca1c706caf5f0b717f4eb0ee0670,4,D20,0.611388,0.865377,0.549102,0.243865,0.103118,2,0.206236
India_003468_jpg.rf.7094ca1c706caf5f0b717f4eb0ee0670,4,D20,0.488256,0.815371,0.548924,0.26968,0.0913074,2,0.1826148
India_003468_jpg.rf.7094ca1c706caf5f0b717f4eb0ee0670,5,D40,0.565721,0.819281,0.532314,0.286003,0.0889622,2,0.1779244
India_003472_jpg.rf.29ff4848885047838cecd75394f8fa17,4,D20,0.435117,0.898098,0.851291,0.203634,0.13067,2,0.26134
India_003502_jpg.rf.6828958cd87570fcdb0e4791fda93f79,5,D40,0.621465,0.943597,0.208176,0.112145,0.459932,2,0.919864
India_003502_jpg.rf.6828958cd87570fcdb0e4791fda93f79,5,D40,0.612908,0.950717,0.276345,0.0985662,0.0619474,2,0.1238948
India_003508_jpg.rf.de629b1321527c713ff3da03947d7167,4,D20,0.677451,0.801985,0.403591,0.39603,0.768444,2,1.536888
India_003508_jpg.rf.de629b1321527c713ff3da03947d7167,4,D20,0.533736,0.801896,0.929419,0.396208,0.605859,2,1.211718
India_003508_jpg.rf.de629b1321527c713ff3da03947d7167,4,D20,0.704481,0.821857,0.295202,0.353774,0.442715,2,0.88543
India_003508_jpg.rf.de629b1321527c713ff3da03947d7167,4,D20,0.770347,0.81862,0.448194,0.361563,0.312203,2,0.624406
India_003508_jpg.rf.de629b1321527c713ff3da03947d7167,4,D20,0.639164,0.760673,0.414935,0.335589,0.274623,2,0.549246
India_003508_jpg.rf.de629b1321527c713ff3da03947d7167,4,D20,0.6699,0.812071,0.6602,0.375859,0.0707862,2,0.1415724
India_003508_jpg.rf.de629b1321527c713ff3da03947d7167,4,D20,0.743835,0.850392,0.304886,0.299217,0.0561415,2,0.112283
India_003525_jpg.rf.ad2bb6fe986219551d2b047dc364aed5,4,D20,0.311847,0.858756,0.615267,0.282488,0.269501,2,0.539002
India_003525_jpg.rf.ad2bb6fe986219551d2b047dc364aed5,4,D20,0.425994,0.851478,0.841996,0.297045,0.250654,2,0.501308
India_003525_jpg.rf.ad2bb6fe986219551d2b047dc364aed5,5,D40,0.254026,0.881711,0.485258,0.22997,0.218545,2,0.43709
India_003525_jpg.rf.ad2bb6fe986219551d2b047dc364aed5,5,D40,0.303638,0.856707,0.537785,0.285668,0.110802,2,0.221604
India_003525_jpg.rf.ad2bb6fe986219551d2b047dc364aed5,5,D40,0.443449,0.757362,0.190063,0.0768144,0.0838191,2,0.1676382
India_003525_jpg.rf.ad2bb6fe986219551d2b047dc364aed5,4,D20,0.183644,0.889588,0.362652,0.217713,0.0795849,2,0.1591698
India_003525_jpg.rf.ad2bb6fe986219551d2b047dc364aed5,5,D40,0.292423,0.858793,0.220015,0.109538,0.0601869,2,0.1203738
India_003525_jpg.rf.ad2bb6fe986219551d2b047dc364aed5,5,D40,0.211598,0.871269,0.329216,0.176076,0.0590415,2,0.118083
India_003547_jpg.rf.ded9516c7b44aab6272e5a1009298173,7,D44,0.100352,0.86046,0.200703,0.141965,0.0658583,3,0.1975749
India_003608_jpg.rf.576b60a8ff1f13feaeb513fbab0c6a78,7,D44,0.372444,0.817878,0.0723452,0.0729835,0.077975,3,0.233925
India_003608_jpg.rf.576b60a8ff1f13feaeb513fbab0c6a78,5,D40,0.632673,0.646279,0.0897596,0.0481687,0.0664229,2,0.1328458
India_003608_jpg.rf.576b60a8ff1f13feaeb513fbab0c6a78,5,D40,0.600345,0.646852,0.158916,0.0772991,0.0551706,2,0.1103412
India_003608_jpg.rf.576b60a8ff1f13feaeb513fbab0c6a78,4,D20,0.47927,0.844272,0.945652,0.306886,0.05215,2,0.1043
India_003626_jpg.rf.11a00a7abcc63c141c307ac297997598,4,D20,0.278923,0.794283,0.430193,0.411435,0.19303,2,0.38606
India_003626_jpg.rf.11a00a7abcc63c141c307ac297997598,4,D20,0.255212,0.822789,0.351117,0.349789,0.184532,2,0.369064
India_003633_jpg.rf.5ed21eaf4226419697cfc35a92041a4a,7,D44,0.472587,0.751823,0.0826126,0.0783386,0.0696665,3,0.2089995
India_003647_jpg.rf.00a344add2c3c8733317bced2dd8b2fc,4,D20,0.450758,0.734385,0.847912,0.273231,0.0747759,2,0.1495518
India_003661_jpg.rf.b5f563497069a3f74ddd56ad26349b37,4,D20,0.500431,0.793387,0.940889,0.284657,0.458752,2,0.917504
India_003661_jpg.rf.b5f563497069a3f74ddd56ad26349b37,4,D20,0.458334,0.838026,0.908681,0.315065,0.339738,2,0.679476
India_003661_jpg.rf.b5f563497069a3f74ddd56ad26349b37,4,D20,0.586274,0.782223,0.803541,0.241453,0.111534,2,0.223068
India_003661_jpg.rf.b5f563497069a3f74ddd56ad26349b37,5,D40,0.561708,0.7164,0.529306,0.174124,0.0722353,2,0.1444706
India_003661_jpg.rf.b5f563497069a3f74ddd56ad26349b37,5,D40,0.497033,0.739218,0.49868,0.208834,0.0509455,2,0.101891
India_003673_jpg.rf.4c8e3cc8a719363d71a3df28c12b9094,4,D20,0.449611,0.825178,0.798122,0.266236,0.966226,2,1.932452
India_003673_jpg.rf.4c8e3cc8a719363d71a3df28c12b9094,4,D20,0.607048,0.81908,0.44477,0.208235,0.733928,2,1.467856
India_003673_jpg.rf.4c8e3cc8a719363d71a3df28c12b9094,5,D40,0.584692,0.790898,0.480743,0.264007,0.487942,2,0.975884
India_003673_jpg.rf.4c8e3cc8a719363d71a3df28c12b9094,4,D20,0.566261,0.823714,0.591192,0.251418,0.318758,2,0.637516
India_003673_jpg.rf.4c8e3cc8a719363d71a3df28c12b9094,5,D40,0.551445,0.71069,0.277824,0.0799053,0.308849,2,0.617698
India_003673_jpg.rf.4c8e3cc8a719363d71a3df28c12b9094,5,D40,0.470649,0.782691,0.566892,0.276488,0.255758,2,0.511516
India_003673_jpg.rf.4c8e3cc8a719363d71a3df28c12b9094,5,D40,0.624216,0.713498,0.138462,0.0587509,0.236515,2,0.47303
India_003673_jpg.rf.4c8e3cc8a719363d71a3df28c12b9094,5,D40,0.484936,0.712034,0.282294,0.0724737,0.211881,2,0.423762
India_003673_jpg.rf.4c8e3cc8a719363d71a3df28c12b9094,5,D40,0.421323,0.711498,0.240175,0.0780715,0.193914,2,0.387828
India_003673_jpg.rf.4c8e3cc8a719363d71a3df28c12b9094,5,D40,0.477526,0.728635,0.50929,0.178235,0.190389,2,0.380778
India_003673_jpg.rf.4c8e3cc8a719363d71a3df28c12b9094,5,D40,0.389982,0.71402,0.169978,0.0717667,0.184525,2,0.36905
India_003673_jpg.rf.4c8e3cc8a719363d71a3df28c12b9094,5,D40,0.516055,0.812277,0.506089,0.235413,0.178329,2,0.356658
India_003673_jpg.rf.4c8e3cc8a719363d71a3df28c12b9094,5,D40,0.51016,0.705936,0.367528,0.0874668,0.171431,2,0.342862
India_003673_jpg.rf.4c8e3cc8a719363d71a3df28c12b9094,4,D20,0.577879,0.841467,0.152579,0.152411,0.167607,2,0.335214
India_003673_jpg.rf.4c8e3cc8a719363d71a3df28c12b9094,5,D40,0.637554,0.717475,0.107657,0.0487589,0.161784,2,0.323568
India_003673_jpg.rf.4c8e3cc8a719363d71a3df28c12b9094,5,D40,0.527019,0.746419,0.471263,0.210402,0.155915,2,0.31183
India_003673_jpg.rf.4c8e3cc8a719363d71a3df28c12b9094,4,D20,0.479106,0.845408,0.646929,0.194653,0.143673,2,0.287346
India_003673_jpg.rf.4c8e3cc8a719363d71a3df28c12b9094,4,D20,0.540089,0.840462,0.352673,0.166919,0.141248,2,0.282496
India_003673_jpg.rf.4c8e3cc8a719363d71a3df28c12b9094,5,D40,0.343252,0.711782,0.234977,0.0714205,0.12439,2,0.24878
India_003673_jpg.rf.4c8e3cc8a719363d71a3df28c12b9094,5,D40,0.441372,0.708583,0.3538,0.0888243,0.116255,2,0.23251
India_003673_jpg.rf.4c8e3cc8a719363d71a3df28c12b9094,4,D20,0.60777,0.856195,0.454793,0.174357,0.100655,2,0.20131
India_003673_jpg.rf.4c8e3cc8a719363d71a3df28c12b9094,5,D40,0.578457,0.848171,0.138466,0.146806,0.0926954,2,0.1853908
India_003673_jpg.rf.4c8e3cc8a719363d71a3df28c12b9094,5,D40,0.588639,0.819025,0.0893822,0.0514868,0.0837787,2,0.1675574
India_003673_jpg.rf.4c8e3cc8a719363d71a3df28c12b9094,5,D40,0.608212,0.709455,0.182446,0.0637916,0.0818082,2,0.1636164
India_003673_jpg.rf.4c8e3cc8a719363d71a3df28c12b9094,4,D20,0.443661,0.866091,0.881239,0.246037,0.0736897,2,0.1473794
India_003673_jpg.rf.4c8e3cc8a719363d71a3df28c12b9094,4,D20,0.65747,0.830324,0.384858,0.178377,0.0689478,2,0.1378956
India_003673_jpg.rf.4c8e3cc8a719363d71a3df28c12b9094,5,D40,0.413482,0.808507,0.59071,0.252487,0.0569123,2,0.1138246
India_003673_jpg.rf.4c8e3cc8a719363d71a3df28c12b9094,5,D40,0.576888,0.849546,0.0963101,0.132354,0.0564002,2,0.1128004
India_003673_jpg.rf.4c8e3cc8a719363d71a3df28c12b9094,5,D40,0.583011,0.827262,0.11375,0.0701123,0.0556689,2,0.1113378
India_003698_jpg.rf.692fd8a0dc606ff53c7520eb9e94c835,4,D20,0.560428,0.764232,0.811704,0.222234,0.0941447,2,0.1882894
India_003698_jpg.rf.692fd8a0dc606ff53c7520eb9e94c835,4,D20,0.737838,0.777324,0.442393,0.18869,0.0891363,2,0.1782726
India_003698_jpg.rf.692fd8a0dc606ff53c7520eb9e94c835,4,D20,0.815307,0.777177,0.344865,0.194252,0.0811974,2,0.1623948
India_003698_jpg.rf.692fd8a0dc606ff53c7520eb9e94c835,4,D20,0.681732,0.777637,0.636535,0.18162,0.065342,2,0.130684
India_003698_jpg.rf.692fd8a0dc606ff53c7520eb9e94c835,4,D20,0.721788,0.789946,0.134162,0.147515,0.0599822,2,0.1199644
India_003698_jpg.rf.692fd8a0dc606ff53c7520eb9e94c835,4,D20,0.760035,0.786229,0.222323,0.165012,0.054911,2,0.109822
India_003722_jpg.rf.f628104f9bd13c5a089f9a886db90681,5,D40,0.392107,0.706505,0.486183,0.215244,0.250769,2,0.501538
India_003722_jpg.rf.f628104f9bd13c5a089f9a886db90681,4,D20,0.424716,0.802995,0.83486,0.366769,0.174011,2,0.348022
India_003722_jpg.rf.f628104f9bd13c5a089f9a886db90681,5,D40,0.396539,0.637477,0.170683,0.070303,0.164825,2,0.32965
India_003722_jpg.rf.f628104f9bd13c5a089f9a886db90681,4,D20,0.329203,0.827854,0.646045,0.344292,0.154495,2,0.30899
India_003722_jpg.rf.f628104f9bd13c5a089f9a886db90681,5,D40,0.360688,0.654206,0.266762,0.117194,0.142595,2,0.28519
India_003722_jpg.rf.f628104f9bd13c5a089f9a886db90681,5,D40,0.362062,0.645091,0.362914,0.12256,0.118535,2,0.23707
India_003722_jpg.rf.f628104f9bd13c5a089f9a886db90681,5,D40,0.295408,0.659233,0.267836,0.112685,0.115969,2,0.231938
India_003722_jpg.rf.f628104f9bd13c5a089f9a886db90681,5,D40,0.427762,0.629848,0.107681,0.0506021,0.111013,2,0.222026
India_003722_jpg.rf.f628104f9bd13c5a089f9a886db90681,5,D40,0.392918,0.791554,0.562907,0.353718,0.107259,2,0.214518
India_003722_jpg.rf.f628104f9bd13c5a089f9a886db90681,4,D20,0.507758,0.772559,0.960054,0.29289,0.101681,2,0.203362
India_003722_jpg.rf.f628104f9bd13c5a089f9a886db90681,5,D40,0.271554,0.668013,0.211135,0.102625,0.0677504,2,0.1355008
India_003722_jpg.rf.f628104f9bd13c5a089f9a886db90681,5,D40,0.432206,0.637339,0.127499,0.0698353,0.0670851,2,0.1341702
India_003722_jpg.rf.f628104f9bd13c5a089f9a886db90681,5,D40,0.422349,0.653432,0.147373,0.0873419,0.0577973,2,0.1155946
India_003722_jpg.rf.f628104f9bd13c5a089f9a886db90681,5,D40,0.28691,0.750906,0.552865,0.28523,0.0500137,2,0.1000274
India_003747_jpg.rf.357d33454f6d666b9dda2e53b81562ab,4,D20,0.489309,0.827087,0.907005,0.275746,0.834041,2,1.668082
India_003747_jpg.rf.357d33454f6d666b9dda2e53b81562ab,4,D20,0.29543,0.853595,0.484759,0.289979,0.402895,2,0.80579
India_003747_jpg.rf.357d33454f6d666b9dda2e53b81562ab,5,D40,0.341441,0.821011,0.193268,0.127703,0.336569,2,0.673138
India_003747_jpg.rf.357d33454f6d666b9dda2e53b81562ab,4,D20,0.343568,0.846567,0.333803,0.28175,0.323909,2,0.647818
India_003747_jpg.rf.357d33454f6d666b9dda2e53b81562ab,5,D40,0.314281,0.8441,0.105616,0.0704521,0.247825,2,0.49565
India_003747_jpg.rf.357d33454f6d666b9dda2e53b81562ab,5,D40,0.37877,0.80018,0.292736,0.184343,0.180483,2,0.360966
India_003747_jpg.rf.357d33454f6d666b9dda2e53b81562ab,4,D20,0.58471,0.807767,0.690239,0.258794,0.158155,2,0.31631
India_003747_jpg.rf.357d33454f6d666b9dda2e53b81562ab,4,D20,0.355231,0.809664,0.222066,0.157611,0.156483,2,0.312966
India_003747_jpg.rf.357d33454f6d666b9dda2e53b81562ab,5,D40,0.290226,0.8417,0.537932,0.313302,0.139642,2,0.279284
India_003747_jpg.rf.357d33454f6d666b9dda2e53b81562ab,4,D20,0.460936,0.819794,0.496107,0.252839,0.107379,2,0.214758
India_003747_jpg.rf.357d33454f6d666b9dda2e53b81562ab,4,D20,0.448031,0.872969,0.896062,0.253413,0.0842938,2,0.1685876
India_003747_jpg.rf.357d33454f6d666b9dda2e53b81562ab,5,D40,0.425782,0.743186,0.123335,0.0676761,0.0827873,2,0.1655746
India_003747_jpg.rf.357d33454f6d666b9dda2e53b81562ab,4,D20,0.630226,0.797336,0.534053,0.231787,0.0808755,2,0.161751
India_003747_jpg.rf.357d33454f6d666b9dda2e53b81562ab,5,D40,0.414247,0.785733,0.177048,0.174388,0.0746803,2,0.1493606
India_003755_jpg.rf.6152e2907cdd9891c53b8cfe91c6b6c3,4,D20,0.344544,0.86042,0.667082,0.27916,0.200234,2,0.400468
India_003755_jpg.rf.6152e2907cdd9891c53b8cfe91c6b6c3,4,D20,0.262116,0.878926,0.512516,0.240522,0.132238,2,0.264476
India_003755_jpg.rf.6152e2907cdd9891c53b8cfe91c6b6c3,0,D00,0.446465,0.890726,0.119283,0.189106,0.124397,3,0.373191
India_003755_jpg.rf.6152e2907cdd9891c53b8cfe91c6b6c3,4,D20,0.368209,0.858329,0.377231,0.270085,0.100097,2,0.200194
India_003755_jpg.rf.6152e2907cdd9891c53b8cfe91c6b6c3,4,D20,0.406183,0.877385,0.278344,0.241081,0.0961483,2,0.1922966
India_003755_jpg.rf.6152e2907cdd9891c53b8cfe91c6b6c3,4,D20,0.498642,0.854456,0.942446,0.274845,0.0853298,2,0.1706596
India_003755_jpg.rf.6152e2907cdd9891c53b8cfe91c6b6c3,7,D44,0.447988,0.888528,0.106751,0.176996,0.0735539,3,0.22066170000000002
India_003755_jpg.rf.6152e2907cdd9891c53b8cfe91c6b6c3,0,D00,0.46953,0.894742,0.0892559,0.201072,0.062773,3,0.188319
India_003755_jpg.rf.6152e2907cdd9891c53b8cfe91c6b6c3,0,D00,0.480513,0.929604,0.0504168,0.111768,0.0615523,3,0.18465689999999998
India_003772_jpg.rf.9e29e81cab5f33ecba55f20cede3e341,5,D40,0.408827,0.849717,0.0704577,0.0493221,0.14851,2,0.29702
India_003795_jpg.rf.ddcc723675eb8e9af41c247833d8ef91,4,D20,0.504457,0.830955,0.944845,0.306524,0.50725,2,1.0145
India_003795_jpg.rf.ddcc723675eb8e9af41c247833d8ef91,4,D20,0.458378,0.873418,0.903412,0.252806,0.114301,2,0.228602
India_003795_jpg.rf.ddcc723675eb8e9af41c247833d8ef91,4,D20,0.361375,0.851691,0.703606,0.296618,0.111733,2,0.223466
India_003795_jpg.rf.ddcc723675eb8e9af41c247833d8ef91,4,D20,0.587796,0.795827,0.794912,0.275906,0.0815763,2,0.1631526
India_003795_jpg.rf.ddcc723675eb8e9af41c247833d8ef91,4,D20,0.449498,0.836671,0.535355,0.321357,0.076425,2,0.15285
India_003795_jpg.rf.ddcc723675eb8e9af41c247833d8ef91,5,D40,0.601985,0.652634,0.223108,0.0932875,0.062201,2,0.124402
India_003795_jpg.rf.ddcc723675eb8e9af41c247833d8ef91,5,D40,0.586946,0.757313,0.571711,0.288373,0.0517053,2,0.1034106
India_003807_jpg.rf.decd738f768060132764b545b17c224b,4,D20,0.39568,0.732022,0.753568,0.245845,0.109041,2,0.218082
India_003810_jpg.rf.b91353106dc4e0244aaa49f45cbfb27d,4,D20,0.433724,0.732854,0.852201,0.268526,0.285352,2,0.570704
India_003810_jpg.rf.b91353106dc4e0244aaa49f45cbfb27d,4,D20,0.228082,0.823695,0.456164,0.35261,0.140588,2,0.281176
India_003810_jpg.rf.b91353106dc4e0244aaa49f45cbfb27d,0,D00,0.583213,0.787335,0.0438007,0.133829,0.124102,3,0.372306
India_003810_jpg.rf.b91353106dc4e0244aaa49f45cbfb27d,4,D20,0.182946,0.843896,0.364768,0.312208,0.0998028,2,0.1996056
India_003810_jpg.rf.b91353106dc4e0244aaa49f45cbfb27d,5,D40,0.272,0.710795,0.544001,0.226028,0.0843278,2,0.1686556
India_003810_jpg.rf.b91353106dc4e0244aaa49f45cbfb27d,5,D40,0.259861,0.752435,0.510478,0.313687,0.070682,2,0.141364
India_003810_jpg.rf.b91353106dc4e0244aaa49f45cbfb27d,4,D20,0.551107,0.74651,0.549231,0.237734,0.0577111,2,0.1154222
India_003810_jpg.rf.b91353106dc4e0244aaa49f45cbfb27d,0,D00,0.581575,0.766301,0.0572395,0.169777,0.0510509,3,0.1531527
India_003849_jpg.rf.ff769e83b8ecccf416eb53fdc73accb2,4,D20,0.37311,0.8588,0.738709,0.2824,0.920619,2,1.841238
India_003849_jpg.rf.ff769e83b8ecccf416eb53fdc73accb2,4,D20,0.347326,0.859568,0.456252,0.280865,0.389456,2,0.778912
India_003849_jpg.rf.ff769e83b8ecccf416eb53fdc73accb2,4,D20,0.512115,0.861545,0.85132,0.275914,0.352129,2,0.704258
India_003849_jpg.rf.ff769e83b8ecccf416eb53fdc73accb2,4,D20,0.415487,0.872351,0.521293,0.255298,0.300012,2,0.600024
India_003849_jpg.rf.ff769e83b8ecccf416eb53fdc73accb2,4,D20,0.298087,0.878047,0.596174,0.243905,0.164457,2,0.328914
India_003849_jpg.rf.ff769e83b8ecccf416eb53fdc73accb2,4,D20,0.221157,0.862666,0.442314,0.274668,0.11525,2,0.2305
India_003849_jpg.rf.ff769e83b8ecccf416eb53fdc73accb2,4,D20,0.412043,0.907201,0.596205,0.185121,0.05786,2,0.11572
India_003857_jpg.rf.ecc76e430aa9306671ec29205a0c4c4a,4,D20,0.304841,0.81991,0.589198,0.27847,0.809903,2,1.619806
India_003857_jpg.rf.ecc76e430aa9306671ec29205a0c4c4a,4,D20,0.354323,0.818677,0.508948,0.222515,0.444037,2,0.888074
India_003857_jpg.rf.ecc76e430aa9306671ec29205a0c4c4a,5,D40,0.44293,0.768189,0.144278,0.0683517,0.377486,2,0.754972
India_003857_jpg.rf.ecc76e430aa9306671ec29205a0c4c4a,5,D40,0.453673,0.762396,0.119426,0.0525398,0.370949,2,0.741898
India_003857_jpg.rf.ecc76e430aa9306671ec29205a0c4c4a,5,D40,0.428391,0.801811,0.188934,0.155607,0.284191,2,0.568382
India_003857_jpg.rf.ecc76e430aa9306671ec29205a0c4c4a,5,D40,0.277959,0.829295,0.541629,0.230297,0.274761,2,0.549522
India_003857_jpg.rf.ecc76e430aa9306671ec29205a0c4c4a,4,D20,0.277047,0.84558,0.547453,0.206534,0.219722,2,0.439444
India_003857_jpg.rf.ecc76e430aa9306671ec29205a0c4c4a,4,D20,0.369653,0.7969,0.385699,0.248537,0.201815,2,0.40363
India_003857_jpg.rf.ecc76e430aa9306671ec29205a0c4c4a,5,D40,0.447632,0.787399,0.146749,0.115906,0.17669,2,0.35338
India_003857_jpg.rf.ecc76e430aa9306671ec29205a0c4c4a,5,D40,0.200005,0.83668,0.142375,0.0934974,0.168468,2,0.336936
India_003857_jpg.rf.ecc76e430aa9306671ec29205a0c4c4a,5,D40,0.460815,0.760607,0.190548,0.0815714,0.15557,2,0.31114
India_003857_jpg.rf.ecc76e430aa9306671ec29205a0c4c4a,5,D40,0.471688,0.691327,0.0839048,0.0569324,0.14884,2,0.29768
India_003857_jpg.rf.ecc76e430aa9306671ec29205a0c4c4a,5,D40,0.175087,0.851698,0.222037,0.128193,0.141386,2,0.282772
India_003857_jpg.rf.ecc76e430aa9306671ec29205a0c4c4a,5,D40,0.312889,0.795857,0.554405,0.263657,0.141033,2,0.282066
India_003857_jpg.rf.ecc76e430aa9306671ec29205a0c4c4a,5,D40,0.443516,0.678883,0.165729,0.0917193,0.126992,2,0.253984
India_003857_jpg.rf.ecc76e430aa9306671ec29205a0c4c4a,5,D40,0.401824,0.682292,0.0780799,0.0525963,0.12452,2,0.24904
India_003857_jpg.rf.ecc76e430aa9306671ec29205a0c4c4a,4,D20,0.226538,0.830643,0.451856,0.318452,0.104131,2,0.208262
India_003857_jpg.rf.ecc76e430aa9306671ec29205a0c4c4a,5,D40,0.449569,0.700997,0.178355,0.110636,0.0988375,2,0.197675
India_003857_jpg.rf.ecc76e430aa9306671ec29205a0c4c4a,5,D40,0.48039,0.698714,0.0715544,0.0445669,0.0957622,2,0.1915244
India_003857_jpg.rf.ecc76e430aa9306671ec29205a0c4c4a,5,D40,0.423344,0.672689,0.12563,0.0759538,0.0754209,2,0.1508418
India_003857_jpg.rf.ecc76e430aa9306671ec29205a0c4c4a,5,D40,0.211754,0.848575,0.213759,0.140435,0.0716913,2,0.1433826
India_003857_jpg.rf.ecc76e430aa9306671ec29205a0c4c4a,5,D40,0.306568,0.773386,0.0593385,0.0404739,0.0637337,2,0.1274674
India_003857_jpg.rf.ecc76e430aa9306671ec29205a0c4c4a,4,D20,0.366415,0.860718,0.73283,0.231079,0.0624959,2,0.1249918
India_003857_jpg.rf.ecc76e430aa9306671ec29205a0c4c4a,4,D20,0.403913,0.810441,0.227022,0.182477,0.0534298,2,0.1068596
India_003881_jpg.rf.e5bc0d581996874530dcaa6b0d42ddfb,4,D20,0.407913,0.83578,0.800544,0.291778,0.135455,2,0.27091
India_003889_jpg.rf.9b5ff4b8d3680e34a9454c2f1deb64af,7,D44,0.533605,0.792512,0.0745585,0.0951552,0.0873166,3,0.2619498
India_003911_jpg.rf.5a76ef900e9082941a04b0904630e16b,4,D20,0.497539,0.844469,0.954573,0.311061,0.113946,2,0.227892
India_003920_jpg.rf.7af9e75c9260cd22589c9e0dc9d79538,4,D20,0.589437,0.877092,0.797036,0.245815,0.929363,2,1.858726
India_003920_jpg.rf.7af9e75c9260cd22589c9e0dc9d79538,4,D20,0.624764,0.86509,0.564997,0.268152,0.516619,2,1.033238
India_003920_jpg.rf.7af9e75c9260cd22589c9e0dc9d79538,4,D20,0.727344,0.873736,0.497401,0.252527,0.315099,2,0.630198
India_003920_jpg.rf.7af9e75c9260cd22589c9e0dc9d79538,4,D20,0.465642,0.879608,0.56762,0.240784,0.306013,2,0.612026
India_003920_jpg.rf.7af9e75c9260cd22589c9e0dc9d79538,4,D20,0.533546,0.854744,0.552476,0.290252,0.214023,2,0.428046
India_003920_jpg.rf.7af9e75c9260cd22589c9e0dc9d79538,5,D40,0.563063,0.840151,0.510327,0.291162,0.066978,2,0.133956
India_003920_jpg.rf.7af9e75c9260cd22589c9e0dc9d79538,4,D20,0.49767,0.912474,0.657136,0.175052,0.0639095,2,0.127819
India_003920_jpg.rf.7af9e75c9260cd22589c9e0dc9d79538,4,D20,0.79644,0.892016,0.40712,0.215969,0.0622239,2,0.1244478
India_003920_jpg.rf.7af9e75c9260cd22589c9e0dc9d79538,4,D20,0.39525,0.89194,0.483906,0.21612,0.0581956,2,0.1163912
India_003920_jpg.rf.7af9e75c9260cd22589c9e0dc9d79538,4,D20,0.717486,0.909063,0.565028,0.180584,0.0528247,2,0.1056494
India_003936_jpg.rf.77a7c4ce13f7c2ffdb37b192a052fe86,4,D20,0.480531,0.822025,0.896552,0.283093,0.743741,2,1.487482
India_003936_jpg.rf.77a7c4ce13f7c2ffdb37b192a052fe86,4,D20,0.3809,0.821011,0.750501,0.339657,0.079454,2,0.158908
India_003936_jpg.rf.77a7c4ce13f7c2ffdb37b192a052fe86,4,D20,0.495393,0.824223,0.535964,0.223626,0.0605525,2,0.121105
India_003976_jpg.rf.f81026d60e1650f4302ee9bcdb75e059,4,D20,0.850044,0.790753,0.293097,0.418494,0.575113,2,1.150226
India_003976_jpg.rf.f81026d60e1650f4302ee9bcdb75e059,4,D20,0.810377,0.761318,0.379246,0.420541,0.458189,2,0.916378
India_003976_jpg.rf.f81026d60e1650f4302ee9bcdb75e059,4,D20,0.873268,0.830691,0.25256,0.334087,0.420646,2,0.841292
India_003976_jpg.rf.f81026d60e1650f4302ee9bcdb75e059,5,D40,0.397901,0.558122,0.156095,0.121658,0.204771,2,0.409542
India_003976_jpg.rf.f81026d60e1650f4302ee9bcdb75e059,5,D40,0.405912,0.556207,0.134378,0.0768041,0.153013,2,0.306026
India_003976_jpg.rf.f81026d60e1650f4302ee9bcdb75e059,4,D20,0.785248,0.694693,0.379619,0.355872,0.136894,2,0.273788
India_003976_jpg.rf.f81026d60e1650f4302ee9bcdb75e059,4,D20,0.756979,0.633446,0.336617,0.262323,0.0901089,2,0.1802178
India_003976_jpg.rf.f81026d60e1650f4302ee9bcdb75e059,5,D40,0.3896,0.568422,0.132503,0.0937963,0.0636,2,0.1272
India_003976_jpg.rf.f81026d60e1650f4302ee9bcdb75e059,4,D20,0.587788,0.765632,0.824423,0.450978,0.0624126,2,0.1248252
India_004050_jpg.rf.6ab60d1d7c48cf5f17c1840b03750392,4,D20,0.504709,0.841827,0.947184,0.289952,0.621208,2,1.242416
India_004050_jpg.rf.6ab60d1d7c48cf5f17c1840b03750392,4,D20,0.397577,0.871466,0.793484,0.255269,0.14217,2,0.28434
India_004050_jpg.rf.6ab60d1d7c48cf5f17c1840b03750392,4,D20,0.580386,0.871917,0.837744,0.253607,0.0737143,2,0.1474286
India_004050_jpg.rf.6ab60d1d7c48cf5f17c1840b03750392,4,D20,0.173672,0.859593,0.343519,0.280815,0.0568342,2,0.1136684
India_004073_jpg.rf.84352edf949a82225296c51592f9e4f1,4,D20,0.457552,0.816236,0.840986,0.253712,0.758587,2,1.517174
India_004073_jpg.rf.84352edf949a82225296c51592f9e4f1,4,D20,0.543836,0.788109,0.300938,0.236204,0.0714655,2,0.142931
India_004073_jpg.rf.84352edf949a82225296c51592f9e4f1,4,D20,0.58082,0.793688,0.646007,0.237436,0.0712426,2,0.1424852
India_004073_jpg.rf.84352edf949a82225296c51592f9e4f1,4,D20,0.466454,0.796681,0.552106,0.227757,0.05636,2,0.11272
India_004073_jpg.rf.84352edf949a82225296c51592f9e4f1,5,D40,0.453131,0.788217,0.49971,0.23859,0.0556047,2,0.1112094
India_004073_jpg.rf.84352edf949a82225296c51592f9e4f1,4,D20,0.441306,0.869135,0.882093,0.254604,0.0505212,2,0.1010424
India_004116_jpg.rf.c62181ca996f5a3491534c52adda2ffd,4,D20,0.447144,0.817687,0.885628,0.277208,0.895157,2,1.790314
India_004116_jpg.rf.c62181ca996f5a3491534c52adda2ffd,5,D40,0.412003,0.788993,0.519741,0.224781,0.184686,2,0.369372
India_004116_jpg.rf.c62181ca996f5a3491534c52adda2ffd,4,D20,0.565296,0.785477,0.70304,0.245558,0.0550452,2,0.1100904
India_004116_jpg.rf.c62181ca996f5a3491534c52adda2ffd,5,D40,0.312919,0.787033,0.563006,0.221924,0.0541115,2,0.108223
India_004120_jpg.rf.81768482ed72407c799fda0cbb89661e,4,D20,0.741958,0.895408,0.443238,0.207735,0.785054,2,1.570108
India_004120_jpg.rf.81768482ed72407c799fda0cbb89661e,4,D20,0.617066,0.889491,0.738194,0.218214,0.538111,2,1.076222
India_004120_jpg.rf.81768482ed72407c799fda0cbb89661e,7,D44,0.634608,0.918606,0.128856,0.160314,0.504627,3,1.513881
India_004120_jpg.rf.81768482ed72407c799fda0cbb89661e,4,D20,0.690636,0.877988,0.378506,0.244025,0.400084,2,0.800168
India_004120_jpg.rf.81768482ed72407c799fda0cbb89661e,7,D44,0.620832,0.90486,0.102943,0.142037,0.375661,3,1.126983
India_004120_jpg.rf.81768482ed72407c799fda0cbb89661e,4,D20,0.785488,0.911794,0.429024,0.173824,0.253036,2,0.506072
India_004120_jpg.rf.81768482ed72407c799fda0cbb89661e,4,D20,0.51237,0.872533,0.940915,0.253368,0.10279,2,0.20558
India_004120_jpg.rf.81768482ed72407c799fda0cbb89661e,7,D44,0.626296,0.889657,0.160225,0.216875,0.0748029,3,0.22440870000000002
India_004193_jpg.rf.e2a07a8a036bc8b340b42eb60e505604,4,D20,0.583869,0.786275,0.761127,0.251085,0.323691,2,0.647382
India_004193_jpg.rf.e2a07a8a036bc8b340b42eb60e505604,4,D20,0.520131,0.817738,0.893521,0.263879,0.13758,2,0.27516
India_004193_jpg.rf.e2a07a8a036bc8b340b42eb60e505604,7,D44,0.744767,0.830928,0.123454,0.144851,0.0537579,3,0.1612737
India_004194_jpg.rf.4f0aab9ebc48c5e537e64d553c80c1d4,4,D20,0.41899,0.772678,0.821217,0.251055,0.180541,2,0.361082
India_004194_jpg.rf.4f0aab9ebc48c5e537e64d553c80c1d4,4,D20,0.233546,0.831175,0.467091,0.33765,0.0929919,2,0.1859838
India_004194_jpg.rf.4f0aab9ebc48c5e537e64d553c80c1d4,5,D40,0.257393,0.819806,0.511644,0.349398,0.0817489,2,0.1634978
India_004194_jpg.rf.4f0aab9ebc48c5e537e64d553c80c1d4,4,D20,0.183251,0.845961,0.362658,0.304,0.0596565,2,0.119313
India_004194_jpg.rf.4f0aab9ebc48c5e537e64d553c80c1d4,5,D40,0.266382,0.762958,0.532764,0.285626,0.0555765,2,0.111153
India_004224_jpg.rf.c6c903d84c3993ec96c27a0e2b07c1db,4,D20,0.336082,0.838599,0.662681,0.31674,0.48009,2,0.96018
India_004224_jpg.rf.c6c903d84c3993ec96c27a0e2b07c1db,4,D20,0.223321,0.852905,0.446642,0.29419,0.270177,2,0.540354
India_004224_jpg.rf.c6c903d84c3993ec96c27a0e2b07c1db,4,D20,0.278355,0.877919,0.531805,0.244162,0.165293,2,0.330586
India_004224_jpg.rf.c6c903d84c3993ec96c27a0e2b07c1db,4,D20,0.487496,0.784694,0.926143,0.276778,0.112867,2,0.225734
India_004243_jpg.rf.7daa3d5146beeac64f00c91cbe5c790e,4,D20,0.418594,0.864926,0.82804,0.270148,0.7796,2,1.5592
India_004243_jpg.rf.7daa3d5146beeac64f00c91cbe5c790e,5,D40,0.238759,0.941269,0.260107,0.117461,0.527662,2,1.055324
India_004243_jpg.rf.7daa3d5146beeac64f00c91cbe5c790e,5,D40,0.240277,0.951089,0.214213,0.0973285,0.30815,2,0.6163
India_004243_jpg.rf.7daa3d5146beeac64f00c91cbe5c790e,7,D44,0.529477,0.91121,0.149199,0.133965,0.239076,3,0.717228
India_004243_jpg.rf.7daa3d5146beeac64f00c91cbe5c790e,5,D40,0.293581,0.903682,0.587162,0.192635,0.123603,2,0.247206
India_004243_jpg.rf.7daa3d5146beeac64f00c91cbe5c790e,4,D20,0.285886,0.873142,0.571772,0.253717,0.118088,2,0.236176
India_004243_jpg.rf.7daa3d5146beeac64f00c91cbe5c790e,7,D44,0.521917,0.917739,0.114314,0.10945,0.0916767,3,0.2750301
India_004243_jpg.rf.7daa3d5146beeac64f00c91cbe5c790e,0,D00,0.531866,0.915445,0.141707,0.118602,0.0751183,3,0.2253549
India_004243_jpg.rf.7daa3d5146beeac64f00c91cbe5c790e,5,D40,0.267621,0.960709,0.147106,0.0774341,0.0729351,2,0.1458702
India_004243_jpg.rf.7daa3d5146beeac64f00c91cbe5c790e,5,D40,0.533027,0.91638,0.131571,0.119693,0.070522,2,0.141044
India_004243_jpg.rf.7daa3d5146beeac64f00c91cbe5c790e,4,D20,0.382323,0.867552,0.514352,0.262091,0.0570874,2,0.1141748
India_004243_jpg.rf.7daa3d5146beeac64f00c91cbe5c790e,4,D20,0.355528,0.933679,0.711057,0.132642,0.0563543,2,0.1127086
India_004274_jpg.rf.6874e099205d786c105e2c8dd09f5539,4,D20,0.364074,0.810432,0.710999,0.256722,0.6747,2,1.3494
India_004277_jpg.rf.7168a7a3a36a49ba5ee35826529f1866,7,D44,0.270696,0.920144,0.185051,0.158,0.0743559,3,0.2230677
India_004277_jpg.rf.7168a7a3a36a49ba5ee35826529f1866,7,D44,0.293776,0.9048,0.18228,0.1904,0.0629684,3,0.1889052
India_004315_jpg.rf.26a6902ee7097138b7524dd060b306bf,4,D20,0.781617,0.874005,0.428663,0.25199,0.237211,2,0.474422
India_004315_jpg.rf.26a6902ee7097138b7524dd060b306bf,4,D20,0.576712,0.872261,0.844088,0.252391,0.189222,2,0.378444
India_004315_jpg.rf.26a6902ee7097138b7524dd060b306bf,5,D40,0.771692,0.860704,0.44649,0.278593,0.0846906,2,0.1693812
India_004315_jpg.rf.26a6902ee7097138b7524dd060b306bf,4,D20,0.698221,0.876668,0.603557,0.246664,0.0779487,2,0.1558974
India_004319_jpg.rf.3a2c9fcaddabbad680a1bd135891a7c7,4,D20,0.50813,0.832473,0.954416,0.286061,0.194814,2,0.389628
India_004321_jpg.rf.18837beff07de9e300de09776ca0a979,4,D20,0.380215,0.71241,0.63458,0.27701,0.201545,2,0.40309
India_004321_jpg.rf.18837beff07de9e300de09776ca0a979,4,D20,0.506693,0.678967,0.919883,0.260839,0.171705,2,0.34341
India_004321_jpg.rf.18837beff07de9e300de09776ca0a979,5,D40,0.474995,0.667696,0.535165,0.261538,0.100014,2,0.200028
India_004321_jpg.rf.18837beff07de9e300de09776ca0a979,4,D20,0.42469,0.702979,0.52974,0.222706,0.0976317,2,0.1952634
India_004321_jpg.rf.18837beff07de9e300de09776ca0a979,4,D20,0.366444,0.712436,0.463377,0.293943,0.0620525,2,0.124105
India_004321_jpg.rf.18837beff07de9e300de09776ca0a979,5,D40,0.640002,0.552098,0.0984843,0.0444366,0.055251,2,0.110502
India_004321_jpg.rf.18837beff07de9e300de09776ca0a979,5,D40,0.538723,0.648798,0.429929,0.282924,0.0504341,2,0.1008682
India_004367_jpg.rf.b73b4362f34d7fc0d449a0997c75c7fb,4,D20,0.542373,0.75461,0.872071,0.25269,0.0789768,2,0.1579536
India_004367_jpg.rf.b73b4362f34d7fc0d449a0997c75c7fb,4,D20,0.507848,0.796923,0.953655,0.318456,0.0590781,2,0.1181562
India_004423_jpg.rf.d4b0be75e2433e36cd148fd92588290a,4,D20,0.380369,0.879645,0.748126,0.231951,0.164458,2,0.328916
India_004423_jpg.rf.d4b0be75e2433e36cd148fd92588290a,4,D20,0.269162,0.898144,0.538323,0.201551,0.103266,2,0.206532
India_004446_jpg.rf.52208735cb2dbc520fa391d336b5d52d,4,D20,0.427203,0.828899,0.842937,0.290995,0.517614,2,1.035228
India_004512_jpg.rf.1d2fd562185083f514d67d23d3b8cf5e,4,D20,0.499338,0.848794,0.935739,0.298896,0.729383,2,1.458766
India_004512_jpg.rf.1d2fd562185083f514d67d23d3b8cf5e,4,D20,0.394723,0.871649,0.783886,0.255557,0.177358,2,0.354716
India_004537_jpg.rf.b57969376a6e03ff333f0eef5bd415cf,4,D20,0.766654,0.75192,0.463069,0.381152,0.178221,2,0.356442
India_004537_jpg.rf.b57969376a6e03ff333f0eef5bd415cf,4,D20,0.518905,0.761821,0.96219,0.475899,0.0725088,2,0.1450176
India_004537_jpg.rf.b57969376a6e03ff333f0eef5bd415cf,4,D20,0.711947,0.718738,0.429083,0.403099,0.0677072,2,0.1354144
India_004537_jpg.rf.b57969376a6e03ff333f0eef5bd415cf,5,D40,0.8837,0.586331,0.220972,0.118913,0.0519479,2,0.1038958
India_004563_jpg.rf.fe6a2119596b03ed22c320e7a248cdc9,4,D20,0.792298,0.79592,0.411176,0.306814,0.74584,2,1.49168
India_004563_jpg.rf.fe6a2119596b03ed22c320e7a248cdc9,4,D20,0.735642,0.759585,0.363204,0.334793,0.343701,2,0.687402
India_004563_jpg.rf.fe6a2119596b03ed22c320e7a248cdc9,7,D44,0.693015,0.710618,0.161582,0.16049,0.175594,3,0.526782
India_004563_jpg.rf.fe6a2119596b03ed22c320e7a248cdc9,7,D44,0.711458,0.735448,0.181667,0.184469,0.123054,3,0.369162
India_004563_jpg.rf.fe6a2119596b03ed22c320e7a248cdc9,4,D20,0.62415,0.786797,0.751699,0.337198,0.121545,2,0.24309
India_004563_jpg.rf.fe6a2119596b03ed22c320e7a248cdc9,4,D20,0.842141,0.826633,0.315717,0.279668,0.109517,2,0.219034
India_004563_jpg.rf.fe6a2119596b03ed22c320e7a248cdc9,0,D00,0.701476,0.728978,0.194074,0.19779,0.0799537,3,0.2398611
India_004563_jpg.rf.fe6a2119596b03ed22c320e7a248cdc9,0,D00,0.674812,0.710105,0.211773,0.191257,0.057617,3,0.172851
India_004563_jpg.rf.fe6a2119596b03ed22c320e7a248cdc9,7,D44,0.669765,0.694703,0.195598,0.168883,0.0515166,3,0.15454980000000001
India_004565_jpg.rf.20b25688a26856625ef1f4fba62e0a88,5,D40,0.738817,0.671869,0.0653892,0.0469872,0.0617722,2,0.1235444
India_004589_jpg.rf.959cf67ad01ddf82f064ca9659c2666d,4,D20,0.814067,0.76942,0.371866,0.268512,0.522714,2,1.045428
India_004589_jpg.rf.959cf67ad01ddf82f064ca9659c2666d,4,D20,0.604145,0.760021,0.791709,0.264553,0.390978,2,0.781956
India_004589_jpg.rf.959cf67ad01ddf82f064ca9659c2666d,4,D20,0.859273,0.777992,0.281455,0.246159,0.288483,2,0.576966
India_004589_jpg.rf.959cf67ad01ddf82f064ca9659c2666d,4,D20,0.512899,0.798955,0.962769,0.252244,0.106805,2,0.21361
India_004589_jpg.rf.959cf67ad01ddf82f064ca9659c2666d,4,D20,0.680567,0.784546,0.638865,0.254141,0.0711048,2,0.1422096
India_004650_jpg.rf.236ba1d6a65bf36a81ef3d4a16857abf,4,D20,0.535983,0.839106,0.718963,0.306415,0.0568251,2,0.1136502
India_004689_jpg.rf.b248b051ec38ab871d7314ad1265c2ea,4,D20,0.43133,0.847819,0.855016,0.297221,0.81815,2,1.6363
India_004689_jpg.rf.b248b051ec38ab871d7314ad1265c2ea,4,D20,0.416984,0.859929,0.498229,0.280142,0.231949,2,0.463898
India_004689_jpg.rf.b248b051ec38ab871d7314ad1265c2ea,4,D20,0.177301,0.874729,0.352053,0.249502,0.209183,2,0.418366
India_004689_jpg.rf.b248b051ec38ab871d7314ad1265c2ea,4,D20,0.376041,0.875745,0.652638,0.24851,0.166477,2,0.332954
India_004689_jpg.rf.b248b051ec38ab871d7314ad1265c2ea,4,D20,0.509996,0.85602,0.529638,0.266816,0.148426,2,0.296852
India_004689_jpg.rf.b248b051ec38ab871d7314ad1265c2ea,4,D20,0.251719,0.867587,0.483047,0.264826,0.0617423,2,0.1234846
India_004694_jpg.rf.2ced8bec0fe482acaa388121087887f0,7,D44,0.269902,0.669754,0.178686,0.133748,0.0525956,3,0.1577868
India_004698_jpg.rf.42a189fc35a01796346d63ff931ad8ed,4,D20,0.545806,0.732342,0.85179,0.26574,0.21164,2,0.42328
India_004703_jpg.rf.3696ef65ada0645788cfe3bc36096dc1,4,D20,0.400987,0.737394,0.776561,0.272764,0.218665,2,0.43733
India_004719_jpg.rf.d69119d30e04017e74c8f4ebe8ab2c30,4,D20,0.284062,0.890644,0.563432,0.21793,0.21311,2,0.42622
India_004719_jpg.rf.d69119d30e04017e74c8f4ebe8ab2c30,5,D40,0.319055,0.910068,0.577793,0.179864,0.178127,2,0.356254
India_004719_jpg.rf.d69119d30e04017e74c8f4ebe8ab2c30,4,D20,0.373668,0.924325,0.747337,0.15135,0.106791,2,0.213582
India_004719_jpg.rf.d69119d30e04017e74c8f4ebe8ab2c30,4,D20,0.441401,0.877959,0.859341,0.244082,0.0954032,2,0.1908064
India_004719_jpg.rf.d69119d30e04017e74c8f4ebe8ab2c30,5,D40,0.323357,0.882456,0.49775,0.235087,0.0529357,2,0.1058714
India_004721_jpg.rf.a6d025fd7f97712aa13be605958ed0d8,4,D20,0.398457,0.777755,0.755058,0.240685,0.131386,2,0.262772
India_004727_jpg.rf.c90a3d9d2f795bd1b4aa506c525cc4e6,4,D20,0.375059,0.856279,0.745324,0.287442,0.983064,2,1.966128
India_004727_jpg.rf.c90a3d9d2f795bd1b4aa506c525cc4e6,4,D20,0.498593,0.875864,0.833817,0.248272,0.389184,2,0.778368
India_004727_jpg.rf.c90a3d9d2f795bd1b4aa506c525cc4e6,5,D40,0.428829,0.85405,0.561405,0.2919,0.155223,2,0.310446
India_004727_jpg.rf.c90a3d9d2f795bd1b4aa506c525cc4e6,5,D40,0.321168,0.861869,0.593151,0.27263,0.08708,2,0.17416
India_004727_jpg.rf.c90a3d9d2f795bd1b4aa506c525cc4e6,5,D40,0.411615,0.810071,0.538661,0.273976,0.0811379,2,0.1622758
India_004727_jpg.rf.c90a3d9d2f795bd1b4aa506c525cc4e6,4,D20,0.523028,0.865082,0.559555,0.269836,0.075936,2,0.151872
India_004727_jpg.rf.c90a3d9d2f795bd1b4aa506c525cc4e6,4,D20,0.220994,0.857563,0.432629,0.284875,0.0523843,2,0.1047686
India_004743_jpg.rf.83b26d9610dc4ad6cc00d5236a5d3d01,7,D44,0.33899,0.900705,0.169343,0.181727,0.798206,3,2.394618
India_004743_jpg.rf.83b26d9610dc4ad6cc00d5236a5d3d01,4,D20,0.223622,0.873581,0.428877,0.252838,0.537018,2,1.074036
India_004743_jpg.rf.83b26d9610dc4ad6cc00d5236a5d3d01,4,D20,0.482089,0.84847,0.914697,0.299917,0.489785,2,0.97957
India_004743_jpg.rf.83b26d9610dc4ad6cc00d5236a5d3d01,7,D44,0.333328,0.895593,0.217579,0.203889,0.42155,3,1.26465
India_004743_jpg.rf.83b26d9610dc4ad6cc00d5236a5d3d01,4,D20,0.327463,0.868864,0.654925,0.262273,0.334294,2,0.668588
India_004743_jpg.rf.83b26d9610dc4ad6cc00d5236a5d3d01,7,D44,0.320129,0.915995,0.18374,0.161733,0.308061,3,0.924183
India_004743_jpg.rf.83b26d9610dc4ad6cc00d5236a5d3d01,7,D44,0.355158,0.884813,0.132893,0.16159,0.242271,3,0.7268129999999999
India_004743_jpg.rf.83b26d9610dc4ad6cc00d5236a5d3d01,4,D20,0.147172,0.874414,0.294344,0.251171,0.22956,2,0.45912
India_004743_jpg.rf.83b26d9610dc4ad6cc00d5236a5d3d01,0,D00,0.331069,0.897842,0.224328,0.199382,0.169212,3,0.507636
India_004743_jpg.rf.83b26d9610dc4ad6cc00d5236a5d3d01,4,D20,0.273944,0.898875,0.332917,0.20225,0.114622,2,0.229244
India_004743_jpg.rf.83b26d9610dc4ad6cc00d5236a5d3d01,7,D44,0.366421,0.869845,0.0989853,0.11955,0.0863197,3,0.2589591
India_004743_jpg.rf.83b26d9610dc4ad6cc00d5236a5d3d01,7,D44,0.263078,0.9433,0.0700108,0.113399,0.0638656,3,0.19159679999999998
India_004743_jpg.rf.83b26d9610dc4ad6cc00d5236a5d3d01,7,D44,0.301819,0.930786,0.141778,0.137354,0.059504,3,0.178512
India_004747_jpg.rf.712df5970072526a2133ed0c14ca124c,7,D44,0.694184,0.86511,0.139752,0.165804,0.053434,3,0.160302
India_004749_jpg.rf.07bf205900df77c334ff603115b126bb,4,D20,0.403154,0.782995,0.785949,0.257404,0.607261,2,1.214522
India_004749_jpg.rf.07bf205900df77c334ff603115b126bb,5,D40,0.327952,0.794733,0.572573,0.286851,0.1733,2,0.3466
India_004749_jpg.rf.07bf205900df77c334ff603115b126bb,5,D40,0.493301,0.689012,0.101671,0.0481466,0.131003,2,0.262006
India_004749_jpg.rf.07bf205900df77c334ff603115b126bb,5,D40,0.271988,0.760767,0.53642,0.259914,0.118133,2,0.236266
India_004749_jpg.rf.07bf205900df77c334ff603115b126bb,5,D40,0.409776,0.769007,0.54943,0.279866,0.1023,2,0.2046
India_004749_jpg.rf.07bf205900df77c334ff603115b126bb,5,D40,0.491005,0.710822,0.0875935,0.0529421,0.0927962,2,0.1855924
India_004749_jpg.rf.07bf205900df77c334ff603115b126bb,5,D40,0.473856,0.700637,0.158909,0.102809,0.0926209,2,0.1852418
India_004749_jpg.rf.07bf205900df77c334ff603115b126bb,5,D40,0.472491,0.72677,0.142825,0.136991,0.0911339,2,0.1822678
India_004749_jpg.rf.07bf205900df77c334ff603115b126bb,5,D40,0.257723,0.823269,0.499159,0.349006,0.0894953,2,0.1789906
India_004749_jpg.rf.07bf205900df77c334ff603115b126bb,4,D20,0.323387,0.813084,0.646774,0.346488,0.0733088,2,0.1466176
India_004749_jpg.rf.07bf205900df77c334ff603115b126bb,5,D40,0.44319,0.754415,0.212413,0.188009,0.0548053,2,0.1096106
India_004749_jpg.rf.07bf205900df77c334ff603115b126bb,5,D40,0.458919,0.726633,0.143476,0.0957385,0.0530471,2,0.1060942
India_004749_jpg.rf.07bf205900df77c334ff603115b126bb,5,D40,0.442611,0.689744,0.246789,0.097699,0.0512114,2,0.1024228
India_004766_jpg.rf.fb732693fc9b040a85d9e4ff8574f470,4,D20,0.320909,0.82224,0.447749,0.355519,0.0671681,2,0.1343362
India_004792_jpg.rf.ee3ccc26793d83f351ca0d9e91647811,4,D20,0.51297,0.8714,0.942781,0.254653,0.294185,2,0.58837
India_004792_jpg.rf.ee3ccc26793d83f351ca0d9e91647811,4,D20,0.666315,0.880533,0.66737,0.236187,0.0671073,2,0.1342146
India_004886_jpg.rf.462c5bcd2c3568d07ae5af488eadf3d1,4,D20,0.48329,0.863576,0.921417,0.271505,0.779237,2,1.558474
India_004886_jpg.rf.462c5bcd2c3568d07ae5af488eadf3d1,4,D20,0.479221,0.81763,0.90385,0.270655,0.165656,2,0.331312
India_004886_jpg.rf.462c5bcd2c3568d07ae5af488eadf3d1,7,D44,0.335408,0.964491,0.0629131,0.0673099,0.135719,3,0.407157
India_004886_jpg.rf.462c5bcd2c3568d07ae5af488eadf3d1,7,D44,0.346667,0.965424,0.0718327,0.0691517,0.0744332,3,0.22329960000000001
India_004886_jpg.rf.462c5bcd2c3568d07ae5af488eadf3d1,5,D40,0.512466,0.911943,0.508877,0.175487,0.0735902,2,0.1471804
India_004897_jpg.rf.ac24340cbf8e83b847cbdc5bce1af2a2,4,D20,0.246371,0.842717,0.474057,0.314566,0.144255,2,0.28851
India_004897_jpg.rf.ac24340cbf8e83b847cbdc5bce1af2a2,4,D20,0.349559,0.844613,0.694233,0.307434,0.12592,2,0.25184
India_004897_jpg.rf.ac24340cbf8e83b847cbdc5bce1af2a2,4,D20,0.50396,0.834907,0.932567,0.292411,0.0611369,2,0.1222738
India_004937_jpg.rf.536e680206eee764e3ac44921723cca8,4,D20,0.633198,0.835754,0.458393,0.328492,0.167221,2,0.334442
India_004940_jpg.rf.dbbe672a322dd6a9b7997dad8b5cf1bc,5,D40,0.432089,0.786459,0.128936,0.079358,0.26664,2,0.53328
India_004940_jpg.rf.dbbe672a322dd6a9b7997dad8b5cf1bc,5,D40,0.43886,0.782977,0.207863,0.0890233,0.199982,2,0.399964
India_004940_jpg.rf.dbbe672a322dd6a9b7997dad8b5cf1bc,5,D40,0.502739,0.780922,0.407152,0.103847,0.12908,2,0.25816
India_004940_jpg.rf.dbbe672a322dd6a9b7997dad8b5cf1bc,5,D40,0.516874,0.78612,0.294213,0.0916241,0.0585037,2,0.1170074
India_004954_jpg.rf.0b02e243da8cc93e82379cf9067cb8d7,5,D40,0.666676,0.699185,0.153998,0.0851537,0.0558165,2,0.111633
India_004984_jpg.rf.7456b12fc38186a473eccb930402413b,4,D20,0.477404,0.629566,0.89986,0.286942,0.262932,2,0.525864
India_004984_jpg.rf.7456b12fc38186a473eccb930402413b,4,D20,0.451281,0.710386,0.882362,0.428743,0.138285,2,0.27657
India_004984_jpg.rf.7456b12fc38186a473eccb930402413b,4,D20,0.482194,0.588149,0.854805,0.244549,0.115645,2,0.23129
India_004984_jpg.rf.7456b12fc38186a473eccb930402413b,5,D40,0.609325,0.569487,0.449844,0.281107,0.0973588,2,0.1947176
India_004984_jpg.rf.7456b12fc38186a473eccb930402413b,5,D40,0.47558,0.559289,0.0980229,0.0435183,0.0528531,2,0.1057062
India_005001_jpg.rf.feb2c29ecfa47433a2ec5deee46b1ed0,4,D20,0.427624,0.760578,0.83569,0.250252,0.0863593,2,0.1727186
India_005016_jpg.rf.f987f20c6fc6aab42663421024251648,4,D20,0.517032,0.889027,0.929852,0.221575,0.14861,2,0.29722
India_005016_jpg.rf.f987f20c6fc6aab42663421024251648,4,D20,0.663695,0.886671,0.672609,0.224886,0.0503442,2,0.1006884
India_005030_jpg.rf.36e8c7ef9d9cda4c46a6c864c6b22f7b,4,D20,0.431794,0.832271,0.859692,0.298067,0.649615,2,1.29923
India_005030_jpg.rf.36e8c7ef9d9cda4c46a6c864c6b22f7b,4,D20,0.383465,0.868627,0.76693,0.262746,0.0841477,2,0.1682954
India_005030_jpg.rf.36e8c7ef9d9cda4c46a6c864c6b22f7b,5,D40,0.473657,0.790272,0.576838,0.283059,0.0758063,2,0.1516126
India_005032_jpg.rf.aae4e1844d1cd764481ea39dc55c852c,4,D20,0.505297,0.889957,0.953288,0.219832,0.724581,2,1.449162
India_005032_jpg.rf.aae4e1844d1cd764481ea39dc55c852c,4,D20,0.511033,0.873485,0.277563,0.253029,0.308844,2,0.617688
India_005032_jpg.rf.aae4e1844d1cd764481ea39dc55c852c,4,D20,0.522322,0.878122,0.566491,0.243756,0.25487,2,0.50974
India_005032_jpg.rf.aae4e1844d1cd764481ea39dc55c852c,4,D20,0.635939,0.887796,0.501818,0.224408,0.133431,2,0.266862
India_005032_jpg.rf.aae4e1844d1cd764481ea39dc55c852c,4,D20,0.439921,0.888971,0.61683,0.222057,0.100022,2,0.200044
India_005032_jpg.rf.aae4e1844d1cd764481ea39dc55c852c,5,D40,0.361208,0.738071,0.0972615,0.0549471,0.0828219,2,0.1656438
India_005032_jpg.rf.aae4e1844d1cd764481ea39dc55c852c,0,D00,0.538507,0.848589,0.126105,0.281615,0.0676011,3,0.2028033
India_005032_jpg.rf.aae4e1844d1cd764481ea39dc55c852c,4,D20,0.578072,0.871891,0.36337,0.256217,0.0632697,2,0.1265394
India_005032_jpg.rf.aae4e1844d1cd764481ea39dc55c852c,5,D40,0.449366,0.783472,0.0908746,0.0385394,0.05139,2,0.10278
India_005038_jpg.rf.be37c7ac0e2cf736b484ec958cf5e263,4,D20,0.752103,0.882337,0.235106,0.215099,0.244416,2,0.488832
India_005038_jpg.rf.be37c7ac0e2cf736b484ec958cf5e263,0,D00,0.749752,0.906538,0.150972,0.185055,0.113089,3,0.339267
India_005038_jpg.rf.be37c7ac0e2cf736b484ec958cf5e263,5,D40,0.521059,0.737266,0.0982212,0.044229,0.107229,2,0.214458
India_005038_jpg.rf.be37c7ac0e2cf736b484ec958cf5e263,4,D20,0.721327,0.87423,0.239784,0.24609,0.0686866,2,0.1373732
India_005038_jpg.rf.be37c7ac0e2cf736b484ec958cf5e263,5,D40,0.511975,0.730401,0.132968,0.0578141,0.0652522,2,0.1305044
India_005038_jpg.rf.be37c7ac0e2cf736b484ec958cf5e263,0,D00,0.734091,0.877891,0.185711,0.236561,0.0633831,3,0.1901493
India_005038_jpg.rf.be37c7ac0e2cf736b484ec958cf5e263,4,D20,0.570906,0.892632,0.749152,0.21473,0.0564748,2,0.1129496
India_005038_jpg.rf.be37c7ac0e2cf736b484ec958cf5e263,5,D40,0.525316,0.713775,0.197828,0.101028,0.0561196,2,0.1122392
India_005038_jpg.rf.be37c7ac0e2cf736b484ec958cf5e263,4,D20,0.747206,0.886483,0.153932,0.1868,0.0507514,2,0.1015028
India_005097_jpg.rf.f462bd0025b1378777d80a7073c97ea2,0,D00,0.537986,0.733624,0.0695879,0.253576,0.05472,3,0.16416
India_005097_jpg.rf.f462bd0025b1378777d80a7073c97ea2,0,D00,0.53776,0.763758,0.0521221,0.194539,0.0507718,3,0.1523154
India_005114_jpg.rf.80bef6d2831e72163540588c053185e2,4,D20,0.504366,0.844798,0.945934,0.301511,0.841984,2,1.683968
India_005114_jpg.rf.80bef6d2831e72163540588c053185e2,4,D20,0.393955,0.870717,0.785319,0.257937,0.177598,2,0.355196
India_005114_jpg.rf.80bef6d2831e72163540588c053185e2,4,D20,0.684019,0.868329,0.631963,0.256512,0.0699237,2,0.1398474
India_005186_jpg.rf.2e257f9d2786c49f0ee445795475805b,4,D20,0.511914,0.780856,0.949489,0.242394,0.267745,2,0.53549
India_005186_jpg.rf.2e257f9d2786c49f0ee445795475805b,4,D20,0.476099,0.817112,0.93946,0.259239,0.142502,2,0.285004
India_005186_jpg.rf.2e257f9d2786c49f0ee445795475805b,4,D20,0.693048,0.797583,0.613905,0.244103,0.0809249,2,0.1618498
India_005186_jpg.rf.2e257f9d2786c49f0ee445795475805b,4,D20,0.616378,0.768041,0.476364,0.25459,0.056818,2,0.113636
India_005226_jpg.rf.4f68afb526abdd37078415598b41c935,4,D20,0.557959,0.89411,0.842789,0.211235,0.199484,2,0.398968
India_005245_jpg.rf.edf684879cee06e14762d2a3108dd185,4,D20,0.499754,0.745785,0.953254,0.508431,0.51655,2,1.0331
India_005245_jpg.rf.edf684879cee06e14762d2a3108dd185,4,D20,0.497245,0.647085,0.937229,0.378099,0.270506,2,0.541012
India_005245_jpg.rf.edf684879cee06e14762d2a3108dd185,5,D40,0.347908,0.547373,0.250326,0.111119,0.180794,2,0.361588
India_005245_jpg.rf.edf684879cee06e14762d2a3108dd185,5,D40,0.663794,0.550352,0.598394,0.189865,0.136515,2,0.27303
India_005245_jpg.rf.edf684879cee06e14762d2a3108dd185,5,D40,0.43487,0.574875,0.547749,0.20554,0.1296,2,0.2592
India_005245_jpg.rf.edf684879cee06e14762d2a3108dd185,5,D40,0.308905,0.587078,0.590033,0.213972,0.124054,2,0.248108
India_005245_jpg.rf.edf684879cee06e14762d2a3108dd185,5,D40,0.567171,0.55607,0.624447,0.189893,0.111676,2,0.223352
India_005245_jpg.rf.edf684879cee06e14762d2a3108dd185,5,D40,0.31769,0.55188,0.344554,0.135941,0.0972522,2,0.1945044
India_005245_jpg.rf.edf684879cee06e14762d2a3108dd185,5,D40,0.74377,0.58731,0.496186,0.234953,0.078032,2,0.156064
India_005245_jpg.rf.edf684879cee06e14762d2a3108dd185,5,D40,0.317306,0.539753,0.224529,0.0802519,0.0746603,2,0.1493206
India_005245_jpg.rf.edf684879cee06e14762d2a3108dd185,5,D40,0.266612,0.639609,0.512373,0.28161,0.0734187,2,0.1468374
India_005245_jpg.rf.edf684879cee06e14762d2a3108dd185,5,D40,0.515514,0.534319,0.580909,0.201343,0.0530459,2,0.1060918
India_005286_jpg.rf.0b9e7d63ff905899de31ce55dbf19656,4,D20,0.377433,0.765383,0.735703,0.248301,0.730738,2,1.461476
India_005286_jpg.rf.0b9e7d63ff905899de31ce55dbf19656,5,D40,0.516732,0.750956,0.456017,0.282008,0.478423,2,0.956846
India_005286_jpg.rf.0b9e7d63ff905899de31ce55dbf19656,4,D20,0.533188,0.748148,0.423682,0.265115,0.395682,2,0.791364
India_005286_jpg.rf.0b9e7d63ff905899de31ce55dbf19656,4,D20,0.385153,0.812846,0.742861,0.315707,0.205446,2,0.410892
India_005286_jpg.rf.0b9e7d63ff905899de31ce55dbf19656,5,D40,0.435789,0.749615,0.585891,0.243485,0.14213,2,0.28426
India_005286_jpg.rf.0b9e7d63ff905899de31ce55dbf19656,5,D40,0.447997,0.643696,0.195351,0.0640691,0.0844045,2,0.168809
India_005286_jpg.rf.0b9e7d63ff905899de31ce55dbf19656,5,D40,0.406205,0.647985,0.0989112,0.043746,0.0793721,2,0.1587442
India_005286_jpg.rf.0b9e7d63ff905899de31ce55dbf19656,5,D40,0.416331,0.646475,0.127311,0.0515124,0.0578824,2,0.1157648
India_005286_jpg.rf.0b9e7d63ff905899de31ce55dbf19656,5,D40,0.68439,0.710656,0.0884798,0.0896172,0.0525474,2,0.1050948
India_005286_jpg.rf.0b9e7d63ff905899de31ce55dbf19656,5,D40,0.491221,0.636295,0.313282,0.100603,0.0511928,2,0.1023856
India_005288_jpg.rf.b9304bcf6942654f42cd691880e46768,4,D20,0.484879,0.880869,0.946406,0.238263,0.841797,2,1.683594
India_005288_jpg.rf.b9304bcf6942654f42cd691880e46768,4,D20,0.620133,0.871133,0.528489,0.257734,0.158161,2,0.316322
India_005288_jpg.rf.b9304bcf6942654f42cd691880e46768,5,D40,0.517577,0.869349,0.56885,0.261302,0.155471,2,0.310942
India_005288_jpg.rf.b9304bcf6942654f42cd691880e46768,5,D40,0.277604,0.87923,0.545251,0.241539,0.135929,2,0.271858
India_005288_jpg.rf.b9304bcf6942654f42cd691880e46768,5,D40,0.423432,0.86533,0.582358,0.250632,0.111924,2,0.223848
India_005288_jpg.rf.b9304bcf6942654f42cd691880e46768,5,D40,0.458018,0.827125,0.568031,0.203465,0.0844733,2,0.1689466
India_005288_jpg.rf.b9304bcf6942654f42cd691880e46768,5,D40,0.369618,0.888469,0.643818,0.223063,0.0824758,2,0.1649516
India_005288_jpg.rf.b9304bcf6942654f42cd691880e46768,4,D20,0.340856,0.873361,0.681711,0.246779,0.0811274,2,0.1622548
India_005288_jpg.rf.b9304bcf6942654f42cd691880e46768,4,D20,0.5216,0.881263,0.631535,0.237473,0.0657793,2,0.1315586
India_005293_jpg.rf.e6619d1543c715686309ef7fc1cd2eb4,4,D20,0.505103,0.831273,0.943576,0.275852,0.378851,2,0.757702
India_005351_jpg.rf.923ee511ec5769591a0e8f105d8fb32a,4,D20,0.488378,0.72994,0.88082,0.275282,0.508404,2,1.016808
India_005351_jpg.rf.923ee511ec5769591a0e8f105d8fb32a,5,D40,0.546678,0.583557,0.116676,0.0621735,0.419003,2,0.838006
India_005351_jpg.rf.923ee511ec5769591a0e8f105d8fb32a,5,D40,0.548953,0.619998,0.143945,0.143351,0.324086,2,0.648172
India_005351_jpg.rf.923ee511ec5769591a0e8f105d8fb32a,7,D44,0.224759,0.822966,0.189975,0.158893,0.288936,3,0.866808
India_005351_jpg.rf.923ee511ec5769591a0e8f105d8fb32a,4,D20,0.539428,0.692619,0.373361,0.278722,0.223489,2,0.446978
India_005351_jpg.rf.923ee511ec5769591a0e8f105d8fb32a,5,D40,0.602152,0.612512,0.274267,0.149974,0.213246,2,0.426492
India_005351_jpg.rf.923ee511ec5769591a0e8f105d8fb32a,5,D40,0.590194,0.586596,0.252516,0.0902931,0.197734,2,0.395468
India_005351_jpg.rf.923ee511ec5769591a0e8f105d8fb32a,5,D40,0.554129,0.588848,0.138779,0.0930521,0.188601,2,0.377202
India_005351_jpg.rf.923ee511ec5769591a0e8f105d8fb32a,5,D40,0.643696,0.584491,0.1301,0.0576757,0.125308,2,0.250616
India_005351_jpg.rf.923ee511ec5769591a0e8f105d8fb32a,4,D20,0.486893,0.70946,0.532308,0.273723,0.118259,2,0.236518
India_005351_jpg.rf.923ee511ec5769591a0e8f105d8fb32a,4,D20,0.362031,0.745925,0.67885,0.294965,0.0995687,2,0.1991374
India_005351_jpg.rf.923ee511ec5769591a0e8f105d8fb32a,7,D44,0.282353,0.775126,0.175367,0.153621,0.0920588,3,0.2761764
India_005351_jpg.rf.923ee511ec5769591a0e8f105d8fb32a,7,D44,0.191424,0.847429,0.117135,0.100983,0.0808362,3,0.2425086
India_005351_jpg.rf.923ee511ec5769591a0e8f105d8fb32a,5,D40,0.608777,0.581137,0.214193,0.0663149,0.0797312,2,0.1594624
India_005351_jpg.rf.923ee511ec5769591a0e8f105d8fb32a,5,D40,0.659513,0.582723,0.089829,0.0461204,0.0736575,2,0.147315
India_005351_jpg.rf.923ee511ec5769591a0e8f105d8fb32a,4,D20,0.599997,0.684102,0.401751,0.277316,0.0714471,2,0.1428942
India_005351_jpg.rf.923ee511ec5769591a0e8f105d8fb32a,7,D44,0.264465,0.799558,0.222714,0.182856,0.0699045,3,0.2097135
India_005351_jpg.rf.923ee511ec5769591a0e8f105d8fb32a,7,D44,0.302448,0.762985,0.136166,0.11056,0.059103,3,0.177309
India_005351_jpg.rf.923ee511ec5769591a0e8f105d8fb32a,4,D20,0.420819,0.744159,0.594987,0.225726,0.0583741,2,0.1167482
India_005353_jpg.rf.e831ca366af8fc421fde88e4fbad215b,4,D20,0.410749,0.872872,0.812145,0.254255,0.825595,2,1.65119
India_005353_jpg.rf.e831ca366af8fc421fde88e4fbad215b,4,D20,0.182106,0.88097,0.363745,0.23806,0.138621,2,0.277242
India_005353_jpg.rf.e831ca366af8fc421fde88e4fbad215b,4,D20,0.546531,0.876186,0.709605,0.245065,0.0583462,2,0.1166924
India_005353_jpg.rf.e831ca366af8fc421fde88e4fbad215b,5,D40,0.252427,0.872731,0.488545,0.254538,0.0522256,2,0.1044512
India_005369_jpg.rf.942b6d6b1b5e3e38964b31a8dbc4443e,4,D20,0.506108,0.890314,0.962241,0.217886,0.55263,2,1.10526
India_005369_jpg.rf.942b6d6b1b5e3e38964b31a8dbc4443e,4,D20,0.753666,0.874648,0.296375,0.250704,0.401929,2,0.803858
India_005369_jpg.rf.942b6d6b1b5e3e38964b31a8dbc4443e,7,D44,0.760466,0.908555,0.186455,0.182317,0.19843,3,0.59529
India_005369_jpg.rf.942b6d6b1b5e3e38964b31a8dbc4443e,4,D20,0.806207,0.891342,0.380737,0.217317,0.192782,2,0.385564
India_005369_jpg.rf.942b6d6b1b5e3e38964b31a8dbc4443e,7,D44,0.736853,0.891433,0.178245,0.198189,0.186363,3,0.559089
India_005369_jpg.rf.942b6d6b1b5e3e38964b31a8dbc4443e,4,D20,0.679312,0.874508,0.641376,0.250985,0.118871,2,0.237742
India_005369_jpg.rf.942b6d6b1b5e3e38964b31a8dbc4443e,7,D44,0.718367,0.870811,0.162991,0.197281,0.0966275,3,0.28988250000000004
India_005369_jpg.rf.942b6d6b1b5e3e38964b31a8dbc4443e,7,D44,0.681937,0.840832,0.179793,0.19955,0.0801353,3,0.2404059
India_005369_jpg.rf.942b6d6b1b5e3e38964b31a8dbc4443e,0,D00,0.754745,0.903455,0.211168,0.191991,0.0764795,3,0.22943850000000002
India_005369_jpg.rf.942b6d6b1b5e3e38964b31a8dbc4443e,7,D44,0.696797,0.855952,0.127725,0.182583,0.0662157,3,0.19864710000000002
India_005369_jpg.rf.942b6d6b1b5e3e38964b31a8dbc4443e,0,D00,0.77006,0.927432,0.191944,0.145135,0.06297,3,0.18891
India_005369_jpg.rf.942b6d6b1b5e3e38964b31a8dbc4443e,4,D20,0.511823,0.904837,0.578735,0.190326,0.0575698,2,0.1151396
India_005369_jpg.rf.942b6d6b1b5e3e38964b31a8dbc4443e,7,D44,0.782202,0.933757,0.188925,0.132486,0.0548527,3,0.16455809999999998
India_005369_jpg.rf.942b6d6b1b5e3e38964b31a8dbc4443e,7,D44,0.663542,0.822052,0.159335,0.188571,0.0540927,3,0.1622781
India_005422_jpg.rf.87bf52ce50226ed0d463e7ae31926b10,4,D20,0.521861,0.895098,0.676847,0.209803,0.0762897,2,0.1525794
India_005463_jpg.rf.3492534b8c3428d7f944b597b198b8c3,4,D20,0.44194,0.828898,0.882308,0.286819,0.826994,2,1.653988
India_005463_jpg.rf.3492534b8c3428d7f944b597b198b8c3,4,D20,0.185199,0.868023,0.370398,0.263955,0.235571,2,0.471142
India_005463_jpg.rf.3492534b8c3428d7f944b597b198b8c3,4,D20,0.327203,0.843231,0.654406,0.282105,0.201171,2,0.402342
India_005463_jpg.rf.3492534b8c3428d7f944b597b198b8c3,5,D40,0.251309,0.857895,0.49084,0.28421,0.131568,2,0.263136
India_005463_jpg.rf.3492534b8c3428d7f944b597b198b8c3,5,D40,0.548172,0.773392,0.55024,0.184312,0.0709736,2,0.1419472
India_005463_jpg.rf.3492534b8c3428d7f944b597b198b8c3,5,D40,0.321678,0.811332,0.583354,0.227465,0.0707821,2,0.1415642
India_005463_jpg.rf.3492534b8c3428d7f944b597b198b8c3,4,D20,0.498203,0.867488,0.954556,0.256433,0.0537007,2,0.1074014
India_005473_jpg.rf.3479ab0f0d28de89f441390a66d4c4b7,4,D20,0.647072,0.87912,0.673931,0.241761,0.436501,2,0.873002
India_005473_jpg.rf.3479ab0f0d28de89f441390a66d4c4b7,4,D20,0.663713,0.869887,0.25604,0.260226,0.2944,2,0.5888
India_005473_jpg.rf.3479ab0f0d28de89f441390a66d4c4b7,4,D20,0.605249,0.86471,0.458695,0.27058,0.288043,2,0.576086
India_005473_jpg.rf.3479ab0f0d28de89f441390a66d4c4b7,4,D20,0.772465,0.888769,0.436121,0.222462,0.114581,2,0.229162
India_005473_jpg.rf.3479ab0f0d28de89f441390a66d4c4b7,0,D00,0.464911,0.878202,0.155096,0.240129,0.0682978,3,0.2048934
India_005473_jpg.rf.3479ab0f0d28de89f441390a66d4c4b7,7,D44,0.474679,0.856613,0.141123,0.183358,0.0649659,3,0.19489769999999998
India_005473_jpg.rf.3479ab0f0d28de89f441390a66d4c4b7,7,D44,0.485498,0.833874,0.111239,0.143506,0.0585169,3,0.1755507
India_005473_jpg.rf.3479ab0f0d28de89f441390a66d4c4b7,0,D00,0.678854,0.878078,0.154945,0.242087,0.0546669,3,0.1640007
India_005473_jpg.rf.3479ab0f0d28de89f441390a66d4c4b7,4,D20,0.523622,0.863279,0.354654,0.270002,0.0527404,2,0.1054808
India_005473_jpg.rf.3479ab0f0d28de89f441390a66d4c4b7,0,D00,0.44376,0.902999,0.109408,0.189663,0.0503865,3,0.1511595
India_005488_jpg.rf.9f4e972a04276c5f136e2cf5b99f4e6e,4,D20,0.281158,0.887115,0.545795,0.223213,0.424886,2,0.849772
India_005488_jpg.rf.9f4e972a04276c5f136e2cf5b99f4e6e,4,D20,0.374375,0.87621,0.722365,0.247581,0.312052,2,0.624104
India_005488_jpg.rf.9f4e972a04276c5f136e2cf5b99f4e6e,4,D20,0.50549,0.866601,0.947571,0.257578,0.310481,2,0.620962
India_005488_jpg.rf.9f4e972a04276c5f136e2cf5b99f4e6e,4,D20,0.366271,0.866343,0.406298,0.267313,0.252899,2,0.505798
India_005488_jpg.rf.9f4e972a04276c5f136e2cf5b99f4e6e,4,D20,0.38007,0.910698,0.76014,0.178406,0.0559531,2,0.1119062
India_005523_jpg.rf.685eff1149eaf59d9835125dd0e8ac04,4,D20,0.387142,0.857831,0.755348,0.259745,0.121293,2,0.242586
India_005541_jpg.rf.be9bc7619f0ba48301cb4dbe840d3d0f,5,D40,0.482239,0.715725,0.132727,0.0702694,0.0727934,2,0.1455868
India_005545_jpg.rf.d5c8bff3d4e12a6c14fa9bb14753ffb3,7,D44,0.221951,0.917554,0.125927,0.162692,0.185152,3,0.5554560000000001
India_005569_jpg.rf.44c4cc0686512cdb0e8bc76ae645ea5c,4,D20,0.575018,0.861989,0.832476,0.24365,0.991064,2,1.982128
India_005569_jpg.rf.44c4cc0686512cdb0e8bc76ae645ea5c,4,D20,0.578149,0.839598,0.48976,0.271946,0.933259,2,1.866518
India_005569_jpg.rf.44c4cc0686512cdb0e8bc76ae645ea5c,4,D20,0.666444,0.845175,0.499369,0.251158,0.923325,2,1.84665
India_005569_jpg.rf.44c4cc0686512cdb0e8bc76ae645ea5c,4,D20,0.724376,0.866646,0.532194,0.216336,0.76107,2,1.52214
India_005569_jpg.rf.44c4cc0686512cdb0e8bc76ae645ea5c,4,D20,0.662115,0.882495,0.67577,0.235009,0.602027,2,1.204054
India_005569_jpg.rf.44c4cc0686512cdb0e8bc76ae645ea5c,4,D20,0.45923,0.856013,0.421461,0.271892,0.574734,2,1.149468
India_005569_jpg.rf.44c4cc0686512cdb0e8bc76ae645ea5c,4,D20,0.559285,0.868742,0.593052,0.251074,0.476149,2,0.952298
India_005569_jpg.rf.44c4cc0686512cdb0e8bc76ae645ea5c,4,D20,0.768682,0.895396,0.462636,0.203236,0.45286,2,0.90572
India_005569_jpg.rf.44c4cc0686512cdb0e8bc76ae645ea5c,4,D20,0.836407,0.889729,0.327187,0.2169,0.302086,2,0.604172
India_005569_jpg.rf.44c4cc0686512cdb0e8bc76ae645ea5c,0,D00,0.403682,0.853886,0.141883,0.227673,0.196166,3,0.588498
India_005569_jpg.rf.44c4cc0686512cdb0e8bc76ae645ea5c,4,D20,0.876922,0.910228,0.246156,0.179096,0.115546,2,0.231092
India_005569_jpg.rf.44c4cc0686512cdb0e8bc76ae645ea5c,5,D40,0.381958,0.899774,0.105786,0.101787,0.10334,2,0.20668
India_005569_jpg.rf.44c4cc0686512cdb0e8bc76ae645ea5c,5,D40,0.380176,0.918886,0.09723,0.129252,0.0945262,2,0.1890524
India_005569_jpg.rf.44c4cc0686512cdb0e8bc76ae645ea5c,5,D40,0.387893,0.891215,0.1097,0.150447,0.0787277,2,0.1574554
India_005569_jpg.rf.44c4cc0686512cdb0e8bc76ae645ea5c,4,D20,0.419331,0.855464,0.756025,0.272946,0.0531628,2,0.1063256
India_005569_jpg.rf.44c4cc0686512cdb0e8bc76ae645ea5c,0,D00,0.410575,0.830795,0.11327,0.244535,0.05086,3,0.15258
India_005578_jpg.rf.23c7c3db4b31a08072d8817a2874c558,4,D20,0.539006,0.747777,0.565422,0.221727,0.241755,2,0.48351
India_005578_jpg.rf.23c7c3db4b31a08072d8817a2874c558,4,D20,0.444809,0.767863,0.395094,0.197982,0.0908205,2,0.181641
India_005578_jpg.rf.23c7c3db4b31a08072d8817a2874c558,5,D40,0.59199,0.741319,0.460154,0.225739,0.0795442,2,0.1590884
India_005578_jpg.rf.23c7c3db4b31a08072d8817a2874c558,4,D20,0.578565,0.761029,0.538243,0.171788,0.0656188,2,0.1312376
India_005578_jpg.rf.23c7c3db4b31a08072d8817a2874c558,4,D20,0.185137,0.887354,0.370075,0.188323,0.0638392,2,0.1276784
India_005578_jpg.rf.23c7c3db4b31a08072d8817a2874c558,4,D20,0.14381,0.896094,0.281029,0.188631,0.0600481,2,0.1200962
India_005578_jpg.rf.23c7c3db4b31a08072d8817a2874c558,4,D20,0.408053,0.793786,0.338805,0.171439,0.0593797,2,0.1187594
India_005578_jpg.rf.23c7c3db4b31a08072d8817a2874c558,4,D20,0.383085,0.795273,0.47872,0.178679,0.0574893,2,0.1149786
India_005578_jpg.rf.23c7c3db4b31a08072d8817a2874c558,4,D20,0.308534,0.816946,0.617067,0.158062,0.0516796,2,0.1033592
India_005594_jpg.rf.0203c6e14e88bdb7fa211331107ecc47,4,D20,0.41739,0.858088,0.825155,0.283824,0.489648,2,0.979296
India_005594_jpg.rf.0203c6e14e88bdb7fa211331107ecc47,4,D20,0.299294,0.848696,0.598589,0.298952,0.113021,2,0.226042
India_005623_jpg.rf.f6c8390edc4e02eba5d06008059c2ab0,4,D20,0.363279,0.859057,0.273006,0.275446,0.0848834,2,0.1697668
India_005623_jpg.rf.f6c8390edc4e02eba5d06008059c2ab0,7,D44,0.376895,0.86252,0.154332,0.270449,0.0578641,3,0.1735923
India_005680_jpg.rf.972a0ac31b529c97c1a4dd2be40e2a58,4,D20,0.455784,0.752603,0.876255,0.274156,0.746746,2,1.493492
India_005680_jpg.rf.972a0ac31b529c97c1a4dd2be40e2a58,4,D20,0.444076,0.798711,0.877191,0.260251,0.245571,2,0.491142
India_005680_jpg.rf.972a0ac31b529c97c1a4dd2be40e2a58,4,D20,0.396919,0.787657,0.778836,0.363179,0.119712,2,0.239424
India_005680_jpg.rf.972a0ac31b529c97c1a4dd2be40e2a58,4,D20,0.185228,0.849305,0.364702,0.30014,0.107624,2,0.215248
India_005680_jpg.rf.972a0ac31b529c97c1a4dd2be40e2a58,4,D20,0.171586,0.888168,0.336607,0.223664,0.0926482,2,0.1852964
India_005680_jpg.rf.972a0ac31b529c97c1a4dd2be40e2a58,7,D44,0.293722,0.766897,0.167803,0.144199,0.0669212,3,0.2007636
India_005688_jpg.rf.7212b5cd0984a752ecb0ad84378a5678,4,D20,0.140424,0.873865,0.280693,0.25227,0.343766,2,0.687532
India_005688_jpg.rf.7212b5cd0984a752ecb0ad84378a5678,4,D20,0.0909787,0.892881,0.180056,0.212109,0.0533976,2,0.1067952
India_005728_jpg.rf.bb883d7af7a8c31d54f6dc5328501762,4,D20,0.515113,0.829157,0.934466,0.272918,0.613534,2,1.227068
India_005728_jpg.rf.bb883d7af7a8c31d54f6dc5328501762,4,D20,0.382011,0.83663,0.735477,0.294608,0.209483,2,0.418966
India_005728_jpg.rf.bb883d7af7a8c31d54f6dc5328501762,4,D20,0.444003,0.827239,0.361292,0.24138,0.132714,2,0.265428
India_005728_jpg.rf.bb883d7af7a8c31d54f6dc5328501762,4,D20,0.458639,0.872607,0.915492,0.254786,0.0970012,2,0.1940024
India_005728_jpg.rf.bb883d7af7a8c31d54f6dc5328501762,4,D20,0.440397,0.833487,0.541738,0.243617,0.0784502,2,0.1569004
India_005728_jpg.rf.bb883d7af7a8c31d54f6dc5328501762,4,D20,0.687149,0.829538,0.625703,0.272578,0.052174,2,0.104348
India_005742_jpg.rf.60cb44624fcc4a7a94755ca5e24aa87a,4,D20,0.462957,0.820417,0.918953,0.265806,0.304874,2,0.609748
India_005742_jpg.rf.60cb44624fcc4a7a94755ca5e24aa87a,4,D20,0.221961,0.871271,0.443922,0.257457,0.282289,2,0.564578
India_005804_jpg.rf.9ef0a3e9aaa2fda281bf2bee4b096ce0,4,D20,0.394996,0.871569,0.789457,0.252478,0.639945,2,1.27989
India_005804_jpg.rf.9ef0a3e9aaa2fda281bf2bee4b096ce0,4,D20,0.203193,0.874613,0.38492,0.250774,0.526844,2,1.053688
India_005804_jpg.rf.9ef0a3e9aaa2fda281bf2bee4b096ce0,4,D20,0.28187,0.872077,0.36786,0.25323,0.191525,2,0.38305
India_005804_jpg.rf.9ef0a3e9aaa2fda281bf2bee4b096ce0,4,D20,0.349055,0.865983,0.419936,0.262325,0.0618875,2,0.123775
India_005824_jpg.rf.20d3a2d43e9225c13b52f6ad53a37f1a,5,D40,0.663442,0.568972,0.142903,0.0628183,0.140348,2,0.280696
India_005824_jpg.rf.20d3a2d43e9225c13b52f6ad53a37f1a,5,D40,0.586605,0.673275,0.146336,0.0680311,0.136039,2,0.272078
India_005824_jpg.rf.20d3a2d43e9225c13b52f6ad53a37f1a,5,D40,0.632489,0.562418,0.239951,0.0809223,0.129867,2,0.259734
India_005824_jpg.rf.20d3a2d43e9225c13b52f6ad53a37f1a,4,D20,0.537499,0.709024,0.89983,0.261231,0.118381,2,0.236762
India_005824_jpg.rf.20d3a2d43e9225c13b52f6ad53a37f1a,5,D40,0.694685,0.570773,0.138613,0.0567751,0.113592,2,0.227184
India_005824_jpg.rf.20d3a2d43e9225c13b52f6ad53a37f1a,5,D40,0.580161,0.563548,0.0994072,0.0636774,0.109152,2,0.218304
India_005824_jpg.rf.20d3a2d43e9225c13b52f6ad53a37f1a,5,D40,0.715855,0.572795,0.181141,0.066296,0.0884218,2,0.1768436
India_005824_jpg.rf.20d3a2d43e9225c13b52f6ad53a37f1a,5,D40,0.575626,0.566272,0.0803753,0.0462858,0.0877438,2,0.1754876
India_005824_jpg.rf.20d3a2d43e9225c13b52f6ad53a37f1a,5,D40,0.580002,0.666458,0.16496,0.0917214,0.0844022,2,0.1688044
India_005824_jpg.rf.20d3a2d43e9225c13b52f6ad53a37f1a,5,D40,0.678193,0.573211,0.0843772,0.0452254,0.0806486,2,0.1612972
India_005824_jpg.rf.20d3a2d43e9225c13b52f6ad53a37f1a,5,D40,0.577725,0.647377,0.106311,0.0617807,0.0683463,2,0.1366926
India_005829_jpg.rf.e2271853fd1c68da51929d96fd6920ad,4,D20,0.662715,0.805001,0.240818,0.253292,0.464908,2,0.929816
India_005829_jpg.rf.e2271853fd1c68da51929d96fd6920ad,4,D20,0.490601,0.825981,0.891203,0.282393,0.456603,2,0.913206
India_005829_jpg.rf.e2271853fd1c68da51929d96fd6920ad,0,D00,0.62574,0.819026,0.151985,0.22076,0.234703,3,0.704109
India_005829_jpg.rf.e2271853fd1c68da51929d96fd6920ad,4,D20,0.73391,0.807131,0.413372,0.256178,0.17385,2,0.3477
India_005829_jpg.rf.e2271853fd1c68da51929d96fd6920ad,0,D00,0.614393,0.851429,0.124496,0.158473,0.126408,3,0.379224
India_005829_jpg.rf.e2271853fd1c68da51929d96fd6920ad,0,D00,0.601724,0.786996,0.109633,0.219752,0.11968,3,0.35903999999999997
India_005829_jpg.rf.e2271853fd1c68da51929d96fd6920ad,7,D44,0.619403,0.831224,0.140304,0.20325,0.105492,3,0.316476
India_005829_jpg.rf.e2271853fd1c68da51929d96fd6920ad,7,D44,0.626939,0.882322,0.0685069,0.100176,0.102349,3,0.30704699999999996
India_005829_jpg.rf.e2271853fd1c68da51929d96fd6920ad,4,D20,0.692719,0.814253,0.614563,0.235908,0.0893629,2,0.1787258
India_005829_jpg.rf.e2271853fd1c68da51929d96fd6920ad,7,D44,0.617915,0.855967,0.104715,0.149994,0.0887568,3,0.2662704
India_005829_jpg.rf.e2271853fd1c68da51929d96fd6920ad,0,D00,0.588516,0.805511,0.0856805,0.238102,0.0880716,3,0.26421479999999997
India_005829_jpg.rf.e2271853fd1c68da51929d96fd6920ad,4,D20,0.665251,0.795901,0.337244,0.296499,0.0695379,2,0.1390758
India_005829_jpg.rf.e2271853fd1c68da51929d96fd6920ad,0,D00,0.584481,0.776274,0.0665405,0.171415,0.064844,3,0.19453199999999998
India_005829_jpg.rf.e2271853fd1c68da51929d96fd6920ad,0,D00,0.649174,0.844599,0.177502,0.182328,0.0557956,3,0.1673868
India_005829_jpg.rf.e2271853fd1c68da51929d96fd6920ad,4,D20,0.531605,0.803693,0.479251,0.252751,0.0506941,2,0.1013882
India_005835_jpg.rf.9bbc27e936475831fc516c6313bd157b,4,D20,0.579097,0.878814,0.841807,0.238964,0.571487,2,1.142974
India_005835_jpg.rf.9bbc27e936475831fc516c6313bd157b,4,D20,0.657905,0.877344,0.501385,0.243936,0.339931,2,0.679862
India_005835_jpg.rf.9bbc27e936475831fc516c6313bd157b,5,D40,0.641242,0.866329,0.517159,0.267341,0.11266,2,0.22532
India_005835_jpg.rf.9bbc27e936475831fc516c6313bd157b,5,D40,0.7663,0.874997,0.46439,0.250007,0.0884494,2,0.1768988
India_005835_jpg.rf.9bbc27e936475831fc516c6313bd157b,4,D20,0.584883,0.879653,0.398604,0.229863,0.0825612,2,0.1651224
India_005835_jpg.rf.9bbc27e936475831fc516c6313bd157b,7,D44,0.615998,0.880684,0.138519,0.135282,0.0699096,3,0.2097288
India_005835_jpg.rf.9bbc27e936475831fc516c6313bd157b,4,D20,0.772158,0.885715,0.455685,0.227585,0.068812,2,0.137624
India_005855_jpg.rf.b8769e24c5b2b46df6a18707da2c4dc5,0,D00,0.583263,0.863044,0.0466348,0.150966,0.103172,3,0.309516
India_005855_jpg.rf.b8769e24c5b2b46df6a18707da2c4dc5,5,D40,0.50376,0.788092,0.3234,0.0809312,0.0955127,2,0.1910254
India_005855_jpg.rf.b8769e24c5b2b46df6a18707da2c4dc5,5,D40,0.486843,0.787139,0.220067,0.069966,0.0834599,2,0.1669198
India_005855_jpg.rf.b8769e24c5b2b46df6a18707da2c4dc5,5,D40,0.457128,0.781313,0.117314,0.0479126,0.0519337,2,0.1038674
India_005855_jpg.rf.b8769e24c5b2b46df6a18707da2c4dc5,5,D40,0.521524,0.795201,0.225996,0.0673029,0.0510851,2,0.1021702
India_005857_jpg.rf.c71e05a98139899738bda4e747343312,4,D20,0.425862,0.81338,0.838785,0.261735,0.307925,2,0.61585
India_005890_jpg.rf.5a846123ef0db9ca134af09347eaa6fe,4,D20,0.54156,0.799245,0.916879,0.40151,0.0741236,2,0.1482472
India_005901_jpg.rf.a7a1ebf7cff926104945fbada9326222,7,D44,0.45717,0.851957,0.126585,0.124715,0.0628147,3,0.1884441
India_005909_jpg.rf.b07e9c96245bfc4c93b1640c4a45afed,4,D20,0.614509,0.867358,0.756492,0.265284,0.0661215,2,0.132243
India_005954_jpg.rf.84b3c240ede2546d433643b30843f8a3,4,D20,0.607095,0.770999,0.39026,0.259686,0.999463,2,1.998926
India_005954_jpg.rf.84b3c240ede2546d433643b30843f8a3,4,D20,0.65377,0.77075,0.275709,0.248293,0.964686,2,1.929372
India_005954_jpg.rf.84b3c240ede2546d433643b30843f8a3,4,D20,0.626057,0.77739,0.566663,0.239778,0.68091,2,1.36182
India_005954_jpg.rf.84b3c240ede2546d433643b30843f8a3,4,D20,0.615937,0.758804,0.260658,0.228517,0.571228,2,1.142456
India_005954_jpg.rf.84b3c240ede2546d433643b30843f8a3,7,D44,0.707905,0.792457,0.125055,0.16435,0.334205,3,1.002615
India_005954_jpg.rf.84b3c240ede2546d433643b30843f8a3,7,D44,0.721691,0.807608,0.0850246,0.13655,0.282787,3,0.848361
India_005954_jpg.rf.84b3c240ede2546d433643b30843f8a3,0,D00,0.695757,0.766031,0.171484,0.221795,0.211633,3,0.634899
India_005954_jpg.rf.84b3c240ede2546d433643b30843f8a3,0,D00,0.6339,0.761588,0.20093,0.227669,0.19376,3,0.58128
India_005954_jpg.rf.84b3c240ede2546d433643b30843f8a3,4,D20,0.718695,0.766981,0.507036,0.24054,0.172334,2,0.344668
India_005954_jpg.rf.84b3c240ede2546d433643b30843f8a3,4,D20,0.573601,0.751611,0.275953,0.227504,0.139582,2,0.279164
India_005954_jpg.rf.84b3c240ede2546d433643b30843f8a3,7,D44,0.694964,0.765805,0.135455,0.204768,0.137725,3,0.41317499999999996
India_005954_jpg.rf.84b3c240ede2546d433643b30843f8a3,4,D20,0.59322,0.747362,0.204551,0.185382,0.117337,2,0.234674
India_005954_jpg.rf.84b3c240ede2546d433643b30843f8a3,4,D20,0.66559,0.769609,0.201658,0.216599,0.105213,2,0.210426
India_005954_jpg.rf.84b3c240ede2546d433643b30843f8a3,0,D00,0.72859,0.80149,0.0933393,0.15338,0.0989557,3,0.2968671
India_005954_jpg.rf.84b3c240ede2546d433643b30843f8a3,7,D44,0.710409,0.784893,0.0986109,0.141584,0.0856702,3,0.2570106
India_005954_jpg.rf.84b3c240ede2546d433643b30843f8a3,4,D20,0.656017,0.802722,0.245224,0.175296,0.0663776,2,0.1327552
India_005954_jpg.rf.84b3c240ede2546d433643b30843f8a3,0,D00,0.631782,0.814667,0.0663647,0.124942,0.0602523,3,0.1807569
India_005954_jpg.rf.84b3c240ede2546d433643b30843f8a3,7,D44,0.926617,0.766261,0.146767,0.142136,0.0570561,3,0.1711683
India_005954_jpg.rf.84b3c240ede2546d433643b30843f8a3,0,D00,0.690141,0.793925,0.157041,0.169577,0.0557756,3,0.1673268
India_005954_jpg.rf.84b3c240ede2546d433643b30843f8a3,7,D44,0.699785,0.763815,0.101183,0.157319,0.0548899,3,0.1646697
India_005954_jpg.rf.84b3c240ede2546d433643b30843f8a3,5,D40,0.612745,0.724176,0.233303,0.146738,0.0525188,2,0.1050376
India_005956_jpg.rf.9ce9620dce160e9b31c012116390c5e5,7,D44,0.658687,0.846071,0.0527588,0.125282,0.0506152,3,0.1518456
India_005957_jpg.rf.7d2fff635ba8b8d34308817eeea80497,4,D20,0.51181,0.890011,0.954725,0.218133,0.169768,2,0.339536
India_005959_jpg.rf.054f9c0d55b2d8e7033ea28b53a4197a,4,D20,0.439694,0.863376,0.867244,0.242247,0.413563,2,0.827126
India_005959_jpg.rf.054f9c0d55b2d8e7033ea28b53a4197a,7,D44,0.679625,0.94942,0.0538775,0.100126,0.135157,3,0.405471
India_005962_jpg.rf.bc6cf946b014365cc448a9ce94ecd9cc,5,D40,0.652588,0.848903,0.154113,0.143457,0.475705,2,0.95141
India_005962_jpg.rf.bc6cf946b014365cc448a9ce94ecd9cc,4,D20,0.682785,0.873196,0.240096,0.230528,0.2471,2,0.4942
India_005962_jpg.rf.bc6cf946b014365cc448a9ce94ecd9cc,4,D20,0.684746,0.866761,0.356335,0.250213,0.13755,2,0.2751
India_005962_jpg.rf.bc6cf946b014365cc448a9ce94ecd9cc,4,D20,0.509937,0.849322,0.935178,0.295788,0.0676186,2,0.1352372
India_005962_jpg.rf.bc6cf946b014365cc448a9ce94ecd9cc,0,D00,0.66614,0.883361,0.186002,0.216894,0.0530271,3,0.1590813
India_005968_jpg.rf.992eb472e818a0bb7a0aced195230111,4,D20,0.601907,0.886266,0.791807,0.227468,0.952357,2,1.904714
India_005968_jpg.rf.992eb472e818a0bb7a0aced195230111,4,D20,0.695428,0.885067,0.393537,0.229867,0.647408,2,1.294816
India_005968_jpg.rf.992eb472e818a0bb7a0aced195230111,4,D20,0.699165,0.89059,0.571169,0.21882,0.631156,2,1.262312
India_005968_jpg.rf.992eb472e818a0bb7a0aced195230111,5,D40,0.654015,0.837796,0.0751831,0.0421515,0.616767,2,1.233534
India_005968_jpg.rf.992eb472e818a0bb7a0aced195230111,5,D40,0.682659,0.847173,0.216494,0.0906029,0.349521,2,0.699042
India_005968_jpg.rf.992eb472e818a0bb7a0aced195230111,5,D40,0.653131,0.843022,0.109415,0.051873,0.261963,2,0.523926
India_005968_jpg.rf.992eb472e818a0bb7a0aced195230111,5,D40,0.672683,0.834966,0.175193,0.0829721,0.146263,2,0.292526
India_005968_jpg.rf.992eb472e818a0bb7a0aced195230111,4,D20,0.790844,0.896674,0.418313,0.206652,0.143462,2,0.286924
India_005968_jpg.rf.992eb472e818a0bb7a0aced195230111,4,D20,0.587327,0.875025,0.542377,0.249949,0.113953,2,0.227906
India_005968_jpg.rf.992eb472e818a0bb7a0aced195230111,5,D40,0.650236,0.832693,0.129394,0.0705342,0.100192,2,0.200384
India_005968_jpg.rf.992eb472e818a0bb7a0aced195230111,5,D40,0.64164,0.8566,0.134693,0.0930025,0.0952627,2,0.1905254
India_005968_jpg.rf.992eb472e818a0bb7a0aced195230111,5,D40,0.665137,0.876894,0.381611,0.246211,0.0830988,2,0.1661976
India_005968_jpg.rf.992eb472e818a0bb7a0aced195230111,4,D20,0.676531,0.896713,0.237319,0.206575,0.0614681,2,0.1229362
India_005968_jpg.rf.992eb472e818a0bb7a0aced195230111,5,D40,0.678262,0.892884,0.240788,0.214233,0.0535262,2,0.1070524
India_005968_jpg.rf.992eb472e818a0bb7a0aced195230111,5,D40,0.609476,0.86991,0.517536,0.260181,0.0523785,2,0.104757
India_005970_jpg.rf.f5bceb9bc79f23fca3d09ad944986601,4,D20,0.496444,0.727284,0.911977,0.263028,0.674584,2,1.349168
India_005970_jpg.rf.f5bceb9bc79f23fca3d09ad944986601,4,D20,0.6124,0.729733,0.622312,0.256037,0.182266,2,0.364532
India_005971_jpg.rf.dc5355bb58dd588620223c96a2cb0fad,4,D20,0.410783,0.750776,0.821567,0.498449,0.367676,2,0.735352
India_005971_jpg.rf.dc5355bb58dd588620223c96a2cb0fad,4,D20,0.649491,0.794191,0.49271,0.409339,0.239869,2,0.479738
India_005971_jpg.rf.dc5355bb58dd588620223c96a2cb0fad,4,D20,0.577522,0.81455,0.42606,0.3709,0.207551,2,0.415102
India_005971_jpg.rf.dc5355bb58dd588620223c96a2cb0fad,4,D20,0.70212,0.840672,0.535865,0.318655,0.166726,2,0.333452
India_005971_jpg.rf.dc5355bb58dd588620223c96a2cb0fad,4,D20,0.162836,0.602269,0.325673,0.268251,0.160013,2,0.320026
India_005971_jpg.rf.dc5355bb58dd588620223c96a2cb0fad,4,D20,0.739111,0.843628,0.308941,0.312744,0.139317,2,0.278634
India_005971_jpg.rf.dc5355bb58dd588620223c96a2cb0fad,4,D20,0.183996,0.691918,0.367992,0.464815,0.138327,2,0.276654
India_005971_jpg.rf.dc5355bb58dd588620223c96a2cb0fad,4,D20,0.187999,0.829047,0.375999,0.341906,0.0993671,2,0.1987342
India_005971_jpg.rf.dc5355bb58dd588620223c96a2cb0fad,4,D20,0.548457,0.841996,0.321188,0.316008,0.0842636,2,0.1685272
India_005971_jpg.rf.dc5355bb58dd588620223c96a2cb0fad,4,D20,0.230923,0.74774,0.461845,0.50452,0.0776382,2,0.1552764
India_005971_jpg.rf.dc5355bb58dd588620223c96a2cb0fad,4,D20,0.572766,0.756564,0.508646,0.486873,0.064294,2,0.128588
India_005971_jpg.rf.dc5355bb58dd588620223c96a2cb0fad,4,D20,0.618321,0.859012,0.397887,0.281977,0.058423,2,0.116846
India_005971_jpg.rf.dc5355bb58dd588620223c96a2cb0fad,4,D20,0.1421,0.631989,0.284199,0.168704,0.0543059,2,0.1086118
India_005971_jpg.rf.dc5355bb58dd588620223c96a2cb0fad,4,D20,0.521187,0.796696,0.880654,0.406609,0.0517931,2,0.1035862
India_005975_jpg.rf.2134ebd163c73a0cb1348f55962f7bde,4,D20,0.626872,0.826355,0.737882,0.276926,0.378327,2,0.756654
India_005975_jpg.rf.2134ebd163c73a0cb1348f55962f7bde,4,D20,0.869096,0.832465,0.261809,0.228031,0.335816,2,0.671632
India_005975_jpg.rf.2134ebd163c73a0cb1348f55962f7bde,4,D20,0.829193,0.824282,0.341614,0.249935,0.162858,2,0.325716
India_005975_jpg.rf.2134ebd163c73a0cb1348f55962f7bde,4,D20,0.304695,0.844957,0.602343,0.299493,0.145445,2,0.29089
India_005975_jpg.rf.2134ebd163c73a0cb1348f55962f7bde,4,D20,0.481468,0.841851,0.946501,0.290234,0.1338,2,0.2676
India_005975_jpg.rf.2134ebd163c73a0cb1348f55962f7bde,4,D20,0.729519,0.826003,0.540963,0.236373,0.0942165,2,0.188433
India_005975_jpg.rf.2134ebd163c73a0cb1348f55962f7bde,4,D20,0.21004,0.857623,0.414022,0.284753,0.0906085,2,0.181217
India_005976_jpg.rf.b0dc5130d25c9ea9b5a1ab41303d5a76,5,D40,0.459237,0.752006,0.0713884,0.0444611,0.148302,2,0.296604
India_005976_jpg.rf.b0dc5130d25c9ea9b5a1ab41303d5a76,5,D40,0.470792,0.749622,0.0986864,0.0520854,0.125749,2,0.251498
India_005976_jpg.rf.b0dc5130d25c9ea9b5a1ab41303d5a76,5,D40,0.4585,0.752121,0.102112,0.0607531,0.0825418,2,0.1650836
India_005976_jpg.rf.b0dc5130d25c9ea9b5a1ab41303d5a76,4,D20,0.499705,0.841728,0.937517,0.299697,0.0821979,2,0.1643958
India_005976_jpg.rf.b0dc5130d25c9ea9b5a1ab41303d5a76,5,D40,0.469592,0.74405,0.112376,0.0755447,0.0526063,2,0.1052126
India_006000_jpg.rf.214e885f90f483410d9febb3cb5353fb,4,D20,0.515438,0.80925,0.956046,0.240386,0.433797,2,0.867594
India_006000_jpg.rf.214e885f90f483410d9febb3cb5353fb,4,D20,0.390215,0.804238,0.293033,0.213688,0.281446,2,0.562892
India_006000_jpg.rf.214e885f90f483410d9febb3cb5353fb,4,D20,0.86665,0.797125,0.266699,0.226648,0.238107,2,0.476214
India_006000_jpg.rf.214e885f90f483410d9febb3cb5353fb,4,D20,0.379194,0.816608,0.735829,0.272968,0.0973865,2,0.194773
India_006000_jpg.rf.214e885f90f483410d9febb3cb5353fb,5,D40,0.410159,0.732197,0.0693358,0.044806,0.0972084,2,0.1944168
India_006000_jpg.rf.214e885f90f483410d9febb3cb5353fb,4,D20,0.265449,0.805703,0.517068,0.241998,0.0892896,2,0.1785792
India_006000_jpg.rf.214e885f90f483410d9febb3cb5353fb,4,D20,0.599855,0.789925,0.80029,0.218553,0.0823751,2,0.1647502
India_006000_jpg.rf.214e885f90f483410d9febb3cb5353fb,4,D20,0.466679,0.798908,0.457114,0.20631,0.0596878,2,0.1193756
India_006000_jpg.rf.214e885f90f483410d9febb3cb5353fb,4,D20,0.889272,0.828622,0.218012,0.163167,0.0529261,2,0.1058522
India_006000_jpg.rf.214e885f90f483410d9febb3cb5353fb,5,D40,0.174051,0.733677,0.344694,0.17523,0.0524991,2,0.1049982
India_006000_jpg.rf.214e885f90f483410d9febb3cb5353fb,4,D20,0.342134,0.822929,0.63279,0.218324,0.0506263,2,0.1012526
India_006003_jpg.rf.ea726b7ef62d007cfae0d7542a78c3da,4,D20,0.470788,0.866477,0.709911,0.249148,0.082243,2,0.164486
India_006003_jpg.rf.ea726b7ef62d007cfae0d7542a78c3da,7,D44,0.677567,0.820901,0.147749,0.195044,0.0522539,3,0.1567617
India_006029_jpg.rf.04d7f6b2bdd90caa72981032ebc3e231,4,D20,0.579564,0.829585,0.816543,0.262854,0.998004,2,1.996008
India_006029_jpg.rf.04d7f6b2bdd90caa72981032ebc3e231,4,D20,0.678758,0.822698,0.557317,0.272184,0.89633,2,1.79266
India_006029_jpg.rf.04d7f6b2bdd90caa72981032ebc3e231,4,D20,0.690755,0.858511,0.61849,0.258197,0.885405,2,1.77081
India_006029_jpg.rf.04d7f6b2bdd90caa72981032ebc3e231,4,D20,0.588704,0.872681,0.822078,0.250401,0.782803,2,1.565606
India_006029_jpg.rf.04d7f6b2bdd90caa72981032ebc3e231,4,D20,0.798301,0.858755,0.402076,0.266999,0.749834,2,1.499668
India_006029_jpg.rf.04d7f6b2bdd90caa72981032ebc3e231,4,D20,0.537414,0.820648,0.558772,0.272926,0.732522,2,1.465044
India_006029_jpg.rf.04d7f6b2bdd90caa72981032ebc3e231,4,D20,0.393873,0.839676,0.364607,0.274115,0.691625,2,1.38325
India_006029_jpg.rf.04d7f6b2bdd90caa72981032ebc3e231,4,D20,0.3513,0.855294,0.66598,0.266492,0.275164,2,0.550328
India_006029_jpg.rf.04d7f6b2bdd90caa72981032ebc3e231,4,D20,0.338601,0.860448,0.467192,0.273871,0.259506,2,0.519012
India_006029_jpg.rf.04d7f6b2bdd90caa72981032ebc3e231,4,D20,0.844241,0.872958,0.311518,0.250371,0.189206,2,0.378412
India_006029_jpg.rf.04d7f6b2bdd90caa72981032ebc3e231,4,D20,0.748475,0.836389,0.503017,0.30853,0.187026,2,0.374052
India_006029_jpg.rf.04d7f6b2bdd90caa72981032ebc3e231,4,D20,0.628202,0.85783,0.590219,0.218259,0.144602,2,0.289204
India_006029_jpg.rf.04d7f6b2bdd90caa72981032ebc3e231,4,D20,0.4612,0.855292,0.597998,0.245385,0.0739283,2,0.1478566
India_006029_jpg.rf.04d7f6b2bdd90caa72981032ebc3e231,4,D20,0.614029,0.799409,0.523656,0.30934,0.0729673,2,0.1459346
India_006048_jpg.rf.4eaa7d2e45d5db119dde5fbe0f29272d,4,D20,0.508354,0.645595,0.947437,0.260522,0.179635,2,0.35927
India_006048_jpg.rf.4eaa7d2e45d5db119dde5fbe0f29272d,4,D20,0.466532,0.749943,0.91642,0.326765,0.101628,2,0.203256
India_006048_jpg.rf.4eaa7d2e45d5db119dde5fbe0f29272d,4,D20,0.462257,0.688297,0.910013,0.332134,0.0676533,2,0.1353066
India_006048_jpg.rf.4eaa7d2e45d5db119dde5fbe0f29272d,4,D20,0.299869,0.79494,0.536099,0.356758,0.0577761,2,0.1155522
India_006052_jpg.rf.3bcf4a6d9a0883ab791b864aba403fad,5,D40,0.648784,0.860991,0.0842514,0.0547847,0.0525744,2,0.1051488
India_006064_jpg.rf.d137f7b20d09878f29718c6bf34b3873,7,D44,0.373068,0.816973,0.146396,0.138219,0.214759,3,0.644277
India_006081_jpg.rf.449eac3d7b5d37b8bcc0a842e6aa94b5,4,D20,0.407792,0.691661,0.733455,0.216707,0.0782807,2,0.1565614
India_006081_jpg.rf.449eac3d7b5d37b8bcc0a842e6aa94b5,4,D20,0.539332,0.690837,0.489055,0.221579,0.0668724,2,0.1337448
India_006091_jpg.rf.5588a6effe0b3b35b007f6faad76b567,4,D20,0.712251,0.766748,0.315973,0.264553,0.669935,2,1.33987
India_006091_jpg.rf.5588a6effe0b3b35b007f6faad76b567,4,D20,0.667396,0.767854,0.222798,0.251394,0.553078,2,1.106156
India_006091_jpg.rf.5588a6effe0b3b35b007f6faad76b567,4,D20,0.774164,0.776939,0.426492,0.255524,0.466961,2,0.933922
India_006091_jpg.rf.5588a6effe0b3b35b007f6faad76b567,0,D00,0.657245,0.771599,0.147881,0.223214,0.332224,3,0.996672
India_006091_jpg.rf.5588a6effe0b3b35b007f6faad76b567,4,D20,0.789107,0.805706,0.414945,0.186234,0.130444,2,0.260888
India_006091_jpg.rf.5588a6effe0b3b35b007f6faad76b567,0,D00,0.640119,0.75521,0.1332,0.204237,0.100419,3,0.301257
India_006091_jpg.rf.5588a6effe0b3b35b007f6faad76b567,7,D44,0.636003,0.757033,0.122474,0.19904,0.0923803,3,0.2771409
India_006091_jpg.rf.5588a6effe0b3b35b007f6faad76b567,0,D00,0.671406,0.806804,0.0981272,0.156272,0.0869965,3,0.2609895
India_006091_jpg.rf.5588a6effe0b3b35b007f6faad76b567,5,D40,0.618025,0.736442,0.097382,0.156102,0.0632831,2,0.1265662
India_006106_jpg.rf.53b5df2f3ba893fc77575b3eceb19c5e,4,D20,0.820497,0.853268,0.358262,0.293464,0.22244,2,0.44488
India_006106_jpg.rf.53b5df2f3ba893fc77575b3eceb19c5e,4,D20,0.861841,0.867014,0.276317,0.264058,0.0572282,2,0.1144564
India_006132_jpg.rf.ac154cd43d3327e4f1bc4cd8c1eff7f9,5,D40,0.590602,0.590018,0.0937232,0.0533591,0.0515873,2,0.1031746
India_006182_jpg.rf.4c47e1fe4fde17e54acaede9f80afa5a,4,D20,0.573661,0.809178,0.8264,0.242927,0.21511,2,0.43022
India_006182_jpg.rf.4c47e1fe4fde17e54acaede9f80afa5a,4,D20,0.682478,0.812388,0.635043,0.27548,0.0529631,2,0.1059262
India_006187_jpg.rf.07cac0bf1e8bb013874acf605d159d3b,4,D20,0.441715,0.857157,0.814134,0.238225,0.172509,2,0.345018
India_006187_jpg.rf.07cac0bf1e8bb013874acf605d159d3b,5,D40,0.632914,0.866312,0.0743475,0.0413094,0.155459,2,0.310918
India_006187_jpg.rf.07cac0bf1e8bb013874acf605d159d3b,5,D40,0.63178,0.866057,0.0910815,0.0509964,0.108004,2,0.216008
India_006187_jpg.rf.07cac0bf1e8bb013874acf605d159d3b,4,D20,0.468956,0.894532,0.923998,0.210936,0.0886854,2,0.1773708
India_006229_jpg.rf.0134946c06facfdb78827dace8691194,4,D20,0.499132,0.837091,0.9392,0.29057,0.892411,2,1.784822
India_006229_jpg.rf.0134946c06facfdb78827dace8691194,4,D20,0.589943,0.871291,0.803117,0.250114,0.248198,2,0.496396
India_006229_jpg.rf.0134946c06facfdb78827dace8691194,4,D20,0.441846,0.871618,0.883693,0.256765,0.239418,2,0.478836
India_006229_jpg.rf.0134946c06facfdb78827dace8691194,4,D20,0.374432,0.829152,0.732643,0.341696,0.158195,2,0.31639
India_006229_jpg.rf.0134946c06facfdb78827dace8691194,4,D20,0.728582,0.871929,0.482153,0.227251,0.137662,2,0.275324
India_006229_jpg.rf.0134946c06facfdb78827dace8691194,4,D20,0.525483,0.825262,0.579637,0.288819,0.0858668,2,0.1717336
India_006229_jpg.rf.0134946c06facfdb78827dace8691194,5,D40,0.330166,0.830402,0.550982,0.318615,0.0777699,2,0.1555398
India_006229_jpg.rf.0134946c06facfdb78827dace8691194,4,D20,0.680811,0.841889,0.458888,0.266107,0.0774806,2,0.1549612
India_006229_jpg.rf.0134946c06facfdb78827dace8691194,4,D20,0.419904,0.815053,0.593641,0.273099,0.0549372,2,0.1098744
India_006229_jpg.rf.0134946c06facfdb78827dace8691194,5,D40,0.414886,0.803951,0.581349,0.267531,0.0511237,2,0.1022474
India_006239_jpg.rf.54f21e51190644dd4fc5130f539b2a61,4,D20,0.876166,0.830854,0.247668,0.338293,0.719641,2,1.439282
India_006239_jpg.rf.54f21e51190644dd4fc5130f539b2a61,4,D20,0.860653,0.778883,0.273986,0.442235,0.300037,2,0.600074
India_006239_jpg.rf.54f21e51190644dd4fc5130f539b2a61,4,D20,0.892211,0.871712,0.215578,0.256576,0.205278,2,0.410556
India_006239_jpg.rf.54f21e51190644dd4fc5130f539b2a61,4,D20,0.832272,0.836888,0.335456,0.326224,0.116924,2,0.233848
India_006239_jpg.rf.54f21e51190644dd4fc5130f539b2a61,7,D44,0.414319,0.580881,0.138572,0.159651,0.10324,3,0.30972
India_006239_jpg.rf.54f21e51190644dd4fc5130f539b2a61,4,D20,0.503285,0.855716,0.954284,0.288569,0.0617381,2,0.1234762
India_006239_jpg.rf.54f21e51190644dd4fc5130f539b2a61,0,D00,0.894423,0.886331,0.182963,0.227106,0.0504968,3,0.1514904
India_006239_jpg.rf.54f21e51190644dd4fc5130f539b2a61,7,D44,0.40833,0.577454,0.174581,0.181819,0.0501252,3,0.1503756
India_006252_jpg.rf.8e3c0dfa2817b8aa0b75b5f32bc1fea2,4,D20,0.510774,0.861549,0.892007,0.276787,0.0775313,2,0.1550626
India_006256_jpg.rf.549976d53ee440d7cef1ddd2290ddf72,4,D20,0.493676,0.777057,0.933199,0.255418,0.324985,2,0.64997
India_006256_jpg.rf.549976d53ee440d7cef1ddd2290ddf72,4,D20,0.500324,0.830362,0.948514,0.284244,0.136391,2,0.272782
India_006277_jpg.rf.f9d5294cc6d37ab1c047db790c3405ef,4,D20,0.524998,0.786862,0.887451,0.228849,0.060879,2,0.121758
India_006302_jpg.rf.39a5fa4da394a09613992640ee1c45ea,7,D44,0.337287,0.765396,0.12133,0.116252,0.559985,3,1.6799549999999999
India_006312_jpg.rf.3327ac62b471add583463e5bc0c02480,7,D44,0.672019,0.8671,0.0767113,0.115233,0.0742249,3,0.2226747
India_006323_jpg.rf.3fa7234492a077b3dc37f73ae9d0aa27,4,D20,0.39584,0.807833,0.791681,0.251815,0.642508,2,1.285016
India_006323_jpg.rf.3fa7234492a077b3dc37f73ae9d0aa27,4,D20,0.188603,0.851051,0.377206,0.297897,0.383357,2,0.766714
India_006323_jpg.rf.3fa7234492a077b3dc37f73ae9d0aa27,4,D20,0.333062,0.845657,0.666123,0.301211,0.382047,2,0.764094
India_006323_jpg.rf.3fa7234492a077b3dc37f73ae9d0aa27,4,D20,0.47379,0.788464,0.691045,0.233972,0.0946925,2,0.189385
India_006363_jpg.rf.0f006c67edde646c26dba7b4be12d898,4,D20,0.501724,0.822285,0.910023,0.277012,0.971982,2,1.943964
India_006363_jpg.rf.0f006c67edde646c26dba7b4be12d898,4,D20,0.384101,0.827649,0.751412,0.344701,0.11795,2,0.2359
India_006363_jpg.rf.0f006c67edde646c26dba7b4be12d898,4,D20,0.666848,0.820077,0.542414,0.246306,0.11363,2,0.22726
India_006363_jpg.rf.0f006c67edde646c26dba7b4be12d898,4,D20,0.586879,0.809198,0.555538,0.256344,0.0933876,2,0.1867752
India_006363_jpg.rf.0f006c67edde646c26dba7b4be12d898,4,D20,0.542405,0.85857,0.913845,0.239305,0.0907287,2,0.1814574
India_006363_jpg.rf.0f006c67edde646c26dba7b4be12d898,5,D40,0.455527,0.79896,0.556231,0.283814,0.0583235,2,0.116647
India_006374_jpg.rf.e560e3210c48c9616bf1990d7d4dfbf4,4,D20,0.626697,0.782702,0.746606,0.234188,0.0564039,2,0.1128078
India_006374_jpg.rf.e560e3210c48c9616bf1990d7d4dfbf4,4,D20,0.811381,0.761058,0.376915,0.239899,0.0529198,2,0.1058396
India_006375_jpg.rf.c781d574b4665a71adbb598e48c292f0,4,D20,0.415375,0.771773,0.8125,0.259951,0.911291,2,1.822582
India_006375_jpg.rf.c781d574b4665a71adbb598e48c292f0,7,D44,0.398462,0.709785,0.0920183,0.0776719,0.164301,3,0.492903
India_006375_jpg.rf.c781d574b4665a71adbb598e48c292f0,4,D20,0.327612,0.801217,0.655224,0.320354,0.0751162,2,0.1502324
India_006375_jpg.rf.c781d574b4665a71adbb598e48c292f0,4,D20,0.187757,0.809873,0.375514,0.281732,0.0689004,2,0.1378008
India_006375_jpg.rf.c781d574b4665a71adbb598e48c292f0,4,D20,0.329524,0.782474,0.448802,0.25258,0.0557663,2,0.1115326
India_006376_jpg.rf.ead00229b7d5b950dc90de50d4b9a3ba,5,D40,0.183436,0.785285,0.270126,0.126234,0.0864238,2,0.1728476
India_006376_jpg.rf.ead00229b7d5b950dc90de50d4b9a3ba,5,D40,0.206746,0.783521,0.210426,0.107019,0.0738462,2,0.1476924
India_006376_jpg.rf.ead00229b7d5b950dc90de50d4b9a3ba,5,D40,0.170266,0.788415,0.340531,0.165432,0.0736101,2,0.1472202
India_006376_jpg.rf.ead00229b7d5b950dc90de50d4b9a3ba,5,D40,0.1696,0.771161,0.305005,0.0927315,0.0700848,2,0.1401696
India_006444_jpg.rf.561f998ad541d21168906065931f3b42,4,D20,0.537143,0.767025,0.399959,0.279394,0.116999,2,0.233998
India_006444_jpg.rf.561f998ad541d21168906065931f3b42,4,D20,0.401979,0.765944,0.679562,0.283159,0.0671566,2,0.1343132
India_006444_jpg.rf.561f998ad541d21168906065931f3b42,4,D20,0.610204,0.767704,0.241994,0.260924,0.0545668,2,0.1091336
India_006446_jpg.rf.a305f5014bb9fedad2e185cd81b165df,4,D20,0.510485,0.821977,0.690813,0.255403,0.22008,2,0.44016
India_006446_jpg.rf.a305f5014bb9fedad2e185cd81b165df,4,D20,0.568038,0.799198,0.469897,0.220246,0.14633,2,0.29266
India_006446_jpg.rf.a305f5014bb9fedad2e185cd81b165df,4,D20,0.462022,0.818234,0.600527,0.207403,0.0704964,2,0.1409928
India_006447_jpg.rf.20234312b772eab2af8f360520e3c0bc,4,D20,0.36169,0.723534,0.71277,0.284019,0.956998,2,1.913996
India_006447_jpg.rf.20234312b772eab2af8f360520e3c0bc,5,D40,0.459541,0.695094,0.528376,0.281288,0.436488,2,0.872976
India_006447_jpg.rf.20234312b772eab2af8f360520e3c0bc,4,D20,0.494366,0.711943,0.469272,0.247895,0.269396,2,0.538792
India_006447_jpg.rf.20234312b772eab2af8f360520e3c0bc,5,D40,0.425399,0.651259,0.554785,0.243884,0.253772,2,0.507544
India_006447_jpg.rf.20234312b772eab2af8f360520e3c0bc,5,D40,0.343094,0.72142,0.584794,0.336007,0.181087,2,0.362174
India_006447_jpg.rf.20234312b772eab2af8f360520e3c0bc,4,D20,0.531832,0.720212,0.717607,0.260361,0.15841,2,0.31682
India_006447_jpg.rf.20234312b772eab2af8f360520e3c0bc,4,D20,0.405994,0.760097,0.811987,0.230644,0.122857,2,0.245714
India_006447_jpg.rf.20234312b772eab2af8f360520e3c0bc,5,D40,0.325277,0.654229,0.555724,0.242131,0.10338,2,0.20676
India_006447_jpg.rf.20234312b772eab2af8f360520e3c0bc,5,D40,0.294847,0.584525,0.185311,0.0783464,0.0924158,2,0.1848316
India_006447_jpg.rf.20234312b772eab2af8f360520e3c0bc,5,D40,0.298079,0.761802,0.596158,0.38049,0.0891922,2,0.1783844
India_006447_jpg.rf.20234312b772eab2af8f360520e3c0bc,5,D40,0.275103,0.591261,0.140557,0.0555357,0.0744937,2,0.1489874
India_006447_jpg.rf.20234312b772eab2af8f360520e3c0bc,5,D40,0.318524,0.587567,0.242542,0.0692259,0.0719448,2,0.1438896
India_006447_jpg.rf.20234312b772eab2af8f360520e3c0bc,5,D40,0.350291,0.633942,0.306328,0.104785,0.0601718,2,0.1203436
India_006447_jpg.rf.20234312b772eab2af8f360520e3c0bc,5,D40,0.526705,0.559945,0.0708801,0.040358,0.0533649,2,0.1067298
India_006447_jpg.rf.20234312b772eab2af8f360520e3c0bc,5,D40,0.340277,0.629944,0.336646,0.158629,0.0507041,2,0.1014082
India_006463_jpg.rf.7b5c02e9156d5415b780a3768a6d9ba9,4,D20,0.855834,0.757054,0.274103,0.203101,0.148813,2,0.297626
India_006476_jpg.rf.1fcfb0e83ade349ed107c0051673c9c4,5,D40,0.616,0.850865,0.0929419,0.0533951,0.334092,2,0.668184
India_006476_jpg.rf.1fcfb0e83ade349ed107c0051673c9c4,5,D40,0.604975,0.846852,0.0918106,0.0503542,0.099563,2,0.199126
India_006476_jpg.rf.1fcfb0e83ade349ed107c0051673c9c4,4,D20,0.492997,0.846624,0.940319,0.294921,0.092887,2,0.185774
India_006510_jpg.rf.f340245428c5f089d7ab7a38c73302f6,4,D20,0.489478,0.85147,0.920416,0.271592,0.557252,2,1.114504
India_006510_jpg.rf.f340245428c5f089d7ab7a38c73302f6,4,D20,0.467559,0.89091,0.916304,0.215047,0.148201,2,0.296402
India_006549_jpg.rf.a268fbd3b2ed53a5ec733a59171ac4e9,5,D40,0.770812,0.797589,0.110174,0.0580967,0.170076,2,0.340152
India_006549_jpg.rf.a268fbd3b2ed53a5ec733a59171ac4e9,5,D40,0.790207,0.795216,0.150811,0.0645074,0.16449,2,0.32898
India_006567_jpg.rf.c02a116ee08eee9553553a882ff69d52,7,D44,0.637253,0.938342,0.0728369,0.122166,0.0646976,3,0.19409279999999998
India_006567_jpg.rf.c02a116ee08eee9553553a882ff69d52,4,D20,0.531361,0.882338,0.89413,0.234234,0.0560998,2,0.1121996
India_006577_jpg.rf.84697c3be59bd742a2b906e0ef622c9d,4,D20,0.497769,0.832085,0.933292,0.280496,0.344143,2,0.688286
India_006577_jpg.rf.84697c3be59bd742a2b906e0ef622c9d,4,D20,0.61953,0.827633,0.646262,0.275495,0.0630052,2,0.1260104
India_006592_jpg.rf.83148ea4f921575916096bb3f3199817,7,D44,0.449243,0.824518,0.0861715,0.151097,0.579854,3,1.7395619999999998
India_006592_jpg.rf.83148ea4f921575916096bb3f3199817,4,D20,0.478717,0.785238,0.917644,0.2415,0.391809,2,0.783618
India_006592_jpg.rf.83148ea4f921575916096bb3f3199817,4,D20,0.594903,0.794977,0.224929,0.220841,0.19361,2,0.38722
India_006592_jpg.rf.83148ea4f921575916096bb3f3199817,7,D44,0.439937,0.818342,0.119161,0.157278,0.0983373,3,0.2950119
India_006592_jpg.rf.83148ea4f921575916096bb3f3199817,4,D20,0.517135,0.791818,0.444984,0.227337,0.0955343,2,0.1910686
India_006592_jpg.rf.83148ea4f921575916096bb3f3199817,4,D20,0.665055,0.794745,0.348153,0.228027,0.0711104,2,0.1422208
India_006592_jpg.rf.83148ea4f921575916096bb3f3199817,7,D44,0.440008,0.835776,0.0708807,0.120663,0.0671427,3,0.2014281
India_006607_jpg.rf.545ec86a6bd2afaddc5e42fbddd37b3b,4,D20,0.571876,0.839377,0.831822,0.277678,0.241675,2,0.48335
India_006607_jpg.rf.545ec86a6bd2afaddc5e42fbddd37b3b,4,D20,0.256417,0.855619,0.446251,0.288762,0.207759,2,0.415518
India_006633_jpg.rf.8af561392aa614a01805b9e88a4b2d4c,4,D20,0.506785,0.833102,0.946773,0.318628,0.731562,2,1.463124
India_006633_jpg.rf.8af561392aa614a01805b9e88a4b2d4c,4,D20,0.760961,0.829851,0.478078,0.287092,0.147999,2,0.295998
India_006633_jpg.rf.8af561392aa614a01805b9e88a4b2d4c,5,D40,0.739874,0.826798,0.520251,0.318296,0.0605276,2,0.1210552
India_006633_jpg.rf.8af561392aa614a01805b9e88a4b2d4c,4,D20,0.58223,0.869146,0.831918,0.259221,0.0596508,2,0.1193016
India_006633_jpg.rf.8af561392aa614a01805b9e88a4b2d4c,4,D20,0.653548,0.807251,0.534961,0.303135,0.0548344,2,0.1096688
India_006659_jpg.rf.6c1bdb96077aa2cdea260f8d3ea5d32c,5,D40,0.626012,0.758941,0.0772763,0.0397459,0.0541127,2,0.1082254
India_006721_jpg.rf.3076660982a28f2684dda55a1a2f7882,5,D40,0.251273,0.899733,0.478316,0.195857,0.423342,2,0.846684
India_006721_jpg.rf.3076660982a28f2684dda55a1a2f7882,5,D40,0.184291,0.890294,0.366093,0.213082,0.233346,2,0.466692
India_006721_jpg.rf.3076660982a28f2684dda55a1a2f7882,5,D40,0.185069,0.902824,0.225141,0.1348,0.155526,2,0.311052
India_006721_jpg.rf.3076660982a28f2684dda55a1a2f7882,5,D40,0.220801,0.88439,0.188652,0.082977,0.0983409,2,0.1966818
India_006721_jpg.rf.3076660982a28f2684dda55a1a2f7882,5,D40,0.650266,0.757816,0.0701854,0.0380737,0.0953569,2,0.1907138
India_006721_jpg.rf.3076660982a28f2684dda55a1a2f7882,5,D40,0.423045,0.741872,0.217346,0.0666443,0.0925639,2,0.1851278
India_006721_jpg.rf.3076660982a28f2684dda55a1a2f7882,5,D40,0.201983,0.916049,0.274438,0.167902,0.0849168,2,0.1698336
India_006721_jpg.rf.3076660982a28f2684dda55a1a2f7882,5,D40,0.390142,0.74213,0.111046,0.0527233,0.0829214,2,0.1658428
India_006721_jpg.rf.3076660982a28f2684dda55a1a2f7882,4,D20,0.178144,0.893542,0.356288,0.208569,0.0717607,2,0.1435214
India_006721_jpg.rf.3076660982a28f2684dda55a1a2f7882,5,D40,0.218427,0.890764,0.367547,0.175031,0.0704169,2,0.1408338
India_006721_jpg.rf.3076660982a28f2684dda55a1a2f7882,5,D40,0.463087,0.746202,0.226449,0.0573222,0.0646603,2,0.1293206
India_006721_jpg.rf.3076660982a28f2684dda55a1a2f7882,5,D40,0.560171,0.754784,0.0698801,0.0376583,0.0591022,2,0.1182044
India_006721_jpg.rf.3076660982a28f2684dda55a1a2f7882,5,D40,0.150907,0.908115,0.301814,0.183459,0.0547156,2,0.1094312
India_006721_jpg.rf.3076660982a28f2684dda55a1a2f7882,4,D20,0.241675,0.907851,0.472824,0.181768,0.0502957,2,0.1005914
India_006729_jpg.rf.2c57e6ce477cd67527fe1f00050b8086,7,D44,0.8625,0.770051,0.142903,0.145918,0.138221,3,0.414663
India_006729_jpg.rf.2c57e6ce477cd67527fe1f00050b8086,7,D44,0.846644,0.750199,0.111015,0.0945965,0.095153,3,0.285459
India_006729_jpg.rf.2c57e6ce477cd67527fe1f00050b8086,7,D44,0.875627,0.783264,0.188374,0.188955,0.0786725,3,0.23601750000000002
India_006729_jpg.rf.2c57e6ce477cd67527fe1f00050b8086,4,D20,0.88644,0.822905,0.224656,0.286534,0.0703034,2,0.1406068
India_006745_jpg.rf.c55b03d57ecd10a2ad14c12332034f04,7,D44,0.769978,0.798748,0.0721463,0.0815971,0.109376,3,0.328128
India_006745_jpg.rf.c55b03d57ecd10a2ad14c12332034f04,4,D20,0.600083,0.736493,0.75204,0.256024,0.0578512,2,0.1157024
India_006759_jpg.rf.6d64abe0a2dede73168046edc7a523f7,4,D20,0.53059,0.812151,0.825083,0.282753,0.981847,2,1.963694
India_006759_jpg.rf.6d64abe0a2dede73168046edc7a523f7,4,D20,0.702304,0.786637,0.418245,0.271942,0.707735,2,1.41547
India_006759_jpg.rf.6d64abe0a2dede73168046edc7a523f7,4,D20,0.760991,0.791309,0.287846,0.269358,0.541054,2,1.082108
India_006759_jpg.rf.6d64abe0a2dede73168046edc7a523f7,4,D20,0.695807,0.813882,0.608385,0.28691,0.371529,2,0.743058
India_006759_jpg.rf.6d64abe0a2dede73168046edc7a523f7,4,D20,0.631337,0.788703,0.540499,0.250485,0.320779,2,0.641558
India_006759_jpg.rf.6d64abe0a2dede73168046edc7a523f7,4,D20,0.403071,0.831921,0.774218,0.298595,0.196021,2,0.392042
India_006759_jpg.rf.6d64abe0a2dede73168046edc7a523f7,4,D20,0.495836,0.859933,0.93618,0.245439,0.102209,2,0.204418
India_006759_jpg.rf.6d64abe0a2dede73168046edc7a523f7,7,D44,0.782734,0.780875,0.169504,0.179595,0.0689366,3,0.2068098
India_006759_jpg.rf.6d64abe0a2dede73168046edc7a523f7,4,D20,0.807878,0.811729,0.316433,0.253648,0.055988,2,0.111976
India_006759_jpg.rf.6d64abe0a2dede73168046edc7a523f7,4,D20,0.552875,0.811567,0.611696,0.226532,0.055312,2,0.110624
India_006791_jpg.rf.d1a72db3297513d59ec82dd05ced3616,4,D20,0.304335,0.860791,0.605446,0.278418,0.973657,2,1.947314
India_006791_jpg.rf.d1a72db3297513d59ec82dd05ced3616,4,D20,0.400915,0.852544,0.741777,0.29161,0.721855,2,1.44371
India_006791_jpg.rf.d1a72db3297513d59ec82dd05ced3616,4,D20,0.42486,0.853588,0.437726,0.292823,0.601621,2,1.203242
India_006791_jpg.rf.d1a72db3297513d59ec82dd05ced3616,4,D20,0.290967,0.896202,0.581935,0.207596,0.381856,2,0.763712
India_006791_jpg.rf.d1a72db3297513d59ec82dd05ced3616,4,D20,0.371696,0.876211,0.588067,0.247579,0.337652,2,0.675304
India_006791_jpg.rf.d1a72db3297513d59ec82dd05ced3616,4,D20,0.336766,0.914174,0.673533,0.171652,0.117367,2,0.234734
India_006791_jpg.rf.d1a72db3297513d59ec82dd05ced3616,4,D20,0.206225,0.886401,0.41245,0.227198,0.0894457,2,0.1788914
India_006799_jpg.rf.ddb9f31d2e03b0fa887952cdc242bfc1,5,D40,0.632052,0.559124,0.0663143,0.0367928,0.0711466,2,0.1422932
India_006818_jpg.rf.42cfacd036b66f3c82c04c60230e6189,0,D00,0.620573,0.86532,0.0882925,0.159813,0.169599,3,0.5087969999999999
India_006818_jpg.rf.42cfacd036b66f3c82c04c60230e6189,7,D44,0.620281,0.863571,0.0735481,0.141868,0.0812911,3,0.24387330000000002
India_006824_jpg.rf.7b56d48f3a3ef8118e99fce24dfc486b,7,D44,0.567143,0.865607,0.0759796,0.16361,0.281241,3,0.843723
India_006824_jpg.rf.7b56d48f3a3ef8118e99fce24dfc486b,7,D44,0.568541,0.851661,0.0888965,0.207867,0.0573322,3,0.1719966
India_006826_jpg.rf.86f35a8918124845b2e9a625e816c0be,5,D40,0.305297,0.940079,0.0617646,0.0404872,0.0782914,2,0.1565828
India_006831_jpg.rf.3b3a223438263b3f210f28dc333eff29,4,D20,0.392079,0.729912,0.756238,0.268794,0.290283,2,0.580566
India_006831_jpg.rf.3b3a223438263b3f210f28dc333eff29,7,D44,0.25288,0.766936,0.17405,0.170565,0.110409,3,0.331227
India_006893_jpg.rf.5f196d31e6f8f3f36d5314f781a528c1,4,D20,0.29673,0.752538,0.583553,0.312659,0.916445,2,1.83289
India_006893_jpg.rf.5f196d31e6f8f3f36d5314f781a528c1,4,D20,0.336551,0.777127,0.449123,0.338889,0.742082,2,1.484164
India_006893_jpg.rf.5f196d31e6f8f3f36d5314f781a528c1,4,D20,0.231866,0.828453,0.463732,0.343094,0.688629,2,1.377258
India_006893_jpg.rf.5f196d31e6f8f3f36d5314f781a528c1,4,D20,0.368959,0.760175,0.3647,0.290357,0.634054,2,1.268108
India_006893_jpg.rf.5f196d31e6f8f3f36d5314f781a528c1,4,D20,0.327986,0.80751,0.55203,0.38498,0.60384,2,1.20768
India_006893_jpg.rf.5f196d31e6f8f3f36d5314f781a528c1,4,D20,0.476728,0.732119,0.885635,0.276868,0.586939,2,1.173878
India_006893_jpg.rf.5f196d31e6f8f3f36d5314f781a528c1,4,D20,0.181432,0.849637,0.362865,0.300726,0.528586,2,1.057172
India_006893_jpg.rf.5f196d31e6f8f3f36d5314f781a528c1,5,D40,0.316038,0.739801,0.519862,0.325127,0.19309,2,0.38618
India_006893_jpg.rf.5f196d31e6f8f3f36d5314f781a528c1,0,D00,0.447504,0.717477,0.175109,0.235924,0.126683,3,0.38004899999999997
India_006893_jpg.rf.5f196d31e6f8f3f36d5314f781a528c1,0,D00,0.441465,0.740663,0.14266,0.203076,0.0909872,3,0.2729616
India_006893_jpg.rf.5f196d31e6f8f3f36d5314f781a528c1,0,D00,0.419523,0.744434,0.185794,0.223243,0.0726947,3,0.2180841
India_006893_jpg.rf.5f196d31e6f8f3f36d5314f781a528c1,4,D20,0.409283,0.744932,0.279287,0.250428,0.0634614,2,0.1269228
India_006893_jpg.rf.5f196d31e6f8f3f36d5314f781a528c1,4,D20,0.402752,0.729706,0.366441,0.286415,0.0600162,2,0.1200324
India_006925_jpg.rf.8cbf341842d64c5d9d900b7e5ac80911,4,D20,0.587034,0.781601,0.807755,0.32876,0.194636,2,0.389272
India_006954_jpg.rf.a2840df271a6ec23c584173f1172a644,0,D00,0.570623,0.920693,0.071442,0.156156,0.220098,3,0.6602939999999999
India_006954_jpg.rf.a2840df271a6ec23c584173f1172a644,7,D44,0.572443,0.92168,0.0747576,0.153111,0.202173,3,0.606519
India_006954_jpg.rf.a2840df271a6ec23c584173f1172a644,0,D00,0.562211,0.932304,0.0712383,0.135388,0.111523,3,0.334569
India_006970_jpg.rf.f302a727240987b01ff628a4a29d1cf3,5,D40,0.625575,0.705398,0.103084,0.0510856,0.0649831,2,0.1299662
India_006970_jpg.rf.f302a727240987b01ff628a4a29d1cf3,5,D40,0.659776,0.790843,0.0623344,0.0400686,0.0533309,2,0.1066618
India_006974_jpg.rf.1dbf296b9801c0c5c49d70d008ebb162,5,D40,0.847615,0.75867,0.0910634,0.0558924,0.14189,2,0.28378
India_006974_jpg.rf.1dbf296b9801c0c5c49d70d008ebb162,4,D20,0.835663,0.800035,0.328673,0.288268,0.130318,2,0.260636
India_006974_jpg.rf.1dbf296b9801c0c5c49d70d008ebb162,5,D40,0.814804,0.761415,0.18818,0.128141,0.0738628,2,0.1477256
India_006977_jpg.rf.1e88582187db3b5f2d0c29462dd2f678,4,D20,0.560358,0.831112,0.8548,0.276038,0.775046,2,1.550092
India_006977_jpg.rf.1e88582187db3b5f2d0c29462dd2f678,5,D40,0.356768,0.766621,0.146905,0.0854286,0.6239,2,1.2478
India_006977_jpg.rf.1e88582187db3b5f2d0c29462dd2f678,5,D40,0.33037,0.76354,0.193535,0.0927195,0.543104,2,1.086208
India_006977_jpg.rf.1e88582187db3b5f2d0c29462dd2f678,5,D40,0.313777,0.777602,0.274057,0.147175,0.441482,2,0.882964
India_006977_jpg.rf.1e88582187db3b5f2d0c29462dd2f678,5,D40,0.362955,0.760625,0.17273,0.113957,0.395014,2,0.790028
India_006977_jpg.rf.1e88582187db3b5f2d0c29462dd2f678,5,D40,0.613002,0.679817,0.0979908,0.0398582,0.330951,2,0.661902
India_006977_jpg.rf.1e88582187db3b5f2d0c29462dd2f678,5,D40,0.606391,0.681164,0.115089,0.0486149,0.180321,2,0.360642
India_006977_jpg.rf.1e88582187db3b5f2d0c29462dd2f678,4,D20,0.397669,0.838092,0.772335,0.295724,0.171231,2,0.342462
India_006977_jpg.rf.1e88582187db3b5f2d0c29462dd2f678,5,D40,0.251136,0.852271,0.467532,0.295458,0.162183,2,0.324366
India_006977_jpg.rf.1e88582187db3b5f2d0c29462dd2f678,5,D40,0.776233,0.716478,0.144257,0.0626843,0.161738,2,0.323476
India_006977_jpg.rf.1e88582187db3b5f2d0c29462dd2f678,4,D20,0.678964,0.80498,0.441927,0.260175,0.155534,2,0.311068
India_006977_jpg.rf.1e88582187db3b5f2d0c29462dd2f678,4,D20,0.688162,0.839648,0.623676,0.288231,0.135351,2,0.270702
India_006977_jpg.rf.1e88582187db3b5f2d0c29462dd2f678,4,D20,0.8719,0.852596,0.2562,0.270867,0.120656,2,0.241312
India_006977_jpg.rf.1e88582187db3b5f2d0c29462dd2f678,5,D40,0.238941,0.813398,0.102992,0.0634838,0.115132,2,0.230264
India_006977_jpg.rf.1e88582187db3b5f2d0c29462dd2f678,4,D20,0.791801,0.848046,0.415907,0.291784,0.109648,2,0.219296
India_006977_jpg.rf.1e88582187db3b5f2d0c29462dd2f678,5,D40,0.23803,0.814006,0.085598,0.046053,0.108563,2,0.217126
India_006977_jpg.rf.1e88582187db3b5f2d0c29462dd2f678,5,D40,0.320913,0.784605,0.20655,0.109717,0.102321,2,0.204642
India_006977_jpg.rf.1e88582187db3b5f2d0c29462dd2f678,5,D40,0.255964,0.792636,0.292294,0.114436,0.0944161,2,0.1888322
India_006977_jpg.rf.1e88582187db3b5f2d0c29462dd2f678,5,D40,0.727719,0.815901,0.544396,0.284066,0.0884447,2,0.1768894
India_006977_jpg.rf.1e88582187db3b5f2d0c29462dd2f678,4,D20,0.506771,0.868243,0.958621,0.262792,0.08196,2,0.16392
India_006977_jpg.rf.1e88582187db3b5f2d0c29462dd2f678,5,D40,0.352108,0.78245,0.144906,0.0957287,0.0800535,2,0.160107
India_006977_jpg.rf.1e88582187db3b5f2d0c29462dd2f678,5,D40,0.610742,0.69045,0.130551,0.0582646,0.0636267,2,0.1272534
India_006977_jpg.rf.1e88582187db3b5f2d0c29462dd2f678,5,D40,0.590608,0.705052,0.153669,0.0977793,0.0525855,2,0.105171
India_006977_jpg.rf.1e88582187db3b5f2d0c29462dd2f678,5,D40,0.191251,0.811737,0.189203,0.0742479,0.0514056,2,0.1028112
India_006993_jpg.rf.6719ceef9e1aab19d2c3a77802692a82,4,D20,0.206218,0.842559,0.395252,0.314882,0.330596,2,0.661192
India_006993_jpg.rf.6719ceef9e1aab19d2c3a77802692a82,4,D20,0.463052,0.845271,0.926103,0.309457,0.0755737,2,0.1511474
India_006993_jpg.rf.6719ceef9e1aab19d2c3a77802692a82,5,D40,0.219343,0.835343,0.43461,0.329313,0.0668733,2,0.1337466
India_007016_jpg.rf.a631bfd0c3db2be0e26d277511da44d1,5,D40,0.341526,0.726071,0.104633,0.0452544,0.126144,2,0.252288
India_007023_jpg.rf.eaa7f38f2ee2796ad984c5120a5fcca9,4,D20,0.807204,0.870009,0.37763,0.245553,0.126137,2,0.252274
India_007033_jpg.rf.e23d937d5a9102e644e632cbbb217acb,4,D20,0.610165,0.882571,0.627288,0.228171,0.197019,2,0.394038
India_007033_jpg.rf.e23d937d5a9102e644e632cbbb217acb,4,D20,0.466152,0.879026,0.866672,0.232035,0.175789,2,0.351578
India_007037_jpg.rf.f50dc263b284833c76a610995ee2e1ee,4,D20,0.436533,0.788489,0.853062,0.253,0.549343,2,1.098686
India_007037_jpg.rf.f50dc263b284833c76a610995ee2e1ee,7,D44,0.417133,0.729508,0.0571226,0.0798924,0.137088,3,0.41126399999999996
India_007055_jpg.rf.640c7526a5516960ce5f29f8f20259af,5,D40,0.444207,0.770503,0.135697,0.132677,0.0521383,2,0.1042766
India_007062_jpg.rf.2891ebc314e094eee7fb81ec3d78dd65,4,D20,0.463847,0.736298,0.860341,0.262874,0.475624,2,0.951248
India_007062_jpg.rf.2891ebc314e094eee7fb81ec3d78dd65,4,D20,0.445674,0.779167,0.886023,0.253496,0.127807,2,0.255614
India_007062_jpg.rf.2891ebc314e094eee7fb81ec3d78dd65,4,D20,0.593337,0.744742,0.650284,0.239676,0.0535393,2,0.1070786
India_007072_jpg.rf.8faf2874256d8567db74b5a7f3421ce7,4,D20,0.732779,0.818816,0.352041,0.246279,0.0872701,2,0.1745402
India_007072_jpg.rf.8faf2874256d8567db74b5a7f3421ce7,5,D40,0.468966,0.651694,0.110489,0.0675961,0.0526732,2,0.1053464
India_007082_jpg.rf.611e0f8836302e6eaccb0ab104a990aa,4,D20,0.4406,0.856715,0.867405,0.284064,0.286327,2,0.572654
India_007082_jpg.rf.611e0f8836302e6eaccb0ab104a990aa,4,D20,0.38581,0.891141,0.765291,0.216348,0.10024,2,0.20048
India_007082_jpg.rf.611e0f8836302e6eaccb0ab104a990aa,4,D20,0.283696,0.863509,0.567392,0.264615,0.0889915,2,0.177983
India_007082_jpg.rf.611e0f8836302e6eaccb0ab104a990aa,4,D20,0.43399,0.784604,0.867979,0.241849,0.074055,2,0.14811
India_007082_jpg.rf.611e0f8836302e6eaccb0ab104a990aa,5,D40,0.343673,0.903467,0.531706,0.193066,0.0512393,2,0.1024786
India_007101_jpg.rf.3caa0e63d3ce40998922de57771fbb2f,4,D20,0.435359,0.740529,0.862508,0.302174,0.848397,2,1.696794
India_007101_jpg.rf.3caa0e63d3ce40998922de57771fbb2f,4,D20,0.377865,0.783608,0.736835,0.287342,0.155579,2,0.311158
India_007101_jpg.rf.3caa0e63d3ce40998922de57771fbb2f,4,D20,0.547515,0.770241,0.505372,0.18387,0.134848,2,0.269696
India_007101_jpg.rf.3caa0e63d3ce40998922de57771fbb2f,5,D40,0.237749,0.639254,0.468343,0.190206,0.131774,2,0.263548
India_007101_jpg.rf.3caa0e63d3ce40998922de57771fbb2f,5,D40,0.542863,0.763553,0.463461,0.19606,0.130822,2,0.261644
India_007101_jpg.rf.3caa0e63d3ce40998922de57771fbb2f,5,D40,0.466787,0.733827,0.553225,0.252152,0.108122,2,0.216244
India_007101_jpg.rf.3caa0e63d3ce40998922de57771fbb2f,5,D40,0.25194,0.682773,0.486543,0.275455,0.101863,2,0.203726
India_007101_jpg.rf.3caa0e63d3ce40998922de57771fbb2f,4,D20,0.491958,0.770872,0.820567,0.239666,0.0997592,2,0.1995184
India_007101_jpg.rf.3caa0e63d3ce40998922de57771fbb2f,5,D40,0.32442,0.67421,0.592514,0.246396,0.096792,2,0.193584
India_007101_jpg.rf.3caa0e63d3ce40998922de57771fbb2f,4,D20,0.322927,0.746168,0.645855,0.378697,0.0825073,2,0.1650146
India_007101_jpg.rf.3caa0e63d3ce40998922de57771fbb2f,5,D40,0.383603,0.747217,0.593473,0.319018,0.0763291,2,0.1526582
India_007101_jpg.rf.3caa0e63d3ce40998922de57771fbb2f,5,D40,0.399746,0.699628,0.553044,0.282445,0.0744255,2,0.148851
India_007101_jpg.rf.3caa0e63d3ce40998922de57771fbb2f,5,D40,0.54688,0.749668,0.0997089,0.0443049,0.0609791,2,0.1219582
India_007101_jpg.rf.3caa0e63d3ce40998922de57771fbb2f,5,D40,0.291069,0.758125,0.582139,0.37857,0.0529722,2,0.1059444
India_007102_jpg.rf.4921d3c89aed2d0b4f11b6ab342eaf5b,4,D20,0.553386,0.693252,0.680658,0.242877,0.0654132,2,0.1308264
India_007113_jpg.rf.49109485cb47da1003297ce6f8f8951a,5,D40,0.522857,0.690965,0.0964474,0.0504538,0.165126,2,0.330252
India_007137_jpg.rf.9c6148241bd7d0863b486e917d2db32d,7,D44,0.531542,0.750637,0.0417217,0.124213,0.129183,3,0.387549
India_007141_jpg.rf.65ab2a9e8b8caa0886bdb64390acdc26,4,D20,0.580392,0.826888,0.797796,0.263058,0.946303,2,1.892606
India_007141_jpg.rf.65ab2a9e8b8caa0886bdb64390acdc26,4,D20,0.761574,0.81087,0.476853,0.279698,0.71707,2,1.43414
India_007141_jpg.rf.65ab2a9e8b8caa0886bdb64390acdc26,4,D20,0.696712,0.82867,0.606576,0.278948,0.689013,2,1.378026
India_007141_jpg.rf.65ab2a9e8b8caa0886bdb64390acdc26,4,D20,0.670497,0.790834,0.325735,0.272424,0.470101,2,0.940202
India_007141_jpg.rf.65ab2a9e8b8caa0886bdb64390acdc26,4,D20,0.630283,0.793692,0.545553,0.2635,0.395712,2,0.791424
India_007141_jpg.rf.65ab2a9e8b8caa0886bdb64390acdc26,4,D20,0.8345,0.843074,0.331001,0.26709,0.320807,2,0.641614
India_007141_jpg.rf.65ab2a9e8b8caa0886bdb64390acdc26,4,D20,0.540974,0.783437,0.551166,0.261978,0.179191,2,0.358382
India_007141_jpg.rf.65ab2a9e8b8caa0886bdb64390acdc26,4,D20,0.388954,0.825098,0.756348,0.282226,0.142989,2,0.285978
India_007141_jpg.rf.65ab2a9e8b8caa0886bdb64390acdc26,4,D20,0.527848,0.822127,0.605949,0.222626,0.133677,2,0.267354
India_007141_jpg.rf.65ab2a9e8b8caa0886bdb64390acdc26,0,D00,0.612048,0.786437,0.149003,0.260641,0.105409,3,0.31622700000000004
India_007141_jpg.rf.65ab2a9e8b8caa0886bdb64390acdc26,4,D20,0.66185,0.869375,0.6763,0.243117,0.0760683,2,0.1521366
India_007141_jpg.rf.65ab2a9e8b8caa0886bdb64390acdc26,0,D00,0.629504,0.807623,0.152646,0.227893,0.0758854,3,0.22765620000000003
India_007141_jpg.rf.65ab2a9e8b8caa0886bdb64390acdc26,4,D20,0.448179,0.798864,0.539275,0.238342,0.0671631,2,0.1343262
India_007141_jpg.rf.65ab2a9e8b8caa0886bdb64390acdc26,4,D20,0.781185,0.857897,0.43763,0.256217,0.0650791,2,0.1301582
India_007141_jpg.rf.65ab2a9e8b8caa0886bdb64390acdc26,4,D20,0.507654,0.85812,0.952108,0.2266,0.0607911,2,0.1215822
India_007141_jpg.rf.65ab2a9e8b8caa0886bdb64390acdc26,0,D00,0.628284,0.825001,0.11267,0.178866,0.0602423,3,0.1807269
India_007211_jpg.rf.27d04b3ed00263afbada0eaef48a6231,5,D40,0.568751,0.789306,0.0838032,0.0446678,0.251508,2,0.503016
India_007211_jpg.rf.27d04b3ed00263afbada0eaef48a6231,5,D40,0.570892,0.783452,0.0923935,0.0633081,0.116934,2,0.233868
India_007211_jpg.rf.27d04b3ed00263afbada0eaef48a6231,5,D40,0.519496,0.733164,0.130544,0.0462442,0.0679323,2,0.1358646
India_007211_jpg.rf.27d04b3ed00263afbada0eaef48a6231,5,D40,0.543456,0.770774,0.12557,0.0965608,0.0647866,2,0.1295732
India_007229_jpg.rf.f95bc876b61f3455ccd99259fb62d1e1,7,D44,0.307866,0.926698,0.159764,0.146605,0.702749,3,2.108247
India_007229_jpg.rf.f95bc876b61f3455ccd99259fb62d1e1,7,D44,0.291277,0.942288,0.151423,0.115141,0.153471,3,0.46041299999999996
India_007245_jpg.rf.e403f7f94a240002d9693e95e831e3d7,5,D40,0.199988,0.864022,0.156506,0.0844315,0.0517955,2,0.103591
India_007309_jpg.rf.1d1eae63b34f25909a085bb6d578175b,7,D44,0.148922,0.730058,0.150466,0.150974,0.155642,3,0.466926
India_007309_jpg.rf.1d1eae63b34f25909a085bb6d578175b,7,D44,0.134225,0.74758,0.182909,0.171898,0.102868,3,0.308604
India_007322_jpg.rf.e0daedb76dc4fbb3781eeb6b00d822fa,4,D20,0.629897,0.825339,0.724515,0.281556,0.469547,2,0.939094
India_007322_jpg.rf.e0daedb76dc4fbb3781eeb6b00d822fa,4,D20,0.815016,0.813184,0.365526,0.258793,0.421642,2,0.843284
India_007322_jpg.rf.e0daedb76dc4fbb3781eeb6b00d822fa,4,D20,0.709896,0.819615,0.580207,0.242078,0.146484,2,0.292968
India_007322_jpg.rf.e0daedb76dc4fbb3781eeb6b00d822fa,4,D20,0.736211,0.798619,0.46582,0.265177,0.132814,2,0.265628
India_007322_jpg.rf.e0daedb76dc4fbb3781eeb6b00d822fa,4,D20,0.521317,0.803155,0.910546,0.247268,0.061867,2,0.123734
India_007517_jpg.rf.93e1bc83ebc6ed58cede1c7cc2da3a69,4,D20,0.497546,0.71534,0.913679,0.263847,0.948609,2,1.897218
India_007517_jpg.rf.93e1bc83ebc6ed58cede1c7cc2da3a69,4,D20,0.392567,0.754977,0.764205,0.32787,0.628319,2,1.256638
India_007517_jpg.rf.93e1bc83ebc6ed58cede1c7cc2da3a69,4,D20,0.586272,0.691386,0.695716,0.239603,0.47403,2,0.94806
India_007517_jpg.rf.93e1bc83ebc6ed58cede1c7cc2da3a69,5,D40,0.625103,0.681872,0.528553,0.240457,0.17534,2,0.35068
India_007517_jpg.rf.93e1bc83ebc6ed58cede1c7cc2da3a69,4,D20,0.221609,0.827094,0.443219,0.338634,0.163759,2,0.327518
India_007517_jpg.rf.93e1bc83ebc6ed58cede1c7cc2da3a69,4,D20,0.662388,0.698101,0.529776,0.203317,0.156608,2,0.313216
India_007517_jpg.rf.93e1bc83ebc6ed58cede1c7cc2da3a69,4,D20,0.293272,0.802903,0.586544,0.380588,0.125375,2,0.25075
India_007517_jpg.rf.93e1bc83ebc6ed58cede1c7cc2da3a69,5,D40,0.53635,0.676874,0.568337,0.243456,0.11503,2,0.23006
India_007517_jpg.rf.93e1bc83ebc6ed58cede1c7cc2da3a69,4,D20,0.403327,0.759697,0.590034,0.296485,0.0868324,2,0.1736648
India_007517_jpg.rf.93e1bc83ebc6ed58cede1c7cc2da3a69,4,D20,0.334253,0.793655,0.579474,0.291595,0.0707681,2,0.1415362
India_007517_jpg.rf.93e1bc83ebc6ed58cede1c7cc2da3a69,4,D20,0.441685,0.703828,0.609289,0.237632,0.0665088,2,0.1330176
India_007517_jpg.rf.93e1bc83ebc6ed58cede1c7cc2da3a69,4,D20,0.495494,0.764305,0.934996,0.251595,0.0639898,2,0.1279796
India_007517_jpg.rf.93e1bc83ebc6ed58cede1c7cc2da3a69,4,D20,0.519398,0.715699,0.636048,0.201498,0.0503751,2,0.1007502
India_007543_jpg.rf.d39d948529db6d7bf3f5c95a9101223a,4,D20,0.512323,0.806219,0.947588,0.249697,0.764133,2,1.528266
India_007543_jpg.rf.d39d948529db6d7bf3f5c95a9101223a,4,D20,0.594864,0.781979,0.801341,0.241717,0.648268,2,1.296536
India_007543_jpg.rf.d39d948529db6d7bf3f5c95a9101223a,4,D20,0.758611,0.771412,0.482778,0.256339,0.244101,2,0.488202
India_007543_jpg.rf.d39d948529db6d7bf3f5c95a9101223a,4,D20,0.693277,0.792942,0.613447,0.245387,0.242613,2,0.485226
India_007543_jpg.rf.d39d948529db6d7bf3f5c95a9101223a,4,D20,0.401523,0.830754,0.773117,0.29325,0.191256,2,0.382512
India_007543_jpg.rf.d39d948529db6d7bf3f5c95a9101223a,4,D20,0.631772,0.766249,0.579873,0.257917,0.168952,2,0.337904
India_007543_jpg.rf.d39d948529db6d7bf3f5c95a9101223a,5,D40,0.526997,0.77546,0.561327,0.241353,0.107592,2,0.215184
India_007543_jpg.rf.d39d948529db6d7bf3f5c95a9101223a,4,D20,0.853826,0.785872,0.292347,0.236209,0.0823002,2,0.1646004
India_007543_jpg.rf.d39d948529db6d7bf3f5c95a9101223a,5,D40,0.725736,0.75419,0.521019,0.289007,0.0749878,2,0.1499756
India_007543_jpg.rf.d39d948529db6d7bf3f5c95a9101223a,4,D20,0.530003,0.793838,0.611747,0.210242,0.0644864,2,0.1289728
India_007543_jpg.rf.d39d948529db6d7bf3f5c95a9101223a,5,D40,0.631946,0.753456,0.548172,0.28326,0.0605412,2,0.1210824
India_007598_jpg.rf.e649ae893806a079a25cb7c879674461,7,D44,0.375605,0.80052,0.147765,0.14453,0.722174,3,2.166522
India_007598_jpg.rf.e649ae893806a079a25cb7c879674461,7,D44,0.389455,0.798539,0.0938568,0.13083,0.12117,3,0.36351
India_007598_jpg.rf.e649ae893806a079a25cb7c879674461,4,D20,0.457659,0.798979,0.723877,0.236527,0.0779841,2,0.1559682
India_007598_jpg.rf.e649ae893806a079a25cb7c879674461,0,D00,0.375758,0.796145,0.154213,0.183069,0.0615563,3,0.1846689
India_007602_jpg.rf.f93af818c665493bb3db23a7fe9c3e66,0,D00,0.506335,0.768159,0.0510416,0.148125,0.12239,3,0.36717
India_007621_jpg.rf.393e9dfb04943a45d2fc5eb4ae852967,4,D20,0.43826,0.838886,0.736554,0.29553,0.165252,2,0.330504
India_007621_jpg.rf.393e9dfb04943a45d2fc5eb4ae852967,7,D44,0.364079,0.85351,0.167868,0.234536,0.162893,3,0.48867900000000003
India_007621_jpg.rf.393e9dfb04943a45d2fc5eb4ae852967,7,D44,0.383853,0.822422,0.160316,0.20833,0.0996566,3,0.2989698
India_007621_jpg.rf.393e9dfb04943a45d2fc5eb4ae852967,7,D44,0.368873,0.838795,0.214946,0.250843,0.0979909,3,0.29397270000000003
India_007621_jpg.rf.393e9dfb04943a45d2fc5eb4ae852967,7,D44,0.351954,0.880764,0.152169,0.193491,0.0874906,3,0.26247180000000003
India_007644_jpg.rf.7ed0779c56b71501c666e9af3b611d56,4,D20,0.443238,0.738,0.874518,0.297926,0.473232,2,0.946464
India_007644_jpg.rf.7ed0779c56b71501c666e9af3b611d56,4,D20,0.483668,0.696495,0.824574,0.237405,0.0755388,2,0.1510776
India_007644_jpg.rf.7ed0779c56b71501c666e9af3b611d56,5,D40,0.111515,0.661802,0.220198,0.153688,0.057581,2,0.115162
India_007644_jpg.rf.7ed0779c56b71501c666e9af3b611d56,4,D20,0.217005,0.822597,0.434011,0.349842,0.057171,2,0.114342
India_007666_jpg.rf.8e5985a007e7f382ff5a42e486c94b1c,4,D20,0.508816,0.837811,0.935373,0.279087,0.322873,2,0.645746
India_007691_jpg.rf.b4089eba805e3f39ba110eeb539162d4,7,D44,0.778911,0.731014,0.152309,0.152683,0.133556,3,0.400668
India_007691_jpg.rf.b4089eba805e3f39ba110eeb539162d4,4,D20,0.839242,0.765951,0.319384,0.312642,0.0929886,2,0.1859772
India_007691_jpg.rf.b4089eba805e3f39ba110eeb539162d4,7,D44,0.788504,0.751473,0.181701,0.181767,0.0773097,3,0.2319291
India_007692_jpg.rf.6e2a298832c20959370358fb872a1e88,4,D20,0.57403,0.894148,0.784415,0.210853,0.130023,2,0.260046
India_007706_jpg.rf.5cd6bbe1bd89fbedaf9fc9d25f5c1ad5,4,D20,0.389194,0.748715,0.746978,0.269262,0.412173,2,0.824346
India_007706_jpg.rf.5cd6bbe1bd89fbedaf9fc9d25f5c1ad5,4,D20,0.386121,0.818462,0.760905,0.351383,0.251995,2,0.50399
India_007742_jpg.rf.f0db12d02ab2b83eeb6d185ea5e5a898,4,D20,0.423152,0.856113,0.838426,0.287774,0.716333,2,1.432666
India_007742_jpg.rf.f0db12d02ab2b83eeb6d185ea5e5a898,4,D20,0.302986,0.858202,0.605973,0.280851,0.0779301,2,0.1558602
India_007755_jpg.rf.b567ff0371b151563167584a41a4589e,4,D20,0.84215,0.872895,0.314797,0.222076,0.220064,2,0.440128
India_007755_jpg.rf.b567ff0371b151563167584a41a4589e,4,D20,0.751466,0.872775,0.497068,0.237869,0.105512,2,0.211024
India_007755_jpg.rf.b567ff0371b151563167584a41a4589e,4,D20,0.599403,0.869809,0.801194,0.242795,0.099303,2,0.198606
India_007755_jpg.rf.b567ff0371b151563167584a41a4589e,7,D44,0.77902,0.895927,0.114568,0.15698,0.0967718,3,0.2903154
India_007755_jpg.rf.b567ff0371b151563167584a41a4589e,0,D00,0.764932,0.894487,0.0790975,0.134345,0.055966,3,0.167898
India_007755_jpg.rf.b567ff0371b151563167584a41a4589e,0,D00,0.784959,0.903772,0.117182,0.146419,0.0524886,3,0.15746580000000002
India_007765_jpg.rf.457fa16b7c46d59ef0b6033fc1826cde,7,D44,0.638669,0.795973,0.0719718,0.122412,0.187533,3,0.5625990000000001
India_007765_jpg.rf.457fa16b7c46d59ef0b6033fc1826cde,7,D44,0.634825,0.763043,0.087805,0.185546,0.07832,3,0.23496
India_007765_jpg.rf.457fa16b7c46d59ef0b6033fc1826cde,7,D44,0.647738,0.808029,0.0626858,0.105217,0.0628696,3,0.1886088
India_007789_jpg.rf.ca445209cd32a271a5588766d261a86e,4,D20,0.377628,0.836906,0.747369,0.306532,0.666147,2,1.332294
India_007789_jpg.rf.ca445209cd32a271a5588766d261a86e,5,D40,0.325312,0.867361,0.561019,0.204567,0.368823,2,0.737646
India_007789_jpg.rf.ca445209cd32a271a5588766d261a86e,4,D20,0.29787,0.888345,0.595739,0.219379,0.26057,2,0.52114
India_007789_jpg.rf.ca445209cd32a271a5588766d261a86e,4,D20,0.3949,0.859518,0.531257,0.192241,0.211011,2,0.422022
India_007789_jpg.rf.ca445209cd32a271a5588766d261a86e,5,D40,0.602629,0.687321,0.0796631,0.0410519,0.156193,2,0.312386
India_007789_jpg.rf.ca445209cd32a271a5588766d261a86e,4,D20,0.223119,0.860149,0.441929,0.279701,0.150965,2,0.30193
India_007789_jpg.rf.ca445209cd32a271a5588766d261a86e,5,D40,0.414839,0.823164,0.545968,0.250958,0.134723,2,0.269446
India_007789_jpg.rf.ca445209cd32a271a5588766d261a86e,5,D40,0.285744,0.849192,0.571488,0.282731,0.0865156,2,0.1730312
India_007789_jpg.rf.ca445209cd32a271a5588766d261a86e,5,D40,0.567997,0.875735,0.122698,0.0752594,0.0831526,2,0.1663052
India_007789_jpg.rf.ca445209cd32a271a5588766d261a86e,5,D40,0.552732,0.866026,0.152175,0.0983658,0.0720391,2,0.1440782
India_007789_jpg.rf.ca445209cd32a271a5588766d261a86e,5,D40,0.59438,0.694814,0.102198,0.0710468,0.0669762,2,0.1339524
India_007789_jpg.rf.ca445209cd32a271a5588766d261a86e,5,D40,0.598292,0.683011,0.0977808,0.0614508,0.0644456,2,0.1288912
India_007789_jpg.rf.ca445209cd32a271a5588766d261a86e,4,D20,0.483804,0.868375,0.948067,0.262241,0.0516194,2,0.1032388
India_007789_jpg.rf.ca445209cd32a271a5588766d261a86e,5,D40,0.63672,0.772109,0.0711937,0.0412433,0.0501437,2,0.1002874
India_007791_jpg.rf.fb1561c10437dc74400640544bfc51ec,4,D20,0.403518,0.710484,0.790994,0.333274,0.308776,2,0.617552
India_007791_jpg.rf.fb1561c10437dc74400640544bfc51ec,5,D40,0.461345,0.638612,0.508601,0.233019,0.29198,2,0.58396
India_007791_jpg.rf.fb1561c10437dc74400640544bfc51ec,5,D40,0.5792,0.646478,0.116008,0.0630047,0.191909,2,0.383818
India_007791_jpg.rf.fb1561c10437dc74400640544bfc51ec,5,D40,0.437131,0.690965,0.53653,0.304634,0.14259,2,0.28518
India_007791_jpg.rf.fb1561c10437dc74400640544bfc51ec,5,D40,0.587065,0.652477,0.0923597,0.050585,0.116616,2,0.233232
India_007791_jpg.rf.fb1561c10437dc74400640544bfc51ec,5,D40,0.547152,0.644475,0.23406,0.104372,0.0955245,2,0.191049
India_007791_jpg.rf.fb1561c10437dc74400640544bfc51ec,5,D40,0.580736,0.626662,0.23295,0.132572,0.0658715,2,0.131743
India_007791_jpg.rf.fb1561c10437dc74400640544bfc51ec,5,D40,0.621873,0.58322,0.116639,0.0565893,0.0619621,2,0.1239242
India_007791_jpg.rf.fb1561c10437dc74400640544bfc51ec,5,D40,0.526723,0.63984,0.320121,0.13821,0.0572032,2,0.1144064
India_007791_jpg.rf.fb1561c10437dc74400640544bfc51ec,5,D40,0.407551,0.611886,0.531995,0.218639,0.0539592,2,0.1079184
India_007811_jpg.rf.74955263bb8b50181f25b892d3e065dd,4,D20,0.537844,0.875165,0.89068,0.249634,0.794675,2,1.58935
India_007811_jpg.rf.74955263bb8b50181f25b892d3e065dd,4,D20,0.763113,0.873575,0.441062,0.252851,0.38759,2,0.77518
India_007811_jpg.rf.74955263bb8b50181f25b892d3e065dd,4,D20,0.675501,0.869115,0.553157,0.25853,0.320432,2,0.640864
India_007811_jpg.rf.74955263bb8b50181f25b892d3e065dd,4,D20,0.45589,0.889909,0.594741,0.220182,0.115074,2,0.230148
India_007811_jpg.rf.74955263bb8b50181f25b892d3e065dd,4,D20,0.569016,0.858977,0.580927,0.260174,0.0894216,2,0.1788432
India_007811_jpg.rf.74955263bb8b50181f25b892d3e065dd,4,D20,0.713656,0.902227,0.572689,0.195267,0.0568258,2,0.1136516
India_007830_jpg.rf.3db198603e1e3871bb42af5a09dbcbd3,7,D44,0.475285,0.903081,0.137573,0.167748,0.322362,3,0.9670859999999999
India_007830_jpg.rf.3db198603e1e3871bb42af5a09dbcbd3,7,D44,0.488549,0.896736,0.0875866,0.14389,0.061573,3,0.18471900000000002
India_007836_jpg.rf.742ba27ba562bd92ff018c44fc96210f,7,D44,0.223249,0.789745,0.137578,0.120285,0.545268,3,1.6358039999999998
India_007846_jpg.rf.3b1892dc9a23dc41842a6fda6aee760a,4,D20,0.607272,0.89028,0.785455,0.21944,0.978409,2,1.956818
India_007846_jpg.rf.3b1892dc9a23dc41842a6fda6aee760a,4,D20,0.789098,0.899326,0.421805,0.199242,0.889887,2,1.779774
India_007846_jpg.rf.3b1892dc9a23dc41842a6fda6aee760a,4,D20,0.697889,0.892463,0.604222,0.215073,0.772778,2,1.545556
India_007846_jpg.rf.3b1892dc9a23dc41842a6fda6aee760a,4,D20,0.721922,0.879151,0.414863,0.241698,0.641419,2,1.282838
India_007846_jpg.rf.3b1892dc9a23dc41842a6fda6aee760a,4,D20,0.854178,0.907298,0.291645,0.185404,0.576121,2,1.152242
India_007846_jpg.rf.3b1892dc9a23dc41842a6fda6aee760a,5,D40,0.915389,0.909069,0.152997,0.073999,0.0992342,2,0.1984684
India_007846_jpg.rf.3b1892dc9a23dc41842a6fda6aee760a,5,D40,0.918701,0.932939,0.162598,0.132935,0.0839406,2,0.1678812
India_007846_jpg.rf.3b1892dc9a23dc41842a6fda6aee760a,4,D20,0.89539,0.925106,0.206488,0.149787,0.0634387,2,0.1268774
India_007858_jpg.rf.ce874f1abc107a9de66b2d5593c9b710,7,D44,0.286046,0.969014,0.0721474,0.0619717,0.0660018,3,0.1980054
India_007909_jpg.rf.bab12b97cbc90c3c74418f7ff2e1e6ae,5,D40,0.636402,0.793187,0.110744,0.0499447,0.230082,2,0.460164
India_007912_jpg.rf.8185359a8682eea844e20ec57599cec2,4,D20,0.757855,0.865856,0.383366,0.268287,0.825309,2,1.650618
India_007912_jpg.rf.8185359a8682eea844e20ec57599cec2,4,D20,0.48555,0.869173,0.919715,0.261654,0.789785,2,1.57957
India_007912_jpg.rf.8185359a8682eea844e20ec57599cec2,4,D20,0.687223,0.862054,0.463567,0.275892,0.422317,2,0.844634
India_007912_jpg.rf.8185359a8682eea844e20ec57599cec2,4,D20,0.613606,0.88415,0.687772,0.2317,0.217278,2,0.434556
India_007912_jpg.rf.8185359a8682eea844e20ec57599cec2,4,D20,0.777737,0.902161,0.41967,0.194676,0.215906,2,0.431812
India_007912_jpg.rf.8185359a8682eea844e20ec57599cec2,4,D20,0.397437,0.843345,0.781355,0.301343,0.174527,2,0.349054
India_007912_jpg.rf.8185359a8682eea844e20ec57599cec2,0,D00,0.710374,0.879555,0.168342,0.23961,0.120954,3,0.362862
India_007912_jpg.rf.8185359a8682eea844e20ec57599cec2,4,D20,0.742538,0.91438,0.223088,0.169485,0.0985177,2,0.1970354
India_007912_jpg.rf.8185359a8682eea844e20ec57599cec2,4,D20,0.599907,0.870009,0.500541,0.259983,0.0790101,2,0.1580202
India_007912_jpg.rf.8185359a8682eea844e20ec57599cec2,4,D20,0.742775,0.880943,0.248387,0.238113,0.061247,2,0.122494
India_007951_jpg.rf.194fafc7c77c521286c910eba495aa73,5,D40,0.421526,0.815705,0.106341,0.068277,0.277288,2,0.554576
India_007951_jpg.rf.194fafc7c77c521286c910eba495aa73,5,D40,0.409705,0.808072,0.0862662,0.0648951,0.130687,2,0.261374
India_007951_jpg.rf.194fafc7c77c521286c910eba495aa73,5,D40,0.434944,0.803739,0.151898,0.108208,0.123378,2,0.246756
India_007951_jpg.rf.194fafc7c77c521286c910eba495aa73,5,D40,0.378431,0.87378,0.153334,0.0753836,0.084673,2,0.169346
India_007951_jpg.rf.194fafc7c77c521286c910eba495aa73,5,D40,0.374834,0.866027,0.119662,0.049596,0.0601852,2,0.1203704
India_007983_jpg.rf.f205c08b06d9c053fa4197ec1570c90a,4,D20,0.50214,0.727521,0.923077,0.267426,0.909089,2,1.818178
India_007983_jpg.rf.f205c08b06d9c053fa4197ec1570c90a,4,D20,0.384158,0.748732,0.740735,0.3058,0.522624,2,1.045248
India_007983_jpg.rf.f205c08b06d9c053fa4197ec1570c90a,5,D40,0.43599,0.725523,0.574806,0.242973,0.234027,2,0.468054
India_007983_jpg.rf.f205c08b06d9c053fa4197ec1570c90a,4,D20,0.384488,0.751211,0.588829,0.232559,0.203717,2,0.407434
India_007983_jpg.rf.f205c08b06d9c053fa4197ec1570c90a,5,D40,0.338227,0.760881,0.592439,0.238648,0.197149,2,0.394298
India_007983_jpg.rf.f205c08b06d9c053fa4197ec1570c90a,4,D20,0.296441,0.794143,0.592881,0.239765,0.13832,2,0.27664
India_007983_jpg.rf.f205c08b06d9c053fa4197ec1570c90a,5,D40,0.293627,0.796584,0.587253,0.299144,0.136726,2,0.273452
India_007983_jpg.rf.f205c08b06d9c053fa4197ec1570c90a,4,D20,0.271333,0.837413,0.526926,0.325173,0.104666,2,0.209332
India_007983_jpg.rf.f205c08b06d9c053fa4197ec1570c90a,4,D20,0.486181,0.739373,0.621328,0.226956,0.0943674,2,0.1887348
India_007983_jpg.rf.f205c08b06d9c053fa4197ec1570c90a,4,D20,0.321297,0.791971,0.635798,0.38409,0.0838184,2,0.1676368
India_007983_jpg.rf.f205c08b06d9c053fa4197ec1570c90a,5,D40,0.567103,0.725708,0.56399,0.247352,0.0680706,2,0.1361412
India_007983_jpg.rf.f205c08b06d9c053fa4197ec1570c90a,5,D40,0.447333,0.603902,0.0864561,0.0436323,0.0577765,2,0.115553
India_007983_jpg.rf.f205c08b06d9c053fa4197ec1570c90a,5,D40,0.660869,0.734893,0.5342,0.229466,0.0532779,2,0.1065558
India_007983_jpg.rf.f205c08b06d9c053fa4197ec1570c90a,4,D20,0.188127,0.850891,0.373314,0.292497,0.050666,2,0.101332
India_008004_jpg.rf.f928218be69a8f6b54690202184465be,4,D20,0.446652,0.84204,0.8851,0.305422,0.669439,2,1.338878
India_008004_jpg.rf.f928218be69a8f6b54690202184465be,5,D40,0.229041,0.861186,0.444378,0.277627,0.309801,2,0.619602
India_008004_jpg.rf.f928218be69a8f6b54690202184465be,5,D40,0.252202,0.804373,0.0710851,0.0362378,0.143278,2,0.286556
India_008004_jpg.rf.f928218be69a8f6b54690202184465be,4,D20,0.236097,0.872541,0.40856,0.254918,0.114912,2,0.229824
India_008004_jpg.rf.f928218be69a8f6b54690202184465be,5,D40,0.235887,0.804608,0.110076,0.0403459,0.112253,2,0.224506
India_008004_jpg.rf.f928218be69a8f6b54690202184465be,5,D40,0.214669,0.844925,0.166829,0.136586,0.0884473,2,0.1768946
India_008004_jpg.rf.f928218be69a8f6b54690202184465be,4,D20,0.278329,0.849092,0.556657,0.291612,0.0853078,2,0.1706156
India_008004_jpg.rf.f928218be69a8f6b54690202184465be,5,D40,0.33683,0.835401,0.179181,0.162111,0.0774037,2,0.1548074
India_008004_jpg.rf.f928218be69a8f6b54690202184465be,5,D40,0.230952,0.812768,0.141493,0.0775986,0.0771508,2,0.1543016
India_008004_jpg.rf.f928218be69a8f6b54690202184465be,5,D40,0.369567,0.812805,0.0982627,0.0591984,0.0668737,2,0.1337474
India_008004_jpg.rf.f928218be69a8f6b54690202184465be,5,D40,0.285655,0.833538,0.300786,0.205167,0.0615617,2,0.1231234
India_008004_jpg.rf.f928218be69a8f6b54690202184465be,5,D40,0.194487,0.853278,0.248072,0.170123,0.0568411,2,0.1136822
India_008004_jpg.rf.f928218be69a8f6b54690202184465be,5,D40,0.454456,0.973197,0.157577,0.0536053,0.053489,2,0.106978
India_008004_jpg.rf.f928218be69a8f6b54690202184465be,4,D20,0.58721,0.847468,0.756161,0.277698,0.0530746,2,0.1061492
India_008007_jpg.rf.4e9fa67390e364e13168b112d1043ed0,7,D44,0.477516,0.789423,0.0721873,0.116034,0.216186,3,0.648558
India_008007_jpg.rf.4e9fa67390e364e13168b112d1043ed0,7,D44,0.48238,0.762517,0.0882673,0.164035,0.12903,3,0.38709000000000005
India_008021_jpg.rf.a2932960e4fb06312ef67f2847d904ac,4,D20,0.422717,0.634678,0.779536,0.265348,0.0724959,2,0.1449918
India_008022_jpg.rf.0edeb6bc3eae247794696fc3aabc24be,4,D20,0.391319,0.826066,0.775402,0.283479,0.863748,2,1.727496
India_008022_jpg.rf.0edeb6bc3eae247794696fc3aabc24be,4,D20,0.467635,0.787697,0.881889,0.239488,0.292312,2,0.584624
India_008022_jpg.rf.0edeb6bc3eae247794696fc3aabc24be,5,D40,0.316593,0.83946,0.587717,0.228119,0.24843,2,0.49686
India_008022_jpg.rf.0edeb6bc3eae247794696fc3aabc24be,4,D20,0.284693,0.871045,0.567316,0.251568,0.24186,2,0.48372
India_008022_jpg.rf.0edeb6bc3eae247794696fc3aabc24be,5,D40,0.400552,0.817418,0.542561,0.19941,0.237218,2,0.474436
India_008022_jpg.rf.0edeb6bc3eae247794696fc3aabc24be,5,D40,0.3169,0.788878,0.0942235,0.0447918,0.219685,2,0.43937
India_008022_jpg.rf.0edeb6bc3eae247794696fc3aabc24be,4,D20,0.411564,0.83498,0.526877,0.197279,0.173835,2,0.34767
India_008022_jpg.rf.0edeb6bc3eae247794696fc3aabc24be,5,D40,0.279864,0.795951,0.180865,0.0676231,0.166026,2,0.332052
India_008022_jpg.rf.0edeb6bc3eae247794696fc3aabc24be,5,D40,0.288115,0.823788,0.231219,0.158618,0.162038,2,0.324076
India_008022_jpg.rf.0edeb6bc3eae247794696fc3aabc24be,4,D20,0.430991,0.872486,0.861981,0.245865,0.129811,2,0.259622
India_008022_jpg.rf.0edeb6bc3eae247794696fc3aabc24be,5,D40,0.265139,0.852225,0.52312,0.29555,0.0997139,2,0.1994278
India_008022_jpg.rf.0edeb6bc3eae247794696fc3aabc24be,4,D20,0.460155,0.803348,0.563089,0.204841,0.0837449,2,0.1674898
India_008022_jpg.rf.0edeb6bc3eae247794696fc3aabc24be,5,D40,0.280314,0.811157,0.187406,0.11194,0.0690268,2,0.1380536
India_008022_jpg.rf.0edeb6bc3eae247794696fc3aabc24be,5,D40,0.332321,0.839944,0.369721,0.184713,0.0660221,2,0.1320442
India_008022_jpg.rf.0edeb6bc3eae247794696fc3aabc24be,5,D40,0.434998,0.7864,0.543199,0.247291,0.0583651,2,0.1167302
India_008022_jpg.rf.0edeb6bc3eae247794696fc3aabc24be,5,D40,0.328879,0.791672,0.558293,0.252987,0.0577064,2,0.1154128
India_008022_jpg.rf.0edeb6bc3eae247794696fc3aabc24be,5,D40,0.31158,0.793332,0.181492,0.083848,0.0532489,2,0.1064978
India_008024_jpg.rf.71aeda119998b1936d20aa1ce3d2cf8d,7,D44,0.374531,0.823317,0.143492,0.162744,0.0589892,3,0.1769676
India_008044_jpg.rf.e5cd272b8f2ff4c27f244b89093a2dee,4,D20,0.548007,0.768678,0.871708,0.242777,0.084382,2,0.168764
India_008079_jpg.rf.6435c5e9a4f69ca0b46f8918ec82bb9f,7,D44,0.328771,0.840217,0.110328,0.120641,0.373657,3,1.120971
India_008079_jpg.rf.6435c5e9a4f69ca0b46f8918ec82bb9f,4,D20,0.664151,0.851651,0.47525,0.296698,0.317563,2,0.635126
India_008079_jpg.rf.6435c5e9a4f69ca0b46f8918ec82bb9f,4,D20,0.68945,0.888658,0.525301,0.222685,0.210571,2,0.421142
India_008079_jpg.rf.6435c5e9a4f69ca0b46f8918ec82bb9f,4,D20,0.582074,0.869863,0.633898,0.25771,0.179985,2,0.35997
India_008079_jpg.rf.6435c5e9a4f69ca0b46f8918ec82bb9f,4,D20,0.648708,0.907249,0.278036,0.185301,0.0963652,2,0.1927304
India_008085_jpg.rf.b6b9e3a9d7aa0eacfd68509b178ac477,4,D20,0.559688,0.843644,0.849832,0.261077,0.772435,2,1.54487
India_008085_jpg.rf.b6b9e3a9d7aa0eacfd68509b178ac477,4,D20,0.71436,0.846591,0.556368,0.242558,0.160994,2,0.321988
India_008085_jpg.rf.b6b9e3a9d7aa0eacfd68509b178ac477,4,D20,0.470191,0.874334,0.923294,0.251333,0.146644,2,0.293288
India_008085_jpg.rf.b6b9e3a9d7aa0eacfd68509b178ac477,4,D20,0.628335,0.831562,0.542281,0.249492,0.141542,2,0.283084
India_008085_jpg.rf.b6b9e3a9d7aa0eacfd68509b178ac477,4,D20,0.530689,0.841951,0.605414,0.236029,0.0814466,2,0.1628932
India_008085_jpg.rf.b6b9e3a9d7aa0eacfd68509b178ac477,4,D20,0.658486,0.874872,0.683027,0.247034,0.057578,2,0.115156
India_008085_jpg.rf.b6b9e3a9d7aa0eacfd68509b178ac477,4,D20,0.463695,0.861135,0.542427,0.24725,0.0575319,2,0.1150638
India_008085_jpg.rf.b6b9e3a9d7aa0eacfd68509b178ac477,4,D20,0.794744,0.864668,0.403,0.243296,0.050043,2,0.100086
India_008097_jpg.rf.d22a5fcd9d90fdc35d5380869b0623ca,7,D44,0.674117,0.763014,0.0802827,0.107214,0.107631,3,0.322893
India_008097_jpg.rf.d22a5fcd9d90fdc35d5380869b0623ca,0,D00,0.673471,0.77263,0.116154,0.181207,0.0772989,3,0.2318967
India_008097_jpg.rf.d22a5fcd9d90fdc35d5380869b0623ca,7,D44,0.678861,0.801442,0.0951837,0.176295,0.0693043,3,0.2079129
India_008097_jpg.rf.d22a5fcd9d90fdc35d5380869b0623ca,4,D20,0.642046,0.782542,0.221335,0.228819,0.0573753,2,0.1147506
India_008097_jpg.rf.d22a5fcd9d90fdc35d5380869b0623ca,0,D00,0.686764,0.786796,0.122428,0.220881,0.0529485,3,0.1588455
India_008099_jpg.rf.d339752b563f8dfeb27a0a39b917bf0a,5,D40,0.552193,0.688364,0.10691,0.053193,0.12548,2,0.25096
India_008099_jpg.rf.d339752b563f8dfeb27a0a39b917bf0a,5,D40,0.564197,0.694366,0.130957,0.071975,0.0658692,2,0.1317384
India_008128_jpg.rf.792b0df703ce0468da7e2a872480fb9f,4,D20,0.235169,0.855134,0.450814,0.281355,0.0710167,2,0.1420334
India_008128_jpg.rf.792b0df703ce0468da7e2a872480fb9f,4,D20,0.28739,0.83521,0.572891,0.302867,0.0591889,2,0.1183778
India_008128_jpg.rf.792b0df703ce0468da7e2a872480fb9f,5,D40,0.235299,0.827518,0.464979,0.337005,0.0515837,2,0.1031674
India_008128_jpg.rf.792b0df703ce0468da7e2a872480fb9f,4,D20,0.494507,0.812047,0.978185,0.245548,0.0509855,2,0.101971
India_008154_jpg.rf.1ced485fb95decfd00c0652d59e978b1,4,D20,0.399757,0.892347,0.771931,0.214854,0.129366,2,0.258732
India_008154_jpg.rf.1ced485fb95decfd00c0652d59e978b1,4,D20,0.484159,0.879562,0.462461,0.240876,0.0608533,2,0.1217066
India_008157_jpg.rf.892b228b49b2e39b3ee18148b9064435,4,D20,0.567118,0.829795,0.841378,0.263245,0.943772,2,1.887544
India_008157_jpg.rf.892b228b49b2e39b3ee18148b9064435,5,D40,0.692786,0.769624,0.0971874,0.0522232,0.555999,2,1.111998
India_008157_jpg.rf.892b228b49b2e39b3ee18148b9064435,5,D40,0.662678,0.764093,0.170613,0.0692324,0.439319,2,0.878638
India_008157_jpg.rf.892b228b49b2e39b3ee18148b9064435,5,D40,0.676148,0.8289,0.519499,0.240971,0.421032,2,0.842064
India_008157_jpg.rf.892b228b49b2e39b3ee18148b9064435,4,D20,0.691785,0.851791,0.61643,0.259917,0.372419,2,0.744838
India_008157_jpg.rf.892b228b49b2e39b3ee18148b9064435,5,D40,0.620997,0.767612,0.290811,0.0949205,0.24032,2,0.48064
India_008157_jpg.rf.892b228b49b2e39b3ee18148b9064435,5,D40,0.6442,0.801105,0.351714,0.187195,0.224903,2,0.449806
India_008157_jpg.rf.892b228b49b2e39b3ee18148b9064435,4,D20,0.775164,0.859795,0.449673,0.259921,0.189637,2,0.379274
India_008157_jpg.rf.892b228b49b2e39b3ee18148b9064435,5,D40,0.579795,0.761881,0.121788,0.0595497,0.159111,2,0.318222
India_008157_jpg.rf.892b228b49b2e39b3ee18148b9064435,4,D20,0.509265,0.866703,0.954012,0.246404,0.143756,2,0.287512
India_008157_jpg.rf.892b228b49b2e39b3ee18148b9064435,5,D40,0.62662,0.805459,0.462202,0.282881,0.109619,2,0.219238
India_008157_jpg.rf.892b228b49b2e39b3ee18148b9064435,5,D40,0.891898,0.786921,0.0870071,0.0423553,0.101093,2,0.202186
India_008157_jpg.rf.892b228b49b2e39b3ee18148b9064435,4,D20,0.454112,0.821964,0.887303,0.317109,0.0906975,2,0.181395
India_008157_jpg.rf.892b228b49b2e39b3ee18148b9064435,5,D40,0.634774,0.805845,0.253011,0.141457,0.0902365,2,0.180473
India_008157_jpg.rf.892b228b49b2e39b3ee18148b9064435,4,D20,0.592257,0.831092,0.623465,0.234744,0.088641,2,0.177282
India_008157_jpg.rf.892b228b49b2e39b3ee18148b9064435,5,D40,0.736554,0.828991,0.526893,0.280971,0.084184,2,0.168368
India_008157_jpg.rf.892b228b49b2e39b3ee18148b9064435,5,D40,0.612086,0.777971,0.219515,0.0882378,0.078677,2,0.157354
India_008157_jpg.rf.892b228b49b2e39b3ee18148b9064435,4,D20,0.843214,0.863059,0.313572,0.247878,0.0695834,2,0.1391668
India_008157_jpg.rf.892b228b49b2e39b3ee18148b9064435,5,D40,0.659473,0.766185,0.210178,0.0894848,0.0651207,2,0.1302414
India_008157_jpg.rf.892b228b49b2e39b3ee18148b9064435,5,D40,0.649294,0.783836,0.191287,0.0813927,0.0649843,2,0.1299686
India_008157_jpg.rf.892b228b49b2e39b3ee18148b9064435,5,D40,0.57031,0.776193,0.115474,0.0646457,0.0601827,2,0.1203654
India_008157_jpg.rf.892b228b49b2e39b3ee18148b9064435,5,D40,0.556472,0.768367,0.184963,0.141629,0.0517498,2,0.1034996
India_008160_jpg.rf.306980c34ac1a97e8970ed9f58d98cb3,4,D20,0.415401,0.848942,0.816081,0.293241,0.548819,2,1.097638
India_008160_jpg.rf.306980c34ac1a97e8970ed9f58d98cb3,7,D44,0.295803,0.812581,0.108282,0.0891302,0.0778248,3,0.2334744
India_008171_jpg.rf.429d3e44e7e0f2381db72ca2ee59c561,4,D20,0.493304,0.741438,0.952861,0.517123,0.0659018,2,0.1318036
India_008190_jpg.rf.5522bc2e9a971e2d6c1061b7fb9c9b5a,4,D20,0.671454,0.857334,0.400532,0.285332,0.925319,2,1.850638
India_008190_jpg.rf.5522bc2e9a971e2d6c1061b7fb9c9b5a,4,D20,0.56269,0.875005,0.86114,0.249991,0.890497,2,1.780994
India_008190_jpg.rf.5522bc2e9a971e2d6c1061b7fb9c9b5a,4,D20,0.733257,0.875423,0.487501,0.249153,0.784719,2,1.569438
India_008190_jpg.rf.5522bc2e9a971e2d6c1061b7fb9c9b5a,4,D20,0.572411,0.866706,0.651774,0.266587,0.457047,2,0.914094
India_008190_jpg.rf.5522bc2e9a971e2d6c1061b7fb9c9b5a,4,D20,0.672155,0.884244,0.655691,0.231512,0.394933,2,0.789866
India_008190_jpg.rf.5522bc2e9a971e2d6c1061b7fb9c9b5a,4,D20,0.403585,0.880799,0.481375,0.238403,0.249884,2,0.499768
India_008190_jpg.rf.5522bc2e9a971e2d6c1061b7fb9c9b5a,4,D20,0.407543,0.869471,0.76654,0.25833,0.140666,2,0.281332
India_008190_jpg.rf.5522bc2e9a971e2d6c1061b7fb9c9b5a,4,D20,0.764442,0.906581,0.471116,0.186838,0.0904075,2,0.180815
India_008190_jpg.rf.5522bc2e9a971e2d6c1061b7fb9c9b5a,4,D20,0.321997,0.873357,0.427885,0.253286,0.074591,2,0.149182
India_008190_jpg.rf.5522bc2e9a971e2d6c1061b7fb9c9b5a,4,D20,0.443179,0.908369,0.530709,0.182451,0.0706026,2,0.1412052
India_008197_jpg.rf.ab8d999509357098f2f4a7560e72fcbf,4,D20,0.431578,0.739612,0.83913,0.302735,0.211684,2,0.423368
India_008224_jpg.rf.5d88a719128b89461d3099d46aaef0c9,5,D40,0.271135,0.658269,0.527111,0.173798,0.198201,2,0.396402
India_008224_jpg.rf.5d88a719128b89461d3099d46aaef0c9,5,D40,0.458466,0.60133,0.112574,0.0454872,0.0958065,2,0.191613
India_008224_jpg.rf.5d88a719128b89461d3099d46aaef0c9,5,D40,0.355948,0.649248,0.268542,0.112854,0.0893685,2,0.178737
India_008224_jpg.rf.5d88a719128b89461d3099d46aaef0c9,5,D40,0.32017,0.643909,0.354374,0.143495,0.0876424,2,0.1752848
India_008224_jpg.rf.5d88a719128b89461d3099d46aaef0c9,5,D40,0.310866,0.67984,0.467811,0.212413,0.0823502,2,0.1647004
India_008224_jpg.rf.5d88a719128b89461d3099d46aaef0c9,5,D40,0.42987,0.601295,0.155029,0.0593292,0.0820448,2,0.1640896
India_008224_jpg.rf.5d88a719128b89461d3099d46aaef0c9,5,D40,0.274015,0.643593,0.278436,0.0925499,0.0775627,2,0.1551254
India_008224_jpg.rf.5d88a719128b89461d3099d46aaef0c9,5,D40,0.452112,0.599328,0.137507,0.0642171,0.0703758,2,0.1407516
India_008224_jpg.rf.5d88a719128b89461d3099d46aaef0c9,5,D40,0.385946,0.630145,0.337424,0.154567,0.0603213,2,0.1206426
India_008238_jpg.rf.def36ad6fba106e008eab352fb497a5b,4,D20,0.442773,0.842867,0.865034,0.283175,0.331127,2,0.662254
India_008238_jpg.rf.def36ad6fba106e008eab352fb497a5b,7,D44,0.25665,0.892586,0.182219,0.168522,0.0568232,3,0.1704696
India_008254_jpg.rf.2f5fd366129cc68cb59aaa345cbd575a,7,D44,0.310275,0.785551,0.169267,0.19887,0.119238,3,0.357714
India_008254_jpg.rf.2f5fd366129cc68cb59aaa345cbd575a,7,D44,0.264381,0.845889,0.14427,0.160749,0.085541,3,0.25662300000000005
India_008254_jpg.rf.2f5fd366129cc68cb59aaa345cbd575a,7,D44,0.291413,0.825131,0.162586,0.181869,0.0813459,3,0.2440377
India_008254_jpg.rf.2f5fd366129cc68cb59aaa345cbd575a,7,D44,0.315202,0.771118,0.224071,0.215022,0.0712066,3,0.21361979999999997
India_008254_jpg.rf.2f5fd366129cc68cb59aaa345cbd575a,7,D44,0.329246,0.763205,0.131066,0.148355,0.0565678,3,0.1697034
India_008256_jpg.rf.16532294c7d1daee736ec45b7002af7c,4,D20,0.557549,0.869094,0.87059,0.261811,0.999352,2,1.998704
India_008256_jpg.rf.16532294c7d1daee736ec45b7002af7c,4,D20,0.469351,0.84277,0.748907,0.31446,0.986321,2,1.972642
India_008256_jpg.rf.16532294c7d1daee736ec45b7002af7c,4,D20,0.802919,0.877843,0.390753,0.244313,0.948435,2,1.89687
India_008256_jpg.rf.16532294c7d1daee736ec45b7002af7c,4,D20,0.676688,0.880103,0.646623,0.239795,0.858564,2,1.717128
India_008256_jpg.rf.16532294c7d1daee736ec45b7002af7c,4,D20,0.530509,0.850615,0.561818,0.298769,0.644493,2,1.288986
India_008256_jpg.rf.16532294c7d1daee736ec45b7002af7c,4,D20,0.410677,0.865398,0.697467,0.265336,0.567641,2,1.135282
India_008256_jpg.rf.16532294c7d1daee736ec45b7002af7c,4,D20,0.404467,0.853306,0.517015,0.293388,0.536161,2,1.072322
India_008256_jpg.rf.16532294c7d1daee736ec45b7002af7c,4,D20,0.577981,0.882754,0.622942,0.234492,0.477555,2,0.95511
India_008256_jpg.rf.16532294c7d1daee736ec45b7002af7c,4,D20,0.320926,0.867856,0.44058,0.264287,0.272739,2,0.545478
India_008256_jpg.rf.16532294c7d1daee736ec45b7002af7c,5,D40,0.489628,0.751631,0.450684,0.219322,0.26594,2,0.53188
India_008256_jpg.rf.16532294c7d1daee736ec45b7002af7c,4,D20,0.475961,0.774292,0.485679,0.271416,0.238913,2,0.477826
India_008256_jpg.rf.16532294c7d1daee736ec45b7002af7c,4,D20,0.67931,0.905621,0.641379,0.187427,0.214975,2,0.42995
India_008256_jpg.rf.16532294c7d1daee736ec45b7002af7c,5,D40,0.524221,0.731818,0.455832,0.172861,0.128269,2,0.256538
India_008256_jpg.rf.16532294c7d1daee736ec45b7002af7c,4,D20,0.597079,0.91131,0.713871,0.176423,0.127117,2,0.254234
India_008256_jpg.rf.16532294c7d1daee736ec45b7002af7c,4,D20,0.45255,0.91159,0.645499,0.176821,0.0952001,2,0.1904002
India_008256_jpg.rf.16532294c7d1daee736ec45b7002af7c,0,D00,0.771501,0.887147,0.214618,0.21847,0.0835393,3,0.2506179
India_008256_jpg.rf.16532294c7d1daee736ec45b7002af7c,7,D44,0.767491,0.871832,0.20145,0.196459,0.0737222,3,0.2211666
India_008256_jpg.rf.16532294c7d1daee736ec45b7002af7c,5,D40,0.602383,0.799485,0.544871,0.274313,0.0722742,2,0.1445484
India_008256_jpg.rf.16532294c7d1daee736ec45b7002af7c,4,D20,0.853204,0.884396,0.293591,0.231209,0.0708522,2,0.1417044
India_008256_jpg.rf.16532294c7d1daee736ec45b7002af7c,4,D20,0.794791,0.900289,0.254998,0.199422,0.0591825,2,0.118365
India_008256_jpg.rf.16532294c7d1daee736ec45b7002af7c,4,D20,0.360068,0.90584,0.557659,0.18832,0.0532058,2,0.1064116
India_008279_jpg.rf.d4d95f39f5febdf57cb91d5cdc1e1d58,5,D40,0.539332,0.653269,0.146697,0.0574608,0.0865332,2,0.1730664
India_008336_jpg.rf.1e61c6dd0b29282b498ab1b061092a7c,7,D44,0.723246,0.933486,0.140934,0.129819,0.294886,3,0.8846579999999999
India_008336_jpg.rf.1e61c6dd0b29282b498ab1b061092a7c,7,D44,0.722719,0.940912,0.104074,0.115869,0.294547,3,0.883641
India_008336_jpg.rf.1e61c6dd0b29282b498ab1b061092a7c,4,D20,0.542835,0.870729,0.902991,0.258542,0.176427,2,0.352854
India_008336_jpg.rf.1e61c6dd0b29282b498ab1b061092a7c,7,D44,0.717046,0.911596,0.164069,0.176807,0.171502,3,0.5145059999999999
India_008336_jpg.rf.1e61c6dd0b29282b498ab1b061092a7c,4,D20,0.69561,0.858863,0.382641,0.282274,0.0746983,2,0.1493966
India_008336_jpg.rf.1e61c6dd0b29282b498ab1b061092a7c,7,D44,0.68988,0.907665,0.140065,0.173848,0.0602081,3,0.18062430000000002
India_008336_jpg.rf.1e61c6dd0b29282b498ab1b061092a7c,4,D20,0.667214,0.883096,0.665572,0.230881,0.0600061,2,0.1200122
India_008357_jpg.rf.3a8365c7072569aa2a036ad1a9ae5111,7,D44,0.585248,0.662421,0.0619773,0.140762,0.148958,3,0.446874
India_008393_jpg.rf.92326a1f99f141a58dd2e4eadd434b6a,4,D20,0.394804,0.845908,0.761774,0.264849,0.395304,2,0.790608
India_008393_jpg.rf.92326a1f99f141a58dd2e4eadd434b6a,4,D20,0.495621,0.823622,0.616943,0.244532,0.22523,2,0.45046
India_008393_jpg.rf.92326a1f99f141a58dd2e4eadd434b6a,4,D20,0.2917,0.901267,0.5834,0.197465,0.0671391,2,0.1342782
India_008393_jpg.rf.92326a1f99f141a58dd2e4eadd434b6a,4,D20,0.205026,0.866981,0.406307,0.266038,0.0657281,2,0.1314562
India_008393_jpg.rf.92326a1f99f141a58dd2e4eadd434b6a,4,D20,0.6071,0.820293,0.661211,0.249885,0.0645094,2,0.1290188
India_008393_jpg.rf.92326a1f99f141a58dd2e4eadd434b6a,4,D20,0.553174,0.815327,0.476612,0.202081,0.0584657,2,0.1169314
India_008416_jpg.rf.0fab4fd34dfb6151ace68ae9021f86c1,4,D20,0.668132,0.732189,0.657356,0.257172,0.16065,2,0.3213
India_008416_jpg.rf.0fab4fd34dfb6151ace68ae9021f86c1,4,D20,0.730457,0.738877,0.527919,0.201342,0.0930742,2,0.1861484
India_008416_jpg.rf.0fab4fd34dfb6151ace68ae9021f86c1,5,D40,0.802659,0.724737,0.391777,0.21135,0.0805207,2,0.1610414
India_008416_jpg.rf.0fab4fd34dfb6151ace68ae9021f86c1,5,D40,0.627784,0.616862,0.159936,0.0757954,0.0681128,2,0.1362256
India_008416_jpg.rf.0fab4fd34dfb6151ace68ae9021f86c1,4,D20,0.810553,0.730468,0.369799,0.206379,0.0668946,2,0.1337892
India_008416_jpg.rf.0fab4fd34dfb6151ace68ae9021f86c1,5,D40,0.71921,0.71942,0.559309,0.218192,0.0555435,2,0.111087
India_008416_jpg.rf.0fab4fd34dfb6151ace68ae9021f86c1,5,D40,0.635991,0.614422,0.207611,0.0861897,0.0531782,2,0.1063564
India_008423_jpg.rf.99cb8ba99803c84f290b8a558b133990,4,D20,0.351636,0.740121,0.688759,0.307615,0.448229,2,0.896458
India_008423_jpg.rf.99cb8ba99803c84f290b8a558b133990,5,D40,0.247492,0.694962,0.475953,0.233862,0.348026,2,0.696052
India_008423_jpg.rf.99cb8ba99803c84f290b8a558b133990,5,D40,0.263924,0.786376,0.510409,0.40275,0.213489,2,0.426978
India_008423_jpg.rf.99cb8ba99803c84f290b8a558b133990,5,D40,0.216046,0.730594,0.432091,0.301385,0.197863,2,0.395726
India_008423_jpg.rf.99cb8ba99803c84f290b8a558b133990,4,D20,0.239268,0.799775,0.478536,0.400451,0.167848,2,0.335696
India_008423_jpg.rf.99cb8ba99803c84f290b8a558b133990,4,D20,0.509721,0.735786,0.949347,0.280036,0.13573,2,0.27146
India_008423_jpg.rf.99cb8ba99803c84f290b8a558b133990,5,D40,0.30925,0.675365,0.549119,0.196167,0.125725,2,0.25145
India_008423_jpg.rf.99cb8ba99803c84f290b8a558b133990,4,D20,0.188641,0.819868,0.374522,0.360263,0.108078,2,0.216156
India_008423_jpg.rf.99cb8ba99803c84f290b8a558b133990,4,D20,0.850672,0.74739,0.298655,0.254091,0.0896156,2,0.1792312
India_008423_jpg.rf.99cb8ba99803c84f290b8a558b133990,5,D40,0.26309,0.654487,0.505344,0.20527,0.072922,2,0.145844
India_008423_jpg.rf.99cb8ba99803c84f290b8a558b133990,5,D40,0.546347,0.604156,0.115442,0.0482651,0.0702704,2,0.1405408
India_008429_jpg.rf.2349625ca636699e20c770fa73f9f228,4,D20,0.419929,0.803169,0.828182,0.242235,0.116566,2,0.233132
India_008429_jpg.rf.2349625ca636699e20c770fa73f9f228,5,D40,0.652073,0.771527,0.0969901,0.0415244,0.112285,2,0.22457
India_008429_jpg.rf.2349625ca636699e20c770fa73f9f228,5,D40,0.677371,0.770886,0.140844,0.0572247,0.0969709,2,0.1939418
India_008475_jpg.rf.4408a11aa7c78127443eceb17432a374,4,D20,0.446206,0.889255,0.891132,0.220386,0.845214,2,1.690428
India_008475_jpg.rf.4408a11aa7c78127443eceb17432a374,4,D20,0.338937,0.872971,0.677874,0.246865,0.142474,2,0.284948
India_008475_jpg.rf.4408a11aa7c78127443eceb17432a374,4,D20,0.473441,0.869333,0.580248,0.261334,0.12614,2,0.25228
India_008475_jpg.rf.4408a11aa7c78127443eceb17432a374,5,D40,0.536296,0.777602,0.0799536,0.0539452,0.0921089,2,0.1842178
India_008475_jpg.rf.4408a11aa7c78127443eceb17432a374,5,D40,0.387307,0.872497,0.530451,0.255005,0.0886546,2,0.1773092
India_008475_jpg.rf.4408a11aa7c78127443eceb17432a374,4,D20,0.569944,0.874979,0.814195,0.248666,0.0703719,2,0.1407438
India_008475_jpg.rf.4408a11aa7c78127443eceb17432a374,4,D20,0.569572,0.868359,0.354405,0.263282,0.0688225,2,0.137645
India_008475_jpg.rf.4408a11aa7c78127443eceb17432a374,5,D40,0.279134,0.879312,0.557613,0.241376,0.0565634,2,0.1131268
India_008476_jpg.rf.c659e791945b5f1dc56aff046eaf4dc4,4,D20,0.582934,0.905952,0.834133,0.188096,0.057527,2,0.115054
India_008476_jpg.rf.c659e791945b5f1dc56aff046eaf4dc4,4,D20,0.432241,0.918257,0.864482,0.163486,0.0565541,2,0.1131082
India_008479_jpg.rf.ed0389da9cfa748937c9ddfee043aa6c,5,D40,0.462764,0.600689,0.109864,0.0558861,0.168372,2,0.336744
India_008479_jpg.rf.ed0389da9cfa748937c9ddfee043aa6c,5,D40,0.437891,0.599049,0.175582,0.070784,0.122859,2,0.245718
India_008479_jpg.rf.ed0389da9cfa748937c9ddfee043aa6c,5,D40,0.4152,0.602035,0.243498,0.0833639,0.0792834,2,0.1585668
India_008479_jpg.rf.ed0389da9cfa748937c9ddfee043aa6c,5,D40,0.315282,0.70388,0.0777706,0.0432273,0.062489,2,0.124978
India_008479_jpg.rf.ed0389da9cfa748937c9ddfee043aa6c,5,D40,0.619713,0.69729,0.123705,0.0593899,0.056116,2,0.112232
India_008483_jpg.rf.a578947cbd12a65a81d52e0df41803d0,4,D20,0.429109,0.774327,0.856986,0.253351,0.303945,2,0.60789
India_008483_jpg.rf.a578947cbd12a65a81d52e0df41803d0,4,D20,0.399045,0.833376,0.782355,0.305684,0.0691223,2,0.1382446
India_008496_jpg.rf.7de81b7ec99b3bfabb83563cf1ea8d12,4,D20,0.445803,0.827396,0.891605,0.29372,0.316645,2,0.63329
India_008496_jpg.rf.7de81b7ec99b3bfabb83563cf1ea8d12,7,D44,0.413234,0.811402,0.0625157,0.0885462,0.0981807,3,0.2945421
India_008501_jpg.rf.83be6de5353b87cf895daa1441a65334,4,D20,0.608126,0.863006,0.759664,0.261678,0.122964,2,0.245928
India_008618_jpg.rf.90101b9830c7f5c13397eea6e695a7bd,4,D20,0.553934,0.837066,0.872662,0.273297,0.993364,2,1.986728
India_008618_jpg.rf.90101b9830c7f5c13397eea6e695a7bd,4,D20,0.735219,0.856895,0.522559,0.271153,0.755826,2,1.511652
India_008618_jpg.rf.90101b9830c7f5c13397eea6e695a7bd,4,D20,0.62293,0.826844,0.561152,0.271578,0.753207,2,1.506414
India_008618_jpg.rf.90101b9830c7f5c13397eea6e695a7bd,4,D20,0.508636,0.872743,0.942919,0.254514,0.726806,2,1.453612
India_008618_jpg.rf.90101b9830c7f5c13397eea6e695a7bd,4,D20,0.531155,0.815416,0.583051,0.268021,0.449981,2,0.899962
India_008618_jpg.rf.90101b9830c7f5c13397eea6e695a7bd,4,D20,0.801969,0.874901,0.391455,0.250198,0.364192,2,0.728384
India_008618_jpg.rf.90101b9830c7f5c13397eea6e695a7bd,4,D20,0.660402,0.878502,0.679196,0.237651,0.361147,2,0.722294
India_008618_jpg.rf.90101b9830c7f5c13397eea6e695a7bd,4,D20,0.434648,0.829853,0.574093,0.267033,0.296277,2,0.592554
India_008618_jpg.rf.90101b9830c7f5c13397eea6e695a7bd,4,D20,0.364229,0.859975,0.500525,0.270414,0.256289,2,0.512578
India_008618_jpg.rf.90101b9830c7f5c13397eea6e695a7bd,5,D40,0.534273,0.728626,0.0763195,0.0507019,0.116898,2,0.233796
India_008618_jpg.rf.90101b9830c7f5c13397eea6e695a7bd,5,D40,0.532675,0.713679,0.0937553,0.0791211,0.0851651,2,0.1703302
India_008618_jpg.rf.90101b9830c7f5c13397eea6e695a7bd,5,D40,0.695378,0.843311,0.504908,0.30088,0.0742317,2,0.1484634
India_008618_jpg.rf.90101b9830c7f5c13397eea6e695a7bd,5,D40,0.549433,0.734017,0.0981602,0.0746166,0.0698535,2,0.139707
India_008618_jpg.rf.90101b9830c7f5c13397eea6e695a7bd,4,D20,0.551926,0.864986,0.630791,0.239248,0.0691443,2,0.1382886
India_008618_jpg.rf.90101b9830c7f5c13397eea6e695a7bd,5,D40,0.553108,0.764828,0.502499,0.213828,0.0565923,2,0.1131846
India_008623_jpg.rf.f03474a49c6d79073607019ee785db92,4,D20,0.459347,0.803116,0.915591,0.238973,0.386452,2,0.772904
India_008623_jpg.rf.f03474a49c6d79073607019ee785db92,4,D20,0.60116,0.788239,0.772279,0.22244,0.136875,2,0.27375
India_008623_jpg.rf.f03474a49c6d79073607019ee785db92,4,D20,0.225189,0.841684,0.444637,0.316633,0.107486,2,0.214972
India_008623_jpg.rf.f03474a49c6d79073607019ee785db92,5,D40,0.269153,0.844508,0.520906,0.31069,0.0702194,2,0.1404388
India_008623_jpg.rf.f03474a49c6d79073607019ee785db92,4,D20,0.161788,0.844812,0.323576,0.310032,0.058245,2,0.11649
India_008623_jpg.rf.f03474a49c6d79073607019ee785db92,4,D20,0.296434,0.800293,0.592868,0.214975,0.054276,2,0.108552
India_008623_jpg.rf.f03474a49c6d79073607019ee785db92,4,D20,0.32897,0.820759,0.65794,0.321961,0.0542061,2,0.1084122
India_008658_jpg.rf.0e888d51af868f55d52e265a814e4eb5,4,D20,0.528451,0.75147,0.935236,0.49706,0.309256,2,0.618512
India_008658_jpg.rf.0e888d51af868f55d52e265a814e4eb5,7,D44,0.909249,0.610044,0.181503,0.155369,0.0961454,3,0.28843620000000003
India_008670_jpg.rf.8bef76eb90da3bd48ae2244e1470ee99,4,D20,0.501825,0.815566,0.930298,0.26813,0.975246,2,1.950492
India_008670_jpg.rf.8bef76eb90da3bd48ae2244e1470ee99,5,D40,0.54825,0.780062,0.502409,0.243719,0.753303,2,1.506606
India_008670_jpg.rf.8bef76eb90da3bd48ae2244e1470ee99,5,D40,0.473094,0.772311,0.482313,0.234234,0.454579,2,0.909158
India_008670_jpg.rf.8bef76eb90da3bd48ae2244e1470ee99,4,D20,0.596482,0.795107,0.576811,0.208462,0.369474,2,0.738948
India_008670_jpg.rf.8bef76eb90da3bd48ae2244e1470ee99,4,D20,0.514449,0.78675,0.549036,0.225115,0.300101,2,0.600202
India_008670_jpg.rf.8bef76eb90da3bd48ae2244e1470ee99,5,D40,0.447279,0.729636,0.21529,0.0604757,0.286786,2,0.573572
India_008670_jpg.rf.8bef76eb90da3bd48ae2244e1470ee99,5,D40,0.437948,0.740162,0.249464,0.085194,0.266386,2,0.532772
India_008670_jpg.rf.8bef76eb90da3bd48ae2244e1470ee99,5,D40,0.431684,0.789058,0.606755,0.228407,0.242497,2,0.484994
India_008670_jpg.rf.8bef76eb90da3bd48ae2244e1470ee99,5,D40,0.292372,0.867035,0.574917,0.222425,0.210656,2,0.421312
India_008670_jpg.rf.8bef76eb90da3bd48ae2244e1470ee99,5,D40,0.653171,0.786501,0.546847,0.233604,0.204437,2,0.408874
India_008670_jpg.rf.8bef76eb90da3bd48ae2244e1470ee99,5,D40,0.493041,0.729718,0.311946,0.065041,0.203438,2,0.406876
India_008670_jpg.rf.8bef76eb90da3bd48ae2244e1470ee99,4,D20,0.592249,0.798987,0.778167,0.231287,0.19935,2,0.3987
India_008670_jpg.rf.8bef76eb90da3bd48ae2244e1470ee99,4,D20,0.382978,0.823677,0.749203,0.335511,0.196537,2,0.393074
India_008670_jpg.rf.8bef76eb90da3bd48ae2244e1470ee99,5,D40,0.410057,0.746382,0.284486,0.116885,0.180781,2,0.361562
India_008670_jpg.rf.8bef76eb90da3bd48ae2244e1470ee99,4,D20,0.440017,0.870414,0.880035,0.252732,0.170219,2,0.340438
India_008670_jpg.rf.8bef76eb90da3bd48ae2244e1470ee99,5,D40,0.338716,0.815032,0.6064,0.253034,0.169584,2,0.339168
India_008670_jpg.rf.8bef76eb90da3bd48ae2244e1470ee99,5,D40,0.358397,0.746084,0.141594,0.0977653,0.169119,2,0.338238
India_008670_jpg.rf.8bef76eb90da3bd48ae2244e1470ee99,5,D40,0.452246,0.752324,0.33212,0.150403,0.168493,2,0.336986
India_008670_jpg.rf.8bef76eb90da3bd48ae2244e1470ee99,5,D40,0.478849,0.720887,0.368764,0.135278,0.12548,2,0.25096
India_008670_jpg.rf.8bef76eb90da3bd48ae2244e1470ee99,4,D20,0.239099,0.885345,0.473473,0.227176,0.115814,2,0.231628
India_008670_jpg.rf.8bef76eb90da3bd48ae2244e1470ee99,5,D40,0.53074,0.729725,0.371709,0.102459,0.1109,2,0.2218
India_008670_jpg.rf.8bef76eb90da3bd48ae2244e1470ee99,5,D40,0.371887,0.768627,0.133228,0.0652172,0.109392,2,0.218784
India_008670_jpg.rf.8bef76eb90da3bd48ae2244e1470ee99,4,D20,0.457452,0.808674,0.639541,0.19521,0.0945698,2,0.1891396
India_008670_jpg.rf.8bef76eb90da3bd48ae2244e1470ee99,5,D40,0.531857,0.727988,0.333249,0.137545,0.0809694,2,0.1619388
India_008670_jpg.rf.8bef76eb90da3bd48ae2244e1470ee99,4,D20,0.647186,0.808972,0.590296,0.168078,0.0799635,2,0.159927
India_008670_jpg.rf.8bef76eb90da3bd48ae2244e1470ee99,5,D40,0.51995,0.756756,0.420236,0.157958,0.0766593,2,0.1533186
India_008670_jpg.rf.8bef76eb90da3bd48ae2244e1470ee99,5,D40,0.391095,0.76221,0.187333,0.0910217,0.0756042,2,0.1512084
India_008670_jpg.rf.8bef76eb90da3bd48ae2244e1470ee99,5,D40,0.39876,0.736383,0.215007,0.120222,0.0717338,2,0.1434676
India_008670_jpg.rf.8bef76eb90da3bd48ae2244e1470ee99,5,D40,0.259809,0.838369,0.519474,0.319635,0.0598992,2,0.1197984
India_008670_jpg.rf.8bef76eb90da3bd48ae2244e1470ee99,5,D40,0.748326,0.784743,0.494059,0.241696,0.0509846,2,0.1019692
India_008670_jpg.rf.8bef76eb90da3bd48ae2244e1470ee99,5,D40,0.432515,0.761378,0.262655,0.132097,0.0503717,2,0.1007434
India_008679_jpg.rf.12c3a088fabf36eec1e85d7a341c3ba6,7,D44,0.526165,0.820245,0.138046,0.163183,0.523857,3,1.571571
India_008679_jpg.rf.12c3a088fabf36eec1e85d7a341c3ba6,4,D20,0.585713,0.795658,0.763556,0.255329,0.204452,2,0.408904
India_008679_jpg.rf.12c3a088fabf36eec1e85d7a341c3ba6,7,D44,0.513749,0.840996,0.0953031,0.119024,0.0839295,3,0.2517885
India_008680_jpg.rf.ca2ef30c4ff30bfe966c3d599d75d528,4,D20,0.577982,0.877129,0.844036,0.241955,0.758515,2,1.51703
India_008680_jpg.rf.ca2ef30c4ff30bfe966c3d599d75d528,4,D20,0.804255,0.896404,0.391491,0.207191,0.711142,2,1.422284
India_008680_jpg.rf.ca2ef30c4ff30bfe966c3d599d75d528,4,D20,0.857062,0.908428,0.285877,0.183144,0.523795,2,1.04759
India_008680_jpg.rf.ca2ef30c4ff30bfe966c3d599d75d528,7,D44,0.675156,0.931298,0.112748,0.137267,0.422768,3,1.2683039999999999
India_008680_jpg.rf.ca2ef30c4ff30bfe966c3d599d75d528,4,D20,0.699297,0.885519,0.601407,0.228962,0.294219,2,0.588438
India_008680_jpg.rf.ca2ef30c4ff30bfe966c3d599d75d528,4,D20,0.771054,0.868715,0.427314,0.26257,0.289167,2,0.578334
India_008680_jpg.rf.ca2ef30c4ff30bfe966c3d599d75d528,4,D20,0.548779,0.881054,0.400031,0.237893,0.140474,2,0.280948
India_008680_jpg.rf.ca2ef30c4ff30bfe966c3d599d75d528,4,D20,0.671873,0.868794,0.490083,0.262413,0.13303,2,0.26606
India_008680_jpg.rf.ca2ef30c4ff30bfe966c3d599d75d528,5,D40,0.517649,0.856642,0.0949422,0.0476341,0.130672,2,0.261344
India_008680_jpg.rf.ca2ef30c4ff30bfe966c3d599d75d528,4,D20,0.726692,0.905594,0.546616,0.187178,0.111626,2,0.223252
India_008680_jpg.rf.ca2ef30c4ff30bfe966c3d599d75d528,4,D20,0.548589,0.881948,0.564107,0.234417,0.0688798,2,0.1377596
India_008680_jpg.rf.ca2ef30c4ff30bfe966c3d599d75d528,4,D20,0.474309,0.854669,0.932765,0.290662,0.0659182,2,0.1318364
India_008680_jpg.rf.ca2ef30c4ff30bfe966c3d599d75d528,0,D00,0.509801,0.906583,0.10659,0.183475,0.0569874,3,0.1709622
India_008680_jpg.rf.ca2ef30c4ff30bfe966c3d599d75d528,4,D20,0.858588,0.916526,0.210963,0.165806,0.0544236,2,0.1088472
India_008706_jpg.rf.37789d00b41e4bbc51ff028459cbfa81,4,D20,0.413537,0.781094,0.80278,0.226949,0.433605,2,0.86721
India_008706_jpg.rf.37789d00b41e4bbc51ff028459cbfa81,4,D20,0.578061,0.791589,0.488722,0.233385,0.0873568,2,0.1747136
India_008730_jpg.rf.d77e7a97ff02eda6d01bc5f996498269,4,D20,0.184346,0.862054,0.368692,0.275859,0.073318,2,0.146636
India_008743_jpg.rf.30eb95f56620f7acfd6852ddef72991e,7,D44,0.859822,0.904027,0.153186,0.123775,0.253712,3,0.761136
India_008753_jpg.rf.117c33cfa14b22a2a3e347c92488ef06,4,D20,0.515179,0.812981,0.953791,0.248531,0.296824,2,0.593648
India_008753_jpg.rf.117c33cfa14b22a2a3e347c92488ef06,4,D20,0.397924,0.833173,0.778165,0.293148,0.135958,2,0.271916
India_008753_jpg.rf.117c33cfa14b22a2a3e347c92488ef06,4,D20,0.226522,0.854178,0.449389,0.28349,0.0897294,2,0.1794588
India_008753_jpg.rf.117c33cfa14b22a2a3e347c92488ef06,5,D40,0.260372,0.848119,0.504003,0.302245,0.0867024,2,0.1734048
India_008753_jpg.rf.117c33cfa14b22a2a3e347c92488ef06,4,D20,0.59855,0.788344,0.79513,0.224222,0.0562996,2,0.1125992
India_008757_jpg.rf.daacf42a6299a65f2ead82f1c1a435b2,4,D20,0.503046,0.7907,0.96753,0.411425,0.0690742,2,0.1381484
India_008769_jpg.rf.a1e7d44a01ef3ab4896d6a50b23ba3b8,7,D44,0.922342,0.781956,0.154675,0.127572,0.0772559,3,0.23176770000000002
India_008796_jpg.rf.e88dcbf64e8c8504e9bab071bbc9a7a1,7,D44,0.685177,0.820528,0.107311,0.10477,0.322362,3,0.9670859999999999
India_008810_jpg.rf.55cbfb376b4e6f156bd5fa0170782fc4,4,D20,0.795859,0.84988,0.377715,0.277537,0.0746362,2,0.1492724
India_008810_jpg.rf.55cbfb376b4e6f156bd5fa0170782fc4,4,D20,0.73078,0.834033,0.272299,0.293763,0.067812,2,0.135624
India_008810_jpg.rf.55cbfb376b4e6f156bd5fa0170782fc4,4,D20,0.623834,0.850363,0.749727,0.277855,0.0600051,2,0.1200102
India_008828_jpg.rf.0722881cbcffb272c00e85a6056bd476,5,D40,0.68642,0.896346,0.0742808,0.0458862,0.0728455,2,0.145691
India_008832_jpg.rf.d43dd819f303724a7dc99cd3f9a96acd,4,D20,0.55936,0.829767,0.845461,0.260981,0.806158,2,1.612316
India_008832_jpg.rf.d43dd819f303724a7dc99cd3f9a96acd,4,D20,0.69401,0.82844,0.61198,0.265617,0.266152,2,0.532304
India_008832_jpg.rf.d43dd819f303724a7dc99cd3f9a96acd,4,D20,0.809596,0.823336,0.367418,0.240671,0.196047,2,0.392094
India_008832_jpg.rf.d43dd819f303724a7dc99cd3f9a96acd,7,D44,0.825822,0.865997,0.12568,0.143494,0.183315,3,0.549945
India_008832_jpg.rf.d43dd819f303724a7dc99cd3f9a96acd,4,D20,0.508039,0.870116,0.95881,0.259768,0.146808,2,0.293616
India_008832_jpg.rf.d43dd819f303724a7dc99cd3f9a96acd,4,D20,0.396496,0.844871,0.767483,0.301404,0.0861005,2,0.172201
India_008832_jpg.rf.d43dd819f303724a7dc99cd3f9a96acd,4,D20,0.85646,0.834356,0.28708,0.235643,0.0510999,2,0.1021998
India_008889_jpg.rf.b9e15f6a31236e4bb1db367befe32331,4,D20,0.497261,0.828725,0.931786,0.285172,0.700212,2,1.400424
India_008889_jpg.rf.b9e15f6a31236e4bb1db367befe32331,4,D20,0.450468,0.871062,0.898776,0.257875,0.0923115,2,0.184623
India_008890_jpg.rf.cb085ae14603d8b8a67b3fa4a5ba33eb,4,D20,0.460356,0.841516,0.906543,0.297079,0.0733576,2,0.1467152
India_008890_jpg.rf.cb085ae14603d8b8a67b3fa4a5ba33eb,7,D44,0.541722,0.740079,0.140761,0.129046,0.0521715,3,0.1565145
India_008950_jpg.rf.6d46eb247fd1c37bfb2e9b7c44a250fb,5,D40,0.574075,0.848787,0.087075,0.072841,0.149808,2,0.299616
India_008950_jpg.rf.6d46eb247fd1c37bfb2e9b7c44a250fb,5,D40,0.700235,0.929751,0.160884,0.0977652,0.0802963,2,0.1605926
India_008950_jpg.rf.6d46eb247fd1c37bfb2e9b7c44a250fb,4,D20,0.570986,0.883101,0.844254,0.230285,0.0772957,2,0.1545914
India_008950_jpg.rf.6d46eb247fd1c37bfb2e9b7c44a250fb,7,D44,0.591129,0.84044,0.0733785,0.0716194,0.0756078,3,0.2268234
India_008950_jpg.rf.6d46eb247fd1c37bfb2e9b7c44a250fb,5,D40,0.576734,0.840831,0.0972912,0.0940019,0.0726991,2,0.1453982
India_008950_jpg.rf.6d46eb247fd1c37bfb2e9b7c44a250fb,5,D40,0.696891,0.932018,0.327364,0.135964,0.0694641,2,0.1389282
India_008959_jpg.rf.2622f542edbd1c6475c336a44423209b,7,D44,0.413858,0.688129,0.137744,0.119697,0.192633,3,0.5778989999999999
India_008960_jpg.rf.6968aca48b1ccf22e88f9a6a36cf78c9,4,D20,0.51995,0.71671,0.267117,0.242254,0.254349,2,0.508698
India_008960_jpg.rf.6968aca48b1ccf22e88f9a6a36cf78c9,0,D00,0.606976,0.721596,0.0559267,0.19584,0.145258,3,0.435774
India_008960_jpg.rf.6968aca48b1ccf22e88f9a6a36cf78c9,0,D00,0.597152,0.707906,0.0958992,0.230471,0.09427,3,0.28281
India_008960_jpg.rf.6968aca48b1ccf22e88f9a6a36cf78c9,4,D20,0.461379,0.726267,0.401041,0.24207,0.0738677,2,0.1477354
India_008960_jpg.rf.6968aca48b1ccf22e88f9a6a36cf78c9,4,D20,0.414272,0.736326,0.657922,0.252911,0.0721632,2,0.1443264
India_008960_jpg.rf.6968aca48b1ccf22e88f9a6a36cf78c9,4,D20,0.559565,0.713655,0.165576,0.250708,0.0712326,2,0.1424652
India_008973_jpg.rf.1d4495d386e5504f3a9b6cf135983363,7,D44,0.699534,0.93685,0.161373,0.114982,0.65951,3,1.9785300000000001
India_008973_jpg.rf.1d4495d386e5504f3a9b6cf135983363,7,D44,0.684921,0.925739,0.148026,0.0959511,0.0694904,3,0.20847119999999997
India_008973_jpg.rf.1d4495d386e5504f3a9b6cf135983363,7,D44,0.653794,0.910918,0.0898983,0.0513428,0.0684354,3,0.2053062
India_009009_jpg.rf.1802c4186563ef82bee63c1fe9ddb415,5,D40,0.578052,0.730541,0.563465,0.257156,0.522187,2,1.044374
India_009009_jpg.rf.1802c4186563ef82bee63c1fe9ddb415,4,D20,0.542241,0.750871,0.880535,0.261122,0.450295,2,0.90059
India_009009_jpg.rf.1802c4186563ef82bee63c1fe9ddb415,5,D40,0.523284,0.708167,0.521537,0.241513,0.40658,2,0.81316
India_009009_jpg.rf.1802c4186563ef82bee63c1fe9ddb415,5,D40,0.600708,0.692854,0.524984,0.205234,0.386576,2,0.773152
India_009009_jpg.rf.1802c4186563ef82bee63c1fe9ddb415,5,D40,0.656097,0.717127,0.561727,0.217006,0.281697,2,0.563394
India_009009_jpg.rf.1802c4186563ef82bee63c1fe9ddb415,5,D40,0.611945,0.691795,0.183364,0.0669434,0.184967,2,0.369934
India_009009_jpg.rf.1802c4186563ef82bee63c1fe9ddb415,5,D40,0.583361,0.689743,0.24606,0.0865351,0.175011,2,0.350022
India_009009_jpg.rf.1802c4186563ef82bee63c1fe9ddb415,4,D20,0.455455,0.802846,0.898247,0.266869,0.166467,2,0.332934
India_009009_jpg.rf.1802c4186563ef82bee63c1fe9ddb415,5,D40,0.471583,0.737998,0.495801,0.274371,0.140635,2,0.28127
India_009009_jpg.rf.1802c4186563ef82bee63c1fe9ddb415,4,D20,0.38878,0.838242,0.761951,0.306686,0.140304,2,0.280608
India_009009_jpg.rf.1802c4186563ef82bee63c1fe9ddb415,5,D40,0.648791,0.669663,0.162117,0.0953508,0.122955,2,0.24591
India_009009_jpg.rf.1802c4186563ef82bee63c1fe9ddb415,5,D40,0.644662,0.691786,0.111977,0.0513622,0.118383,2,0.236766
India_009009_jpg.rf.1802c4186563ef82bee63c1fe9ddb415,5,D40,0.6009,0.675778,0.26173,0.138596,0.114709,2,0.229418
India_009009_jpg.rf.1802c4186563ef82bee63c1fe9ddb415,5,D40,0.289664,0.834928,0.579329,0.251857,0.104749,2,0.209498
India_009009_jpg.rf.1802c4186563ef82bee63c1fe9ddb415,5,D40,0.332671,0.80575,0.595401,0.203643,0.0953649,2,0.1907298
India_009009_jpg.rf.1802c4186563ef82bee63c1fe9ddb415,5,D40,0.736455,0.73826,0.520661,0.229994,0.0947981,2,0.1895962
India_009009_jpg.rf.1802c4186563ef82bee63c1fe9ddb415,5,D40,0.576862,0.678557,0.334413,0.116409,0.0823072,2,0.1646144
India_009009_jpg.rf.1802c4186563ef82bee63c1fe9ddb415,5,D40,0.385345,0.757165,0.582354,0.240574,0.073152,2,0.146304
India_009009_jpg.rf.1802c4186563ef82bee63c1fe9ddb415,5,D40,0.53035,0.691979,0.379045,0.179121,0.0727623,2,0.1455246
India_009009_jpg.rf.1802c4186563ef82bee63c1fe9ddb415,5,D40,0.582715,0.67248,0.344203,0.162752,0.0722308,2,0.1444616
India_009009_jpg.rf.1802c4186563ef82bee63c1fe9ddb415,4,D20,0.228632,0.859294,0.44811,0.277774,0.0657716,2,0.1315432
India_009009_jpg.rf.1802c4186563ef82bee63c1fe9ddb415,5,D40,0.620546,0.63111,0.0899454,0.0428013,0.061064,2,0.122128
India_009009_jpg.rf.1802c4186563ef82bee63c1fe9ddb415,5,D40,0.551483,0.674991,0.455716,0.17669,0.0547089,2,0.1094178
India_009015_jpg.rf.28586ed87181acab32104c3854712a4f,4,D20,0.508408,0.897341,0.95961,0.204956,0.162662,2,0.325324
India_009018_jpg.rf.ec2386239594932e764c0775ab518237,4,D20,0.570983,0.81201,0.842063,0.29172,0.999108,2,1.998216
India_009018_jpg.rf.ec2386239594932e764c0775ab518237,4,D20,0.650932,0.79501,0.519079,0.313025,0.986528,2,1.973056
India_009018_jpg.rf.ec2386239594932e764c0775ab518237,4,D20,0.572819,0.789355,0.508151,0.336321,0.904378,2,1.808756
India_009018_jpg.rf.ec2386239594932e764c0775ab518237,4,D20,0.730508,0.813261,0.535182,0.286327,0.753132,2,1.506264
India_009018_jpg.rf.ec2386239594932e764c0775ab518237,4,D20,0.458665,0.822528,0.820328,0.337199,0.462278,2,0.924556
India_009018_jpg.rf.ec2386239594932e764c0775ab518237,4,D20,0.499679,0.86425,0.926563,0.246838,0.406133,2,0.812266
India_009018_jpg.rf.ec2386239594932e764c0775ab518237,4,D20,0.585671,0.715749,0.455235,0.226815,0.317059,2,0.634118
India_009018_jpg.rf.ec2386239594932e764c0775ab518237,4,D20,0.802848,0.82864,0.391984,0.268376,0.190401,2,0.380802
India_009018_jpg.rf.ec2386239594932e764c0775ab518237,4,D20,0.484856,0.825363,0.603924,0.258523,0.157152,2,0.314304
India_009018_jpg.rf.ec2386239594932e764c0775ab518237,5,D40,0.498067,0.685947,0.297575,0.092466,0.133378,2,0.266756
India_009018_jpg.rf.ec2386239594932e764c0775ab518237,5,D40,0.471343,0.681507,0.139998,0.0889507,0.132184,2,0.264368
India_009018_jpg.rf.ec2386239594932e764c0775ab518237,5,D40,0.528737,0.675016,0.312967,0.128188,0.130564,2,0.261128
India_009018_jpg.rf.ec2386239594932e764c0775ab518237,5,D40,0.44816,0.697458,0.124685,0.0631872,0.090213,2,0.180426
India_009018_jpg.rf.ec2386239594932e764c0775ab518237,4,D20,0.55008,0.684194,0.316079,0.155004,0.0693271,2,0.1386542
India_009018_jpg.rf.ec2386239594932e764c0775ab518237,5,D40,0.534952,0.68688,0.223824,0.11183,0.0572506,2,0.1145012
India_009018_jpg.rf.ec2386239594932e764c0775ab518237,5,D40,0.566362,0.699377,0.262309,0.174631,0.0528296,2,0.1056592
India_009018_jpg.rf.ec2386239594932e764c0775ab518237,4,D20,0.570769,0.846565,0.563323,0.233116,0.0501344,2,0.1002688
India_009055_jpg.rf.4517f9a4ff8549e3c138f1f28536753d,4,D20,0.507988,0.733887,0.93045,0.266077,0.833918,2,1.667836
India_009055_jpg.rf.4517f9a4ff8549e3c138f1f28536753d,4,D20,0.59268,0.769719,0.809815,0.240865,0.501991,2,1.003982
India_009055_jpg.rf.4517f9a4ff8549e3c138f1f28536753d,4,D20,0.698846,0.755778,0.528557,0.235086,0.264365,2,0.52873
India_009055_jpg.rf.4517f9a4ff8549e3c138f1f28536753d,4,D20,0.644802,0.733672,0.470277,0.254361,0.19734,2,0.39468
India_009055_jpg.rf.4517f9a4ff8549e3c138f1f28536753d,4,D20,0.751759,0.792666,0.489952,0.207804,0.161377,2,0.322754
India_009055_jpg.rf.4517f9a4ff8549e3c138f1f28536753d,4,D20,0.68886,0.791061,0.62228,0.23587,0.113427,2,0.226854
India_009055_jpg.rf.4517f9a4ff8549e3c138f1f28536753d,4,D20,0.51297,0.728292,0.577556,0.244954,0.10014,2,0.20028
India_009055_jpg.rf.4517f9a4ff8549e3c138f1f28536753d,5,D40,0.704899,0.752476,0.537923,0.267441,0.0721319,2,0.1442638
India_009056_jpg.rf.11c0866a88050a036147f4ab2e9fc33b,5,D40,0.455598,0.608606,0.106659,0.0499363,0.0503167,2,0.1006334
India_009075_jpg.rf.c27e433a119853fb6052cd35d17b73cf,4,D20,0.816295,0.822061,0.36741,0.267966,0.501636,2,1.003272
India_009075_jpg.rf.c27e433a119853fb6052cd35d17b73cf,7,D44,0.805019,0.864157,0.166088,0.172143,0.372413,3,1.117239
India_009075_jpg.rf.c27e433a119853fb6052cd35d17b73cf,4,D20,0.6328,0.823743,0.725093,0.28922,0.265646,2,0.531292
India_009075_jpg.rf.c27e433a119853fb6052cd35d17b73cf,7,D44,0.809334,0.881037,0.138963,0.144639,0.157566,3,0.47269800000000006
India_009075_jpg.rf.c27e433a119853fb6052cd35d17b73cf,0,D00,0.800531,0.859254,0.184454,0.186096,0.0509782,3,0.1529346
India_009095_jpg.rf.1f529c40100e236846abecdcc0af8f52,4,D20,0.417082,0.846473,0.825171,0.307053,0.683346,2,1.366692
India_009095_jpg.rf.1f529c40100e236846abecdcc0af8f52,4,D20,0.180901,0.871561,0.35629,0.256877,0.0612619,2,0.1225238
India_009095_jpg.rf.1f529c40100e236846abecdcc0af8f52,4,D20,0.297601,0.858214,0.595201,0.283573,0.0580749,2,0.1161498
India_009122_jpg.rf.66ff976b8e52824ebd130635212d68c8,4,D20,0.310259,0.820577,0.607629,0.282476,0.962389,2,1.924778
India_009122_jpg.rf.66ff976b8e52824ebd130635212d68c8,4,D20,0.424124,0.827079,0.782189,0.280539,0.800865,2,1.60173
India_009122_jpg.rf.66ff976b8e52824ebd130635212d68c8,4,D20,0.39392,0.815276,0.346109,0.214126,0.559475,2,1.11895
India_009122_jpg.rf.66ff976b8e52824ebd130635212d68c8,4,D20,0.345621,0.827001,0.492393,0.215294,0.371357,2,0.742714
India_009122_jpg.rf.66ff976b8e52824ebd130635212d68c8,5,D40,0.430629,0.760079,0.0624261,0.0371791,0.143457,2,0.286914
India_009122_jpg.rf.66ff976b8e52824ebd130635212d68c8,4,D20,0.356721,0.86543,0.713442,0.243662,0.104574,2,0.209148
India_009122_jpg.rf.66ff976b8e52824ebd130635212d68c8,4,D20,0.468304,0.794838,0.178795,0.166387,0.0778546,2,0.1557092
India_009122_jpg.rf.66ff976b8e52824ebd130635212d68c8,5,D40,0.442831,0.771302,0.0996084,0.0866217,0.0676341,2,0.1352682
India_009122_jpg.rf.66ff976b8e52824ebd130635212d68c8,4,D20,0.439492,0.793863,0.354563,0.220972,0.0633322,2,0.1266644
India_009151_jpg.rf.9b52ed6fb7f9b6fc12a78bd0304da2ef,5,D40,0.572254,0.712603,0.0843464,0.0433214,0.211562,2,0.423124
India_009151_jpg.rf.9b52ed6fb7f9b6fc12a78bd0304da2ef,5,D40,0.580489,0.713083,0.0926195,0.0549131,0.185788,2,0.371576
India_009151_jpg.rf.9b52ed6fb7f9b6fc12a78bd0304da2ef,5,D40,0.586901,0.712234,0.105624,0.0708828,0.0944618,2,0.1889236
India_009151_jpg.rf.9b52ed6fb7f9b6fc12a78bd0304da2ef,5,D40,0.590901,0.702111,0.121278,0.0767095,0.0578899,2,0.1157798
India_009152_jpg.rf.d80d6a25d675b8e87a535067a3b3e1e9,7,D44,0.914404,0.872749,0.166139,0.113084,0.190415,3,0.571245
India_009152_jpg.rf.d80d6a25d675b8e87a535067a3b3e1e9,7,D44,0.344987,0.911706,0.101799,0.137813,0.0561877,3,0.1685631
India_009167_jpg.rf.d6728513930e69902b70b66f8ef1d60b,4,D20,0.43761,0.731746,0.758694,0.248771,0.871207,2,1.742414
India_009167_jpg.rf.d6728513930e69902b70b66f8ef1d60b,4,D20,0.479256,0.746017,0.481454,0.205812,0.595568,2,1.191136
India_009167_jpg.rf.d6728513930e69902b70b66f8ef1d60b,4,D20,0.45982,0.730256,0.369818,0.225428,0.327126,2,0.654252
India_009167_jpg.rf.d6728513930e69902b70b66f8ef1d60b,4,D20,0.523645,0.73688,0.215123,0.181459,0.114115,2,0.22823
India_009167_jpg.rf.d6728513930e69902b70b66f8ef1d60b,4,D20,0.445236,0.757359,0.409125,0.167305,0.0686562,2,0.1373124
India_009167_jpg.rf.d6728513930e69902b70b66f8ef1d60b,4,D20,0.603427,0.735892,0.479353,0.202239,0.0606741,2,0.1213482
India_009167_jpg.rf.d6728513930e69902b70b66f8ef1d60b,0,D00,0.479565,0.712967,0.0900825,0.220965,0.0597198,3,0.17915940000000002
India_009167_jpg.rf.d6728513930e69902b70b66f8ef1d60b,4,D20,0.371815,0.756617,0.546877,0.190779,0.0584138,2,0.1168276
India_009172_jpg.rf.5156d50fe286201204da415f59e20269,4,D20,0.433155,0.842967,0.835541,0.292934,0.45455,2,0.9091
India_009173_jpg.rf.ec3a16264e74e56e9a7e0c9f86a58725,5,D40,0.301883,0.461814,0.503795,0.241779,0.370631,2,0.741262
India_009173_jpg.rf.ec3a16264e74e56e9a7e0c9f86a58725,4,D20,0.402174,0.47171,0.774476,0.234954,0.157159,2,0.314318
India_009173_jpg.rf.ec3a16264e74e56e9a7e0c9f86a58725,5,D40,0.353801,0.391718,0.175793,0.0756398,0.118355,2,0.23671
India_009173_jpg.rf.ec3a16264e74e56e9a7e0c9f86a58725,5,D40,0.435277,0.415227,0.188941,0.0893233,0.10822,2,0.21644
India_009173_jpg.rf.ec3a16264e74e56e9a7e0c9f86a58725,5,D40,0.385566,0.396488,0.237112,0.0827639,0.106616,2,0.213232
India_009173_jpg.rf.ec3a16264e74e56e9a7e0c9f86a58725,4,D20,0.32389,0.475811,0.497888,0.225626,0.10021,2,0.20042
India_009173_jpg.rf.ec3a16264e74e56e9a7e0c9f86a58725,4,D20,0.386352,0.463037,0.329723,0.209572,0.096568,2,0.193136
India_009173_jpg.rf.ec3a16264e74e56e9a7e0c9f86a58725,5,D40,0.484257,0.425104,0.0783259,0.0547747,0.0862542,2,0.1725084
India_009173_jpg.rf.ec3a16264e74e56e9a7e0c9f86a58725,5,D40,0.406362,0.412983,0.256103,0.114164,0.0848812,2,0.1697624
India_009173_jpg.rf.ec3a16264e74e56e9a7e0c9f86a58725,5,D40,0.411914,0.446986,0.266277,0.185399,0.0749116,2,0.1498232
India_009173_jpg.rf.ec3a16264e74e56e9a7e0c9f86a58725,5,D40,0.418834,0.911374,0.615923,0.175532,0.0693664,2,0.1387328
India_009173_jpg.rf.ec3a16264e74e56e9a7e0c9f86a58725,5,D40,0.370946,0.407758,0.319803,0.143106,0.0599855,2,0.119971
India_009214_jpg.rf.5cc9b4758e66cab6469823cdcb061af4,4,D20,0.552758,0.835636,0.847934,0.262009,0.966186,2,1.932372
India_009214_jpg.rf.5cc9b4758e66cab6469823cdcb061af4,4,D20,0.651258,0.829998,0.449947,0.25899,0.846831,2,1.693662
India_009214_jpg.rf.5cc9b4758e66cab6469823cdcb061af4,4,D20,0.719288,0.854635,0.475304,0.219988,0.540141,2,1.080282
India_009214_jpg.rf.5cc9b4758e66cab6469823cdcb061af4,4,D20,0.504935,0.871275,0.949919,0.25745,0.454757,2,0.909514
India_009214_jpg.rf.5cc9b4758e66cab6469823cdcb061af4,4,D20,0.5663,0.858023,0.622408,0.221892,0.237275,2,0.47455
India_009214_jpg.rf.5cc9b4758e66cab6469823cdcb061af4,4,D20,0.689428,0.8558,0.621144,0.25705,0.215698,2,0.431396
India_009214_jpg.rf.5cc9b4758e66cab6469823cdcb061af4,4,D20,0.605261,0.835384,0.298802,0.232275,0.0681045,2,0.136209
India_009215_jpg.rf.4403c882feb1a467b8b73f5d865d41c1,4,D20,0.737565,0.804385,0.384339,0.212716,0.357792,2,0.715584
India_009215_jpg.rf.4403c882feb1a467b8b73f5d865d41c1,4,D20,0.684991,0.813288,0.348633,0.172826,0.281135,2,0.56227
India_009215_jpg.rf.4403c882feb1a467b8b73f5d865d41c1,5,D40,0.599969,0.825721,0.0897241,0.127063,0.227026,2,0.454052
India_009215_jpg.rf.4403c882feb1a467b8b73f5d865d41c1,4,D20,0.650382,0.81974,0.194503,0.139391,0.191962,2,0.383924
India_009215_jpg.rf.4403c882feb1a467b8b73f5d865d41c1,5,D40,0.637318,0.822415,0.164254,0.135103,0.118746,2,0.237492
India_009215_jpg.rf.4403c882feb1a467b8b73f5d865d41c1,4,D20,0.629541,0.805874,0.72781,0.240168,0.102238,2,0.204476
India_009215_jpg.rf.4403c882feb1a467b8b73f5d865d41c1,4,D20,0.596788,0.808921,0.608292,0.180416,0.0961262,2,0.1922524
India_009215_jpg.rf.4403c882feb1a467b8b73f5d865d41c1,0,D00,0.596462,0.826895,0.0695827,0.121065,0.0835113,3,0.2505339
India_009225_jpg.rf.1d69c5cf9ef58ff50aca2cbea01f35b5,4,D20,0.496753,0.831373,0.903282,0.278358,0.333842,2,0.667684
India_009225_jpg.rf.1d69c5cf9ef58ff50aca2cbea01f35b5,4,D20,0.376237,0.868306,0.736378,0.263039,0.194803,2,0.389606
India_009225_jpg.rf.1d69c5cf9ef58ff50aca2cbea01f35b5,5,D40,0.508442,0.786365,0.380438,0.300982,0.116857,2,0.233714
India_009225_jpg.rf.1d69c5cf9ef58ff50aca2cbea01f35b5,4,D20,0.305548,0.895501,0.569229,0.208999,0.101304,2,0.202608
India_009225_jpg.rf.1d69c5cf9ef58ff50aca2cbea01f35b5,5,D40,0.529625,0.722967,0.182338,0.120943,0.100114,2,0.200228
India_009225_jpg.rf.1d69c5cf9ef58ff50aca2cbea01f35b5,5,D40,0.521604,0.728334,0.287094,0.140701,0.0843211,2,0.1686422
India_009225_jpg.rf.1d69c5cf9ef58ff50aca2cbea01f35b5,4,D20,0.581214,0.7931,0.527046,0.254918,0.0605744,2,0.1211488
India_009225_jpg.rf.1d69c5cf9ef58ff50aca2cbea01f35b5,4,D20,0.235895,0.869227,0.471789,0.258549,0.0506665,2,0.101333
India_009240_jpg.rf.3b820e71f452265baed2bb6973705819,4,D20,0.64853,0.792679,0.298659,0.234016,0.463607,2,0.927214
India_009240_jpg.rf.3b820e71f452265baed2bb6973705819,4,D20,0.642743,0.779875,0.392101,0.244249,0.114614,2,0.229228
India_009240_jpg.rf.3b820e71f452265baed2bb6973705819,4,D20,0.7054,0.803405,0.55269,0.246717,0.0725059,2,0.1450118
India_009283_jpg.rf.0dd7ad3cde6b1125d577ee5ede4dfafd,4,D20,0.410385,0.744165,0.805313,0.270255,0.168823,2,0.337646
India_009283_jpg.rf.0dd7ad3cde6b1125d577ee5ede4dfafd,5,D40,0.695418,0.801082,0.170478,0.10679,0.0695933,2,0.1391866
India_009283_jpg.rf.0dd7ad3cde6b1125d577ee5ede4dfafd,5,D40,0.6911,0.794421,0.191919,0.154374,0.0582533,2,0.1165066
India_009283_jpg.rf.0dd7ad3cde6b1125d577ee5ede4dfafd,5,D40,0.27329,0.757397,0.546579,0.30473,0.0520862,2,0.1041724
India_009299_jpg.rf.1ad94ea63f6d94b458c3b2880f3790e0,4,D20,0.540519,0.893463,0.902278,0.212403,0.113956,2,0.227912
India_009299_jpg.rf.1ad94ea63f6d94b458c3b2880f3790e0,5,D40,0.672833,0.812742,0.0960398,0.0483822,0.0543889,2,0.1087778
India_009306_jpg.rf.27cd62b32652a02c5312ee05a00de085,4,D20,0.330456,0.888878,0.660912,0.221665,0.849482,2,1.698964
India_009306_jpg.rf.27cd62b32652a02c5312ee05a00de085,4,D20,0.42666,0.873171,0.846418,0.253659,0.818056,2,1.636112
India_009306_jpg.rf.27cd62b32652a02c5312ee05a00de085,4,D20,0.238643,0.883169,0.477286,0.233663,0.325702,2,0.651404
India_009306_jpg.rf.27cd62b32652a02c5312ee05a00de085,4,D20,0.161844,0.878003,0.323687,0.243995,0.245966,2,0.491932
India_009306_jpg.rf.27cd62b32652a02c5312ee05a00de085,4,D20,0.371579,0.917224,0.743158,0.165552,0.118615,2,0.23723
India_009306_jpg.rf.27cd62b32652a02c5312ee05a00de085,4,D20,0.425727,0.9005,0.617758,0.199,0.0882793,2,0.1765586
India_009306_jpg.rf.27cd62b32652a02c5312ee05a00de085,4,D20,0.291402,0.909501,0.569696,0.180998,0.0775665,2,0.155133
India_009306_jpg.rf.27cd62b32652a02c5312ee05a00de085,5,D40,0.437599,0.857605,0.59372,0.274865,0.0542374,2,0.1084748
India_009306_jpg.rf.27cd62b32652a02c5312ee05a00de085,4,D20,0.582838,0.852631,0.759873,0.269814,0.0520076,2,0.1040152
India_009358_jpg.rf.0921bf738bfbacdd4a6bcc574d7c6fe5,4,D20,0.703831,0.791359,0.410959,0.217723,0.751339,2,1.502678
India_009358_jpg.rf.0921bf738bfbacdd4a6bcc574d7c6fe5,4,D20,0.747053,0.81148,0.500423,0.193041,0.736946,2,1.473892
India_009358_jpg.rf.0921bf738bfbacdd4a6bcc574d7c6fe5,4,D20,0.622581,0.780811,0.254541,0.234019,0.717078,2,1.434156
India_009358_jpg.rf.0921bf738bfbacdd4a6bcc574d7c6fe5,4,D20,0.67138,0.801412,0.611731,0.225407,0.406475,2,0.81295
India_009358_jpg.rf.0921bf738bfbacdd4a6bcc574d7c6fe5,4,D20,0.869302,0.830212,0.261397,0.181931,0.172993,2,0.345986
India_009358_jpg.rf.0921bf738bfbacdd4a6bcc574d7c6fe5,4,D20,0.556243,0.803343,0.865964,0.227088,0.17265,2,0.3453
India_009358_jpg.rf.0921bf738bfbacdd4a6bcc574d7c6fe5,4,D20,0.566605,0.781651,0.70802,0.230433,0.0977818,2,0.1955636
India_009358_jpg.rf.0921bf738bfbacdd4a6bcc574d7c6fe5,4,D20,0.591755,0.773963,0.184581,0.225743,0.0934193,2,0.1868386
India_009358_jpg.rf.0921bf738bfbacdd4a6bcc574d7c6fe5,0,D00,0.558859,0.778596,0.10187,0.21793,0.0844789,3,0.25343669999999996
India_009358_jpg.rf.0921bf738bfbacdd4a6bcc574d7c6fe5,4,D20,0.649905,0.796464,0.31456,0.193407,0.0771935,2,0.154387
India_009401_jpg.rf.bbe6aa6ddafe81486fdfba1edba761ab,4,D20,0.45102,0.890458,0.902041,0.216586,0.737213,2,1.474426
India_009401_jpg.rf.bbe6aa6ddafe81486fdfba1edba761ab,4,D20,0.217385,0.875642,0.42927,0.248717,0.249725,2,0.49945
India_009401_jpg.rf.bbe6aa6ddafe81486fdfba1edba761ab,5,D40,0.251736,0.877185,0.483179,0.24563,0.206082,2,0.412164
India_009401_jpg.rf.bbe6aa6ddafe81486fdfba1edba761ab,4,D20,0.331841,0.868667,0.663682,0.256839,0.201544,2,0.403088
India_009401_jpg.rf.bbe6aa6ddafe81486fdfba1edba761ab,4,D20,0.583244,0.884746,0.714459,0.230508,0.0902608,2,0.1805216
India_009401_jpg.rf.bbe6aa6ddafe81486fdfba1edba761ab,5,D40,0.357769,0.873016,0.57644,0.242665,0.0549217,2,0.1098434
India_009442_jpg.rf.d062a3dc8c5e126a4e5420021be9e9ff,4,D20,0.483444,0.745901,0.933436,0.484116,0.0845811,2,0.1691622
India_009467_jpg.rf.6a50314d653ad091759f639af8573cb0,7,D44,0.7735,0.916046,0.171521,0.167054,0.161751,3,0.48525300000000005
India_009467_jpg.rf.6a50314d653ad091759f639af8573cb0,4,D20,0.786826,0.881085,0.249688,0.237577,0.110724,2,0.221448
India_009467_jpg.rf.6a50314d653ad091759f639af8573cb0,4,D20,0.587545,0.87952,0.82491,0.239758,0.0752854,2,0.1505708
India_009467_jpg.rf.6a50314d653ad091759f639af8573cb0,4,D20,0.744125,0.878365,0.35443,0.24327,0.0717027,2,0.1434054
India_009505_jpg.rf.c3a8110e5a9c3648324ab871f9fcc1b4,4,D20,0.753316,0.800795,0.405254,0.235052,0.975285,2,1.95057
India_009505_jpg.rf.c3a8110e5a9c3648324ab871f9fcc1b4,4,D20,0.781959,0.826736,0.436082,0.235767,0.779174,2,1.558348
India_009505_jpg.rf.c3a8110e5a9c3648324ab871f9fcc1b4,0,D00,0.623915,0.818892,0.0966505,0.161754,0.625247,3,1.875741
India_009505_jpg.rf.c3a8110e5a9c3648324ab871f9fcc1b4,4,D20,0.815357,0.843654,0.355411,0.231344,0.53577,2,1.07154
India_009505_jpg.rf.c3a8110e5a9c3648324ab871f9fcc1b4,4,D20,0.713807,0.821639,0.567959,0.258911,0.502446,2,1.004892
India_009505_jpg.rf.c3a8110e5a9c3648324ab871f9fcc1b4,4,D20,0.696223,0.778544,0.309741,0.23688,0.361459,2,0.722918
India_009505_jpg.rf.c3a8110e5a9c3648324ab871f9fcc1b4,0,D00,0.608987,0.800162,0.112386,0.200771,0.273519,3,0.820557
India_009505_jpg.rf.c3a8110e5a9c3648324ab871f9fcc1b4,4,D20,0.854324,0.85829,0.291352,0.226115,0.215534,2,0.431068
India_009505_jpg.rf.c3a8110e5a9c3648324ab871f9fcc1b4,7,D44,0.794805,0.833882,0.200888,0.183039,0.193066,3,0.579198
India_009505_jpg.rf.c3a8110e5a9c3648324ab871f9fcc1b4,0,D00,0.625141,0.836595,0.0697551,0.126304,0.166526,3,0.499578
India_009505_jpg.rf.c3a8110e5a9c3648324ab871f9fcc1b4,4,D20,0.619343,0.800171,0.114072,0.184888,0.130583,2,0.261166
India_009505_jpg.rf.c3a8110e5a9c3648324ab871f9fcc1b4,4,D20,0.606725,0.814073,0.78655,0.235107,0.104431,2,0.208862
India_009505_jpg.rf.c3a8110e5a9c3648324ab871f9fcc1b4,4,D20,0.666292,0.801313,0.224639,0.178989,0.0767775,2,0.153555
India_009505_jpg.rf.c3a8110e5a9c3648324ab871f9fcc1b4,4,D20,0.775323,0.864302,0.449353,0.242187,0.0699452,2,0.1398904
India_009505_jpg.rf.c3a8110e5a9c3648324ab871f9fcc1b4,7,D44,0.61105,0.801274,0.111301,0.175166,0.0613384,3,0.1840152
India_009510_jpg.rf.076b8850ad7c6d1d3432207ab4530e31,4,D20,0.403165,0.729904,0.790757,0.258526,0.941757,2,1.883514
India_009510_jpg.rf.076b8850ad7c6d1d3432207ab4530e31,4,D20,0.451868,0.767048,0.84918,0.20936,0.20056,2,0.40112
India_009510_jpg.rf.076b8850ad7c6d1d3432207ab4530e31,4,D20,0.501119,0.738595,0.53181,0.229264,0.113685,2,0.22737
India_009510_jpg.rf.076b8850ad7c6d1d3432207ab4530e31,5,D40,0.404966,0.738856,0.55652,0.212547,0.065805,2,0.13161
India_009510_jpg.rf.076b8850ad7c6d1d3432207ab4530e31,5,D40,0.3352,0.753036,0.598792,0.218125,0.0526858,2,0.1053716
India_009522_jpg.rf.24bf68ba64ebf25d98da677f7f122141,4,D20,0.50313,0.886677,0.959874,0.225253,0.565593,2,1.131186
India_009525_jpg.rf.ecaaa3814910606c930334152ee30818,4,D20,0.476928,0.840619,0.939651,0.308022,0.0730289,2,0.1460578
India_009538_jpg.rf.90d812a8af95e872a7462a6aa4cfc0af,4,D20,0.755009,0.723815,0.232879,0.201624,0.102814,2,0.205628
India_009593_jpg.rf.6727fc3b2b650953d9b752ebaa10c6da,4,D20,0.672377,0.859841,0.430783,0.25771,0.191894,2,0.383788
India_009593_jpg.rf.6727fc3b2b650953d9b752ebaa10c6da,4,D20,0.504523,0.848239,0.943926,0.287201,0.107935,2,0.21587
India_009593_jpg.rf.6727fc3b2b650953d9b752ebaa10c6da,5,D40,0.420303,0.771492,0.0775089,0.0480007,0.0898843,2,0.1797686
India_009593_jpg.rf.6727fc3b2b650953d9b752ebaa10c6da,4,D20,0.612274,0.850312,0.345407,0.269798,0.0795518,2,0.1591036
India_009633_jpg.rf.467896850440c350a34b0fa02ed2a776,4,D20,0.552991,0.814718,0.740568,0.291633,0.991295,2,1.98259
India_009633_jpg.rf.467896850440c350a34b0fa02ed2a776,4,D20,0.629348,0.81598,0.500584,0.302637,0.990111,2,1.980222
India_009633_jpg.rf.467896850440c350a34b0fa02ed2a776,4,D20,0.696142,0.829054,0.396166,0.282364,0.928093,2,1.856186
India_009633_jpg.rf.467896850440c350a34b0fa02ed2a776,4,D20,0.521771,0.808353,0.471058,0.318249,0.301081,2,0.602162
India_009633_jpg.rf.467896850440c350a34b0fa02ed2a776,4,D20,0.560448,0.860691,0.879105,0.242757,0.168585,2,0.33717
India_009633_jpg.rf.467896850440c350a34b0fa02ed2a776,4,D20,0.45325,0.812539,0.858179,0.344889,0.134071,2,0.268142
India_009633_jpg.rf.467896850440c350a34b0fa02ed2a776,4,D20,0.696729,0.854852,0.3097,0.250373,0.120683,2,0.241366
India_009633_jpg.rf.467896850440c350a34b0fa02ed2a776,4,D20,0.770436,0.836326,0.459127,0.289281,0.101898,2,0.203796
India_009633_jpg.rf.467896850440c350a34b0fa02ed2a776,0,D00,0.635855,0.823325,0.176128,0.254184,0.0589058,3,0.1767174
India_009633_jpg.rf.467896850440c350a34b0fa02ed2a776,0,D00,0.663874,0.884265,0.0526232,0.14933,0.0556474,3,0.16694219999999999
India_009633_jpg.rf.467896850440c350a34b0fa02ed2a776,0,D00,0.643981,0.84514,0.0886099,0.213932,0.0553341,3,0.1660023
India_009660_jpg.rf.abeb7e963506f1c9edcf8e6a91254b64,4,D20,0.513511,0.855136,0.917583,0.272901,0.859302,2,1.718604
India_009660_jpg.rf.abeb7e963506f1c9edcf8e6a91254b64,4,D20,0.462845,0.888354,0.909461,0.222243,0.618759,2,1.237518
India_009660_jpg.rf.abeb7e963506f1c9edcf8e6a91254b64,4,D20,0.457185,0.891611,0.580923,0.216779,0.186587,2,0.373174
India_009660_jpg.rf.abeb7e963506f1c9edcf8e6a91254b64,5,D40,0.628774,0.826746,0.563931,0.256923,0.186262,2,0.372524
India_009660_jpg.rf.abeb7e963506f1c9edcf8e6a91254b64,4,D20,0.687402,0.844163,0.625196,0.268144,0.114226,2,0.228452
India_009660_jpg.rf.abeb7e963506f1c9edcf8e6a91254b64,4,D20,0.356395,0.901155,0.571922,0.197689,0.106494,2,0.212988
India_009660_jpg.rf.abeb7e963506f1c9edcf8e6a91254b64,4,D20,0.583704,0.845255,0.607386,0.232993,0.100778,2,0.201556
India_009660_jpg.rf.abeb7e963506f1c9edcf8e6a91254b64,5,D40,0.74945,0.830558,0.498713,0.256424,0.0864886,2,0.1729772
India_009660_jpg.rf.abeb7e963506f1c9edcf8e6a91254b64,5,D40,0.533971,0.836224,0.56489,0.270386,0.0840789,2,0.1681578
India_009660_jpg.rf.abeb7e963506f1c9edcf8e6a91254b64,4,D20,0.577625,0.878601,0.653572,0.212165,0.0785026,2,0.1570052
India_009660_jpg.rf.abeb7e963506f1c9edcf8e6a91254b64,4,D20,0.348195,0.905721,0.360217,0.186345,0.0577536,2,0.1155072
India_009660_jpg.rf.abeb7e963506f1c9edcf8e6a91254b64,4,D20,0.481381,0.913445,0.683894,0.173109,0.0502474,2,0.1004948
India_009660_jpg.rf.abeb7e963506f1c9edcf8e6a91254b64,4,D20,0.384601,0.915722,0.769202,0.168555,0.050135,2,0.10027
India_009771_jpg.rf.2eb40f2fc922e3d740eef1b22e4a652f,4,D20,0.41969,0.766186,0.802353,0.263331,0.0636725,2,0.127345
India_009791_jpg.rf.5fb0735d44e1db4bc40e29a6fead7c24,5,D40,0.514505,0.789655,0.154022,0.083687,0.0686923,2,0.1373846
India_009791_jpg.rf.5fb0735d44e1db4bc40e29a6fead7c24,5,D40,0.540852,0.800078,0.0998922,0.0421914,0.0590921,2,0.1181842
India_009791_jpg.rf.5fb0735d44e1db4bc40e29a6fead7c24,5,D40,0.542764,0.788148,0.0997883,0.0641051,0.0583631,2,0.1167262
India_009791_jpg.rf.5fb0735d44e1db4bc40e29a6fead7c24,5,D40,0.486773,0.806882,0.209099,0.081473,0.0583103,2,0.1166206
